2026-03-30 16:10:54 | INFO | Starting scrape for 6 seeds
2026-03-30 16:10:54 | DEBUG | Starting new HTTPS connection (1): www.w3schools.com:443
2026-03-30 16:10:56 | DEBUG | https://www.w3schools.com:443 "GET /html/ HTTP/1.1" 200 46267
2026-03-30 16:10:57 | DEBUG | Starting new HTTPS connection (1): www.w3schools.com:443
2026-03-30 16:11:00 | DEBUG | https://www.w3schools.com:443 "GET /css/ HTTP/1.1" 200 46975
2026-03-30 16:11:01 | DEBUG | Starting new HTTPS connection (1): www.w3schools.com:443
2026-03-30 16:11:02 | DEBUG | https://www.w3schools.com:443 "GET /js/ HTTP/1.1" 200 46468
2026-03-30 16:11:04 | DEBUG | Starting new HTTPS connection (1): www.w3schools.com:443
2026-03-30 16:11:05 | DEBUG | https://www.w3schools.com:443 "GET /python/ HTTP/1.1" 200 47294
2026-03-30 16:11:06 | DEBUG | Starting new HTTPS connection (1): www.w3schools.com:443
2026-03-30 16:11:07 | DEBUG | https://www.w3schools.com:443 "GET /sql/ HTTP/1.1" 200 47201
2026-03-30 16:11:08 | DEBUG | Starting new HTTPS connection (1): www.w3schools.com:443
2026-03-30 16:11:09 | DEBUG | https://www.w3schools.com:443 "GET /react/ HTTP/1.1" 200 43912
2026-03-30 16:11:11 | DEBUG | Starting new HTTPS connection (1): www.w3schools.com:443
2026-03-30 16:11:13 | DEBUG | https://www.w3schools.com:443 "GET /css/css_rwd_intro.asp HTTP/1.1" 200 43009
2026-03-30 16:11:14 | DEBUG | Starting new HTTPS connection (1): www.w3schools.com:443
2026-03-30 16:11:15 | DEBUG | https://www.w3schools.com:443 "GET /python/python_ml_getting_started.asp HTTP/1.1" 200 44556
2026-03-30 16:11:16 | DEBUG | Starting new HTTPS connection (1): www.w3schools.com:443
2026-03-30 16:11:18 | DEBUG | https://www.w3schools.com:443 "GET /js/js_json_intro.asp HTTP/1.1" 301 85
2026-03-30 16:11:18 | DEBUG | https://www.w3schools.com:443 "GET /js/js_json.asp HTTP/1.1" 200 44001
2026-03-30 16:11:19 | DEBUG | Starting new HTTPS connection (1): www.w3schools.com:443
2026-03-30 16:11:20 | DEBUG | https://www.w3schools.com:443 "GET /js/js_ajax_intro.asp HTTP/1.1" 200 43432
2026-03-30 16:11:21 | DEBUG | Starting new HTTPS connection (1): www.w3schools.com:443
2026-03-30 16:11:23 | DEBUG | https://www.w3schools.com:443 "GET /python/python_reference.asp HTTP/1.1" 200 43409
2026-03-30 16:11:24 | DEBUG | Starting new HTTPS connection (1): www.w3schools.com:443
2026-03-30 16:11:26 | DEBUG | https://www.w3schools.com:443 "GET /sql/sql_ref_keywords.asp HTTP/1.1" 200 45068
2026-03-30 16:11:27 | DEBUG | Starting new HTTPS connection (1): www.w3schools.com:443
2026-03-30 16:11:28 | DEBUG | https://www.w3schools.com:443 "GET /html/html_challenges.asp HTTP/1.1" 200 44007
2026-03-30 16:11:29 | DEBUG | Starting new HTTPS connection (1): www.w3schools.com:443
2026-03-30 16:11:31 | DEBUG | https://www.w3schools.com:443 "GET /css/css_challenges.asp HTTP/1.1" 200 46341
2026-03-30 16:11:33 | DEBUG | Starting new HTTPS connection (1): www.w3schools.com:443
2026-03-30 16:11:34 | DEBUG | https://www.w3schools.com:443 "GET /python/python_challenges.asp HTTP/1.1" 200 46947
2026-03-30 16:11:35 | DEBUG | Starting new HTTPS connection (1): www.w3schools.com:443
2026-03-30 16:11:36 | DEBUG | https://www.w3schools.com:443 "GET /html/html_intro.asp HTTP/1.1" 200 42458
2026-03-30 16:11:37 | DEBUG | Starting new HTTPS connection (1): www.w3schools.com:443
2026-03-30 16:11:39 | DEBUG | https://www.w3schools.com:443 "GET /html/html_editors.asp HTTP/1.1" 200 42160
2026-03-30 16:11:40 | DEBUG | Starting new HTTPS connection (1): www.w3schools.com:443
2026-03-30 16:11:42 | DEBUG | https://www.w3schools.com:443 "GET /html/html_basic.asp HTTP/1.1" 200 41520
2026-03-30 16:11:43 | DEBUG | Starting new HTTPS connection (1): www.w3schools.com:443
2026-03-30 16:11:45 | DEBUG | https://www.w3schools.com:443 "GET /html/html_challenges_basic.asp HTTP/1.1" 200 44013
2026-03-30 16:11:47 | DEBUG | Starting new HTTPS connection (1): www.w3schools.com:443
2026-03-30 16:11:48 | DEBUG | https://www.w3schools.com:443 "GET /html/html_elements.asp HTTP/1.1" 200 42186
2026-03-30 16:11:50 | DEBUG | Starting new HTTPS connection (1): www.w3schools.com:443
2026-03-30 16:11:52 | DEBUG | https://www.w3schools.com:443 "GET /html/html_challenges_elements.asp HTTP/1.1" 200 44025
2026-03-30 16:11:53 | DEBUG | Starting new HTTPS connection (1): www.w3schools.com:443
2026-03-30 16:11:54 | DEBUG | https://www.w3schools.com:443 "GET /html/html_attributes.asp HTTP/1.1" 200 43053
2026-03-30 16:11:55 | DEBUG | Starting new HTTPS connection (1): www.w3schools.com:443
2026-03-30 16:11:56 | DEBUG | https://www.w3schools.com:443 "GET /html/html_challenges_attributes.asp HTTP/1.1" 200 44020
2026-03-30 16:11:58 | DEBUG | Starting new HTTPS connection (1): www.w3schools.com:443
2026-03-30 16:11:59 | DEBUG | https://www.w3schools.com:443 "GET /html/html_headings.asp HTTP/1.1" 200 41728
2026-03-30 16:12:00 | DEBUG | Starting new HTTPS connection (1): www.w3schools.com:443
2026-03-30 16:12:01 | DEBUG | https://www.w3schools.com:443 "GET /html/html_challenges_headings.asp HTTP/1.1" 200 44023
2026-03-30 16:12:03 | DEBUG | Starting new HTTPS connection (1): www.w3schools.com:443
2026-03-30 16:12:04 | DEBUG | https://www.w3schools.com:443 "GET /html/html_paragraphs.asp HTTP/1.1" 200 41866
2026-03-30 16:12:05 | DEBUG | Starting new HTTPS connection (1): www.w3schools.com:443
2026-03-30 16:12:06 | DEBUG | https://www.w3schools.com:443 "GET /html/html_challenges_paragraphs.asp HTTP/1.1" 200 44037
2026-03-30 16:12:07 | DEBUG | Starting new HTTPS connection (1): www.w3schools.com:443
2026-03-30 16:12:08 | DEBUG | https://www.w3schools.com:443 "GET /html/html_styles.asp HTTP/1.1" 200 41510
2026-03-30 16:12:10 | DEBUG | Starting new HTTPS connection (1): www.w3schools.com:443
2026-03-30 16:12:11 | DEBUG | https://www.w3schools.com:443 "GET /html/html_challenges_styles.asp HTTP/1.1" 200 44018
2026-03-30 16:12:12 | DEBUG | Starting new HTTPS connection (1): www.w3schools.com:443
2026-03-30 16:12:13 | DEBUG | https://www.w3schools.com:443 "GET /html/html_formatting.asp HTTP/1.1" 200 42162
2026-03-30 16:12:14 | DEBUG | Starting new HTTPS connection (1): www.w3schools.com:443
2026-03-30 16:12:15 | DEBUG | https://www.w3schools.com:443 "GET /html/html_challenges_formatting.asp HTTP/1.1" 200 44017
2026-03-30 16:12:16 | DEBUG | Starting new HTTPS connection (1): www.w3schools.com:443
2026-03-30 16:12:18 | DEBUG | https://www.w3schools.com:443 "GET /html/html_quotation_elements.asp HTTP/1.1" 200 42143
2026-03-30 16:12:19 | DEBUG | Starting new HTTPS connection (1): www.w3schools.com:443
2026-03-30 16:12:20 | DEBUG | https://www.w3schools.com:443 "GET /html/html_challenges_quotations.asp HTTP/1.1" 200 44032
2026-03-30 16:12:21 | DEBUG | Starting new HTTPS connection (1): www.w3schools.com:443
2026-03-30 16:12:22 | DEBUG | https://www.w3schools.com:443 "GET /html/html_comments.asp HTTP/1.1" 200 41374
2026-03-30 16:12:23 | DEBUG | Starting new HTTPS connection (1): www.w3schools.com:443
2026-03-30 16:12:24 | DEBUG | https://www.w3schools.com:443 "GET /html/html_challenges_comments.asp HTTP/1.1" 200 44014
2026-03-30 16:12:25 | DEBUG | Starting new HTTPS connection (1): www.w3schools.com:443
2026-03-30 16:12:26 | DEBUG | https://www.w3schools.com:443 "GET /html/html_colors.asp HTTP/1.1" 200 41948
2026-03-30 16:12:28 | DEBUG | Starting new HTTPS connection (1): www.w3schools.com:443
2026-03-30 16:12:29 | DEBUG | https://www.w3schools.com:443 "GET /html/html_colors_rgb.asp HTTP/1.1" 200 42276
2026-03-30 16:12:30 | DEBUG | Starting new HTTPS connection (1): www.w3schools.com:443
2026-03-30 16:12:31 | DEBUG | https://www.w3schools.com:443 "GET /html/html_colors_hex.asp HTTP/1.1" 200 41556
2026-03-30 16:12:32 | DEBUG | Starting new HTTPS connection (1): www.w3schools.com:443
2026-03-30 16:12:33 | DEBUG | https://www.w3schools.com:443 "GET /html/html_colors_hsl.asp HTTP/1.1" 200 42417
2026-03-30 16:12:34 | DEBUG | Starting new HTTPS connection (1): www.w3schools.com:443
2026-03-30 16:12:36 | DEBUG | https://www.w3schools.com:443 "GET /html/html_challenges_colors.asp HTTP/1.1" 200 44011
2026-03-30 16:12:37 | DEBUG | Starting new HTTPS connection (1): www.w3schools.com:443
2026-03-30 16:12:38 | DEBUG | https://www.w3schools.com:443 "GET /html/html_css.asp HTTP/1.1" 200 43279
2026-03-30 16:12:40 | DEBUG | Starting new HTTPS connection (1): www.w3schools.com:443
2026-03-30 16:12:41 | DEBUG | https://www.w3schools.com:443 "GET /html/html_challenges_css.asp HTTP/1.1" 200 44016
2026-03-30 16:12:42 | DEBUG | Starting new HTTPS connection (1): www.w3schools.com:443
2026-03-30 16:12:43 | DEBUG | https://www.w3schools.com:443 "GET /html/html_links.asp HTTP/1.1" 200 42785
2026-03-30 16:12:44 | DEBUG | Starting new HTTPS connection (1): www.w3schools.com:443
2026-03-30 16:12:45 | DEBUG | https://www.w3schools.com:443 "GET /html/html_links_colors.asp HTTP/1.1" 200 41199
2026-03-30 16:12:46 | DEBUG | Starting new HTTPS connection (1): www.w3schools.com:443
2026-03-30 16:12:48 | DEBUG | https://www.w3schools.com:443 "GET /html/html_links_bookmarks.asp HTTP/1.1" 200 41078
2026-03-30 16:12:49 | DEBUG | Starting new HTTPS connection (1): www.w3schools.com:443
2026-03-30 16:12:50 | DEBUG | https://www.w3schools.com:443 "GET /html/html_challenges_links.asp HTTP/1.1" 200 44019
2026-03-30 16:12:51 | DEBUG | Starting new HTTPS connection (1): www.w3schools.com:443
2026-03-30 16:12:52 | DEBUG | https://www.w3schools.com:443 "GET /html/html_images.asp HTTP/1.1" 200 43389
2026-03-30 16:12:53 | DEBUG | Starting new HTTPS connection (1): www.w3schools.com:443
2026-03-30 16:12:54 | DEBUG | https://www.w3schools.com:443 "GET /html/html_images_imagemap.asp HTTP/1.1" 200 42815
2026-03-30 16:12:55 | DEBUG | Starting new HTTPS connection (1): www.w3schools.com:443
2026-03-30 16:12:56 | DEBUG | https://www.w3schools.com:443 "GET /html/html_images_background.asp HTTP/1.1" 200 41281
2026-03-30 16:12:58 | DEBUG | Starting new HTTPS connection (1): www.w3schools.com:443
2026-03-30 16:12:59 | DEBUG | https://www.w3schools.com:443 "GET /html/html_images_picture.asp HTTP/1.1" 200 41433
2026-03-30 16:13:00 | DEBUG | Starting new HTTPS connection (1): www.w3schools.com:443
2026-03-30 16:13:01 | DEBUG | https://www.w3schools.com:443 "GET /html/html_challenges_images.asp HTTP/1.1" 200 44016
2026-03-30 16:13:02 | DEBUG | Starting new HTTPS connection (1): www.w3schools.com:443
2026-03-30 16:13:03 | DEBUG | https://www.w3schools.com:443 "GET /html/html_favicon.asp HTTP/1.1" 200 41257
2026-03-30 16:13:04 | DEBUG | Starting new HTTPS connection (1): www.w3schools.com:443
2026-03-30 16:13:05 | DEBUG | https://www.w3schools.com:443 "GET /html/html_page_title.asp HTTP/1.1" 200 40918
2026-03-30 16:13:06 | DEBUG | Starting new HTTPS connection (1): www.w3schools.com:443
2026-03-30 16:13:07 | DEBUG | https://www.w3schools.com:443 "GET /html/html_tables.asp HTTP/1.1" 200 42749
2026-03-30 16:13:08 | DEBUG | Starting new HTTPS connection (1): www.w3schools.com:443
2026-03-30 16:13:09 | DEBUG | https://www.w3schools.com:443 "GET /html/html_table_borders.asp HTTP/1.1" 200 41583
2026-03-30 16:13:10 | DEBUG | Starting new HTTPS connection (1): www.w3schools.com:443
2026-03-30 16:13:11 | DEBUG | https://www.w3schools.com:443 "GET /html/html_table_sizes.asp HTTP/1.1" 200 41261
2026-03-30 16:13:13 | DEBUG | Starting new HTTPS connection (1): www.w3schools.com:443
2026-03-30 16:13:14 | DEBUG | https://www.w3schools.com:443 "GET /html/html_table_headers.asp HTTP/1.1" 200 41864
2026-03-30 16:13:15 | DEBUG | Starting new HTTPS connection (1): www.w3schools.com:443
2026-03-30 16:13:16 | DEBUG | https://www.w3schools.com:443 "GET /html/html_table_padding_spacing.asp HTTP/1.1" 200 41067
2026-03-30 16:13:17 | DEBUG | Starting new HTTPS connection (1): www.w3schools.com:443
2026-03-30 16:13:18 | DEBUG | https://www.w3schools.com:443 "GET /html/html_table_colspan_rowspan.asp HTTP/1.1" 200 40999
2026-03-30 16:13:20 | DEBUG | Starting new HTTPS connection (1): www.w3schools.com:443
2026-03-30 16:13:21 | DEBUG | https://www.w3schools.com:443 "GET /html/html_table_styling.asp HTTP/1.1" 200 41844
2026-03-30 16:13:22 | DEBUG | Starting new HTTPS connection (1): www.w3schools.com:443
2026-03-30 16:13:23 | DEBUG | https://www.w3schools.com:443 "GET /html/html_table_colgroup.asp HTTP/1.1" 200 41848
2026-03-30 16:13:24 | DEBUG | Starting new HTTPS connection (1): www.w3schools.com:443
2026-03-30 16:13:25 | DEBUG | https://www.w3schools.com:443 "GET /html/html_challenges_tables.asp HTTP/1.1" 200 44019
2026-03-30 16:13:26 | DEBUG | Starting new HTTPS connection (1): www.w3schools.com:443
2026-03-30 16:13:28 | DEBUG | https://www.w3schools.com:443 "GET /html/html_lists.asp HTTP/1.1" 200 41367
2026-03-30 16:13:29 | DEBUG | Starting new HTTPS connection (1): www.w3schools.com:443
2026-03-30 16:13:31 | DEBUG | https://www.w3schools.com:443 "GET /html/html_lists_unordered.asp HTTP/1.1" 200 41763
2026-03-30 16:13:33 | DEBUG | Starting new HTTPS connection (1): www.w3schools.com:443
2026-03-30 16:13:35 | DEBUG | https://www.w3schools.com:443 "GET /html/html_lists_ordered.asp HTTP/1.1" 200 41446
2026-03-30 16:13:36 | DEBUG | Starting new HTTPS connection (1): www.w3schools.com:443
2026-03-30 16:13:38 | DEBUG | https://www.w3schools.com:443 "GET /html/html_lists_other.asp HTTP/1.1" 200 40865
2026-03-30 16:13:40 | DEBUG | Starting new HTTPS connection (1): www.w3schools.com:443
2026-03-30 16:13:42 | DEBUG | https://www.w3schools.com:443 "GET /html/html_challenges_lists.asp HTTP/1.1" 200 44016
2026-03-30 16:13:43 | DEBUG | Starting new HTTPS connection (1): www.w3schools.com:443
2026-03-30 16:13:45 | DEBUG | https://www.w3schools.com:443 "GET /html/html_blocks.asp HTTP/1.1" 200 42668
2026-03-30 16:13:47 | DEBUG | Starting new HTTPS connection (1): www.w3schools.com:443
2026-03-30 16:13:48 | DEBUG | https://www.w3schools.com:443 "GET /html/html_challenges_blocks.asp HTTP/1.1" 200 44024
2026-03-30 16:13:49 | DEBUG | Starting new HTTPS connection (1): www.w3schools.com:443
2026-03-30 16:13:50 | DEBUG | https://www.w3schools.com:443 "GET /html/html_div.asp HTTP/1.1" 200 42552
2026-03-30 16:13:51 | DEBUG | Starting new HTTPS connection (1): www.w3schools.com:443
2026-03-30 16:13:52 | DEBUG | https://www.w3schools.com:443 "GET /html/html_challenges_div.asp HTTP/1.1" 200 44023
2026-03-30 16:13:53 | DEBUG | Starting new HTTPS connection (1): www.w3schools.com:443
2026-03-30 16:13:54 | DEBUG | https://www.w3schools.com:443 "GET /html/html_classes.asp HTTP/1.1" 200 42350
2026-03-30 16:13:56 | DEBUG | Starting new HTTPS connection (1): www.w3schools.com:443
2026-03-30 16:13:57 | DEBUG | https://www.w3schools.com:443 "GET /html/html_challenges_classes.asp HTTP/1.1" 200 44021
2026-03-30 16:13:57 | DEBUG | Starting new HTTPS connection (1): www.w3schools.com:443
2026-03-30 16:13:58 | DEBUG | https://www.w3schools.com:443 "GET /html/html_id.asp HTTP/1.1" 200 42343
2026-03-30 16:14:00 | DEBUG | Starting new HTTPS connection (1): www.w3schools.com:443
2026-03-30 16:14:01 | DEBUG | https://www.w3schools.com:443 "GET /html/html_challenges_id.asp HTTP/1.1" 200 44024
2026-03-30 16:14:02 | DEBUG | Starting new HTTPS connection (1): www.w3schools.com:443
2026-03-30 16:14:04 | DEBUG | https://www.w3schools.com:443 "GET /html/html_buttons.asp HTTP/1.1" 200 41409
2026-03-30 16:14:06 | DEBUG | Starting new HTTPS connection (1): www.w3schools.com:443
2026-03-30 16:14:08 | DEBUG | https://www.w3schools.com:443 "GET /html/html_challenges_buttons.asp HTTP/1.1" 200 44024
2026-03-30 16:14:09 | DEBUG | Starting new HTTPS connection (1): www.w3schools.com:443
2026-03-30 16:14:10 | DEBUG | https://www.w3schools.com:443 "GET /html/html_iframe.asp HTTP/1.1" 200 41697
2026-03-30 16:14:12 | DEBUG | Starting new HTTPS connection (1): www.w3schools.com:443
2026-03-30 16:14:13 | DEBUG | https://www.w3schools.com:443 "GET /html/html_challenges_iframes.asp HTTP/1.1" 200 44016
2026-03-30 16:14:14 | DEBUG | Starting new HTTPS connection (1): www.w3schools.com:443
2026-03-30 16:14:15 | DEBUG | https://www.w3schools.com:443 "GET /html/html_scripts.asp HTTP/1.1" 200 41599
2026-03-30 16:14:16 | DEBUG | Starting new HTTPS connection (1): www.w3schools.com:443
2026-03-30 16:14:17 | DEBUG | https://www.w3schools.com:443 "GET /html/html_challenges_scripts.asp HTTP/1.1" 200 44022
2026-03-30 16:14:18 | DEBUG | Starting new HTTPS connection (1): www.w3schools.com:443
2026-03-30 16:14:19 | DEBUG | https://www.w3schools.com:443 "GET /html/html_filepaths.asp HTTP/1.1" 200 41031
2026-03-30 16:14:21 | DEBUG | Starting new HTTPS connection (1): www.w3schools.com:443
2026-03-30 16:14:22 | DEBUG | https://www.w3schools.com:443 "GET /html/html_challenges_filepaths.asp HTTP/1.1" 200 44023
2026-03-30 16:14:23 | DEBUG | Starting new HTTPS connection (1): www.w3schools.com:443
2026-03-30 16:14:24 | DEBUG | https://www.w3schools.com:443 "GET /html/html_head.asp HTTP/1.1" 200 43303
2026-03-30 16:14:25 | DEBUG | Starting new HTTPS connection (1): www.w3schools.com:443
2026-03-30 16:14:26 | DEBUG | https://www.w3schools.com:443 "GET /html/html_challenges_head.asp HTTP/1.1" 200 44021
2026-03-30 16:14:27 | DEBUG | Starting new HTTPS connection (1): www.w3schools.com:443
2026-03-30 16:14:29 | DEBUG | https://www.w3schools.com:443 "GET /html/html_layout.asp HTTP/1.1" 200 42713
2026-03-30 16:14:31 | DEBUG | Starting new HTTPS connection (1): www.w3schools.com:443
2026-03-30 16:14:33 | DEBUG | https://www.w3schools.com:443 "GET /html/html_challenges_layout.asp HTTP/1.1" 200 44025
2026-03-30 16:14:34 | DEBUG | Starting new HTTPS connection (1): www.w3schools.com:443
2026-03-30 16:14:36 | DEBUG | https://www.w3schools.com:443 "GET /html/html_responsive.asp HTTP/1.1" 200 43785
2026-03-30 16:14:38 | DEBUG | Starting new HTTPS connection (1): www.w3schools.com:443
2026-03-30 16:14:40 | DEBUG | https://www.w3schools.com:443 "GET /html/html_challenges_responsive.asp HTTP/1.1" 200 44028
2026-03-30 16:14:41 | DEBUG | Starting new HTTPS connection (1): www.w3schools.com:443
2026-03-30 16:14:43 | DEBUG | https://www.w3schools.com:443 "GET /html/html_computercode_elements.asp HTTP/1.1" 200 41594
2026-03-30 16:14:44 | DEBUG | Starting new HTTPS connection (1): www.w3schools.com:443
2026-03-30 16:14:46 | DEBUG | https://www.w3schools.com:443 "GET /html/html_challenges_computercode.asp HTTP/1.1" 200 44028
2026-03-30 16:14:48 | DEBUG | Starting new HTTPS connection (1): www.w3schools.com:443
2026-03-30 16:14:50 | DEBUG | https://www.w3schools.com:443 "GET /html/html_challenges_semantics.asp HTTP/1.1" 200 44021
2026-03-30 16:14:51 | DEBUG | Starting new HTTPS connection (1): www.w3schools.com:443
2026-03-30 16:14:54 | DEBUG | https://www.w3schools.com:443 "GET /html/html_entities.asp HTTP/1.1" 200 41935
2026-03-30 16:14:55 | DEBUG | Starting new HTTPS connection (1): www.w3schools.com:443
2026-03-30 16:14:57 | DEBUG | https://www.w3schools.com:443 "GET /html/html_challenges_entities.asp HTTP/1.1" 200 44015
2026-03-30 16:14:58 | DEBUG | Starting new HTTPS connection (1): www.w3schools.com:443
2026-03-30 16:15:00 | DEBUG | https://www.w3schools.com:443 "GET /html/html_symbols.asp HTTP/1.1" 200 42874
2026-03-30 16:15:01 | DEBUG | Starting new HTTPS connection (1): www.w3schools.com:443
2026-03-30 16:15:03 | DEBUG | https://www.w3schools.com:443 "GET /html/html_emojis.asp HTTP/1.1" 200 42132
2026-03-30 16:15:04 | DEBUG | Starting new HTTPS connection (1): www.w3schools.com:443
2026-03-30 16:15:06 | DEBUG | https://www.w3schools.com:443 "GET /html/html_charset.asp HTTP/1.1" 200 41810
2026-03-30 16:15:07 | DEBUG | Starting new HTTPS connection (1): www.w3schools.com:443
2026-03-30 16:15:09 | DEBUG | https://www.w3schools.com:443 "GET /html/html_urlencode.asp HTTP/1.1" 200 41741
2026-03-30 16:15:10 | DEBUG | Starting new HTTPS connection (1): www.w3schools.com:443
2026-03-30 16:15:13 | DEBUG | https://www.w3schools.com:443 "GET /html/html_xhtml.asp HTTP/1.1" 200 41840
2026-03-30 16:15:14 | DEBUG | Starting new HTTPS connection (1): www.w3schools.com:443
2026-03-30 16:15:15 | DEBUG | https://www.w3schools.com:443 "GET /html/html_forms.asp HTTP/1.1" 200 42728
2026-03-30 16:15:16 | DEBUG | Starting new HTTPS connection (1): www.w3schools.com:443
2026-03-30 16:15:17 | DEBUG | https://www.w3schools.com:443 "GET /html/html_challenges_forms.asp HTTP/1.1" 200 44011
2026-03-30 16:15:19 | DEBUG | Starting new HTTPS connection (1): www.w3schools.com:443
2026-03-30 16:15:20 | DEBUG | https://www.w3schools.com:443 "GET /html/html_forms_attributes.asp HTTP/1.1" 200 42193
2026-03-30 16:15:21 | DEBUG | Starting new HTTPS connection (1): www.w3schools.com:443
2026-03-30 16:15:22 | DEBUG | https://www.w3schools.com:443 "GET /html/html_form_elements.asp HTTP/1.1" 200 42939
2026-03-30 16:15:23 | DEBUG | Starting new HTTPS connection (1): www.w3schools.com:443
2026-03-30 16:15:24 | DEBUG | https://www.w3schools.com:443 "GET /html/html_challenges_form_elements.asp HTTP/1.1" 200 44026
2026-03-30 16:15:25 | DEBUG | Starting new HTTPS connection (1): www.w3schools.com:443
2026-03-30 16:15:26 | DEBUG | https://www.w3schools.com:443 "GET /html/html_form_input_types.asp HTTP/1.1" 200 44531
2026-03-30 16:15:27 | DEBUG | Starting new HTTPS connection (1): www.w3schools.com:443
2026-03-30 16:15:29 | DEBUG | https://www.w3schools.com:443 "GET /html/html_challenges_input_types.asp HTTP/1.1" 200 44030
2026-03-30 16:15:31 | DEBUG | Starting new HTTPS connection (1): www.w3schools.com:443
2026-03-30 16:15:33 | DEBUG | https://www.w3schools.com:443 "GET /html/html_form_attributes.asp HTTP/1.1" 200 43650
2026-03-30 16:15:35 | DEBUG | Starting new HTTPS connection (1): www.w3schools.com:443
2026-03-30 16:15:37 | DEBUG | https://www.w3schools.com:443 "GET /html/html_form_attributes_form.asp HTTP/1.1" 200 42241
2026-03-30 16:15:38 | DEBUG | Starting new HTTPS connection (1): www.w3schools.com:443
2026-03-30 16:15:41 | DEBUG | https://www.w3schools.com:443 "GET /html/html_challenges_canvas.asp HTTP/1.1" 200 44023
2026-03-30 16:15:42 | DEBUG | Starting new HTTPS connection (1): www.w3schools.com:443
2026-03-30 16:15:43 | DEBUG | https://www.w3schools.com:443 "GET /html/html_challenges_svg.asp HTTP/1.1" 200 44017
2026-03-30 16:15:44 | DEBUG | Starting new HTTPS connection (1): www.w3schools.com:443
2026-03-30 16:15:45 | DEBUG | https://www.w3schools.com:443 "GET /html/html_media.asp HTTP/1.1" 200 41980
2026-03-30 16:15:46 | DEBUG | Starting new HTTPS connection (1): www.w3schools.com:443
2026-03-30 16:15:47 | DEBUG | https://www.w3schools.com:443 "GET /html/html_challenges_video.asp HTTP/1.1" 200 44023
2026-03-30 16:15:48 | DEBUG | Starting new HTTPS connection (1): www.w3schools.com:443
2026-03-30 16:15:49 | DEBUG | https://www.w3schools.com:443 "GET /html/html_challenges_audio.asp HTTP/1.1" 200 44028
2026-03-30 16:15:51 | DEBUG | Starting new HTTPS connection (1): www.w3schools.com:443
2026-03-30 16:15:52 | DEBUG | https://www.w3schools.com:443 "GET /html/html_object.asp HTTP/1.1" 200 41102
2026-03-30 16:15:53 | DEBUG | Starting new HTTPS connection (1): www.w3schools.com:443
2026-03-30 16:15:54 | DEBUG | https://www.w3schools.com:443 "GET /html/html_youtube.asp HTTP/1.1" 200 41347
2026-03-30 16:15:55 | DEBUG | Starting new HTTPS connection (1): www.w3schools.com:443
2026-03-30 16:15:56 | DEBUG | https://www.w3schools.com:443 "GET /html/html_examples.asp HTTP/1.1" 200 44421
2026-03-30 16:15:57 | DEBUG | Starting new HTTPS connection (1): www.w3schools.com:443
2026-03-30 16:15:58 | DEBUG | https://www.w3schools.com:443 "GET /html/html_editor.asp HTTP/1.1" 200 41221
2026-03-30 16:15:59 | DEBUG | Starting new HTTPS connection (1): www.w3schools.com:443
2026-03-30 16:16:00 | DEBUG | https://www.w3schools.com:443 "GET /html/html_website.asp HTTP/1.1" 200 50763
2026-03-30 16:16:01 | DEBUG | Starting new HTTPS connection (1): www.w3schools.com:443
2026-03-30 16:16:03 | DEBUG | https://www.w3schools.com:443 "GET /html/html_syllabus.asp HTTP/1.1" 200 43406
2026-03-30 16:16:04 | DEBUG | Starting new HTTPS connection (1): www.w3schools.com:443
2026-03-30 16:16:05 | DEBUG | https://www.w3schools.com:443 "GET /html/html_study_plan.asp HTTP/1.1" 200 42390
2026-03-30 16:16:06 | DEBUG | Starting new HTTPS connection (1): www.w3schools.com:443
2026-03-30 16:16:07 | DEBUG | https://www.w3schools.com:443 "GET /html/html_interview_prep.asp HTTP/1.1" 200 42425
2026-03-30 16:16:08 | DEBUG | Starting new HTTPS connection (1): www.w3schools.com:443
2026-03-30 16:16:09 | DEBUG | https://www.w3schools.com:443 "GET /html/html_exam.asp HTTP/1.1" 200 43405
2026-03-30 16:16:10 | DEBUG | Starting new HTTPS connection (1): www.w3schools.com:443
2026-03-30 16:16:11 | DEBUG | https://www.w3schools.com:443 "GET /html/html_summary.asp HTTP/1.1" 200 44063
2026-03-30 16:16:12 | DEBUG | Starting new HTTPS connection (1): www.w3schools.com:443
2026-03-30 16:16:13 | DEBUG | https://www.w3schools.com:443 "GET /html/html_accessibility.asp HTTP/1.1" 200 42428
2026-03-30 16:16:14 | DEBUG | Starting new HTTPS connection (1): www.w3schools.com:443
2026-03-30 16:16:15 | DEBUG | https://www.w3schools.com:443 "GET /css/css_examples.asp HTTP/1.1" 200 53376
2026-03-30 16:16:17 | DEBUG | Starting new HTTPS connection (1): www.w3schools.com:443
2026-03-30 16:16:18 | DEBUG | https://www.w3schools.com:443 "GET /js/js_examples.asp HTTP/1.1" 200 48601
2026-03-30 16:16:19 | DEBUG | Starting new HTTPS connection (1): www.w3schools.com:443
2026-03-30 16:16:20 | DEBUG | https://www.w3schools.com:443 "GET /sql/sql_examples.asp HTTP/1.1" 200 47356
2026-03-30 16:16:21 | DEBUG | Starting new HTTPS connection (1): www.w3schools.com:443
2026-03-30 16:16:22 | DEBUG | https://www.w3schools.com:443 "GET /python/python_examples.asp HTTP/1.1" 200 47059
2026-03-30 16:16:23 | DEBUG | Starting new HTTPS connection (1): www.w3schools.com:443
2026-03-30 16:16:24 | DEBUG | https://www.w3schools.com:443 "GET /css/css_intro.asp HTTP/1.1" 200 43485
2026-03-30 16:16:25 | DEBUG | Starting new HTTPS connection (1): www.w3schools.com:443
2026-03-30 16:16:26 | DEBUG | https://www.w3schools.com:443 "GET /css/css_syntax.asp HTTP/1.1" 200 43353
2026-03-30 16:16:27 | DEBUG | Starting new HTTPS connection (1): www.w3schools.com:443
2026-03-30 16:16:28 | DEBUG | https://www.w3schools.com:443 "GET /css/css_selectors.asp HTTP/1.1" 200 43497
2026-03-30 16:16:29 | DEBUG | Starting new HTTPS connection (1): www.w3schools.com:443
2026-03-30 16:16:32 | DEBUG | https://www.w3schools.com:443 "GET /css/css_selectors_grouping.asp HTTP/1.1" 200 43509
2026-03-30 16:16:33 | DEBUG | Starting new HTTPS connection (1): www.w3schools.com:443
2026-03-30 16:16:35 | DEBUG | https://www.w3schools.com:443 "GET /css/css_challenges_selectors.asp HTTP/1.1" 200 46332
2026-03-30 16:16:37 | DEBUG | Starting new HTTPS connection (1): www.w3schools.com:443
2026-03-30 16:16:39 | DEBUG | https://www.w3schools.com:443 "GET /css/css_howto.asp HTTP/1.1" 200 43568
2026-03-30 16:16:40 | DEBUG | Starting new HTTPS connection (1): www.w3schools.com:443
2026-03-30 16:16:42 | DEBUG | https://www.w3schools.com:443 "GET /css/css_howto_internal.asp HTTP/1.1" 200 42864
2026-03-30 16:16:44 | DEBUG | Starting new HTTPS connection (1): www.w3schools.com:443
2026-03-30 16:16:46 | DEBUG | https://www.w3schools.com:443 "GET /css/css_howto_inline.asp HTTP/1.1" 200 42943
2026-03-30 16:16:47 | DEBUG | Starting new HTTPS connection (1): www.w3schools.com:443
2026-03-30 16:16:50 | DEBUG | https://www.w3schools.com:443 "GET /css/css_howto_multiple_cascade.asp HTTP/1.1" 200 43267
2026-03-30 16:16:51 | DEBUG | Starting new HTTPS connection (1): www.w3schools.com:443
2026-03-30 16:16:52 | DEBUG | https://www.w3schools.com:443 "GET /css/css_challenges_howto.asp HTTP/1.1" 200 46319
2026-03-30 16:16:53 | DEBUG | Starting new HTTPS connection (1): www.w3schools.com:443
2026-03-30 16:16:54 | DEBUG | https://www.w3schools.com:443 "GET /css/css_comments.asp HTTP/1.1" 200 43547
2026-03-30 16:16:55 | DEBUG | Starting new HTTPS connection (1): www.w3schools.com:443
2026-03-30 16:16:56 | DEBUG | https://www.w3schools.com:443 "GET /css/css_errors.asp HTTP/1.1" 200 43176
2026-03-30 16:16:57 | DEBUG | Starting new HTTPS connection (1): www.w3schools.com:443
2026-03-30 16:16:58 | DEBUG | https://www.w3schools.com:443 "GET /css/css_colors.asp HTTP/1.1" 200 44055
2026-03-30 16:17:00 | DEBUG | Starting new HTTPS connection (1): www.w3schools.com:443
2026-03-30 16:17:01 | DEBUG | https://www.w3schools.com:443 "GET /css/css_colors_rgb.asp HTTP/1.1" 200 44614
2026-03-30 16:17:02 | DEBUG | Starting new HTTPS connection (1): www.w3schools.com:443
2026-03-30 16:17:03 | DEBUG | https://www.w3schools.com:443 "GET /css/css_colors_hex.asp HTTP/1.1" 200 44281
2026-03-30 16:17:04 | DEBUG | Starting new HTTPS connection (1): www.w3schools.com:443
2026-03-30 16:17:05 | DEBUG | https://www.w3schools.com:443 "GET /css/css_colors_hsl.asp HTTP/1.1" 200 44916
2026-03-30 16:17:07 | DEBUG | Starting new HTTPS connection (1): www.w3schools.com:443
2026-03-30 16:17:08 | DEBUG | https://www.w3schools.com:443 "GET /css/css_challenges_colors.asp HTTP/1.1" 200 46315
2026-03-30 16:17:09 | DEBUG | Starting new HTTPS connection (1): www.w3schools.com:443
2026-03-30 16:17:10 | DEBUG | https://www.w3schools.com:443 "GET /css/css_background.asp HTTP/1.1" 200 44267
2026-03-30 16:17:12 | DEBUG | Starting new HTTPS connection (1): www.w3schools.com:443
2026-03-30 16:17:14 | DEBUG | https://www.w3schools.com:443 "GET /css/css_background_image.asp HTTP/1.1" 200 43337
2026-03-30 16:17:15 | DEBUG | Starting new HTTPS connection (1): www.w3schools.com:443
2026-03-30 16:17:17 | DEBUG | https://www.w3schools.com:443 "GET /css/css_background_repeat.asp HTTP/1.1" 200 43601
2026-03-30 16:17:19 | DEBUG | Starting new HTTPS connection (1): www.w3schools.com:443
2026-03-30 16:17:20 | DEBUG | https://www.w3schools.com:443 "GET /css/css_background_attachment.asp HTTP/1.1" 200 43216
2026-03-30 16:17:21 | DEBUG | Starting new HTTPS connection (1): www.w3schools.com:443
2026-03-30 16:17:22 | DEBUG | https://www.w3schools.com:443 "GET /css/css_background_shorthand.asp HTTP/1.1" 200 43623
2026-03-30 16:17:23 | DEBUG | Starting new HTTPS connection (1): www.w3schools.com:443
2026-03-30 16:17:24 | DEBUG | https://www.w3schools.com:443 "GET /css/css_challenges_background.asp HTTP/1.1" 200 46320
2026-03-30 16:17:26 | DEBUG | Starting new HTTPS connection (1): www.w3schools.com:443
2026-03-30 16:17:27 | DEBUG | https://www.w3schools.com:443 "GET /css/css_border.asp HTTP/1.1" 200 43438
2026-03-30 16:17:28 | DEBUG | Starting new HTTPS connection (1): www.w3schools.com:443
2026-03-30 16:17:29 | DEBUG | https://www.w3schools.com:443 "GET /css/css_border_width.asp HTTP/1.1" 200 43153
2026-03-30 16:17:30 | DEBUG | Starting new HTTPS connection (1): www.w3schools.com:443
2026-03-30 16:17:31 | DEBUG | https://www.w3schools.com:443 "GET /css/css_border_color.asp HTTP/1.1" 200 43375
2026-03-30 16:17:32 | DEBUG | Starting new HTTPS connection (1): www.w3schools.com:443
2026-03-30 16:17:33 | DEBUG | https://www.w3schools.com:443 "GET /css/css_border_sides.asp HTTP/1.1" 200 43386
2026-03-30 16:17:34 | DEBUG | Starting new HTTPS connection (1): www.w3schools.com:443
2026-03-30 16:17:37 | DEBUG | https://www.w3schools.com:443 "GET /css/css_border_shorthand.asp HTTP/1.1" 200 43031
2026-03-30 16:17:38 | DEBUG | Starting new HTTPS connection (1): www.w3schools.com:443
2026-03-30 16:17:40 | DEBUG | https://www.w3schools.com:443 "GET /css/css_border_rounded.asp HTTP/1.1" 200 43338
2026-03-30 16:17:42 | DEBUG | Starting new HTTPS connection (1): www.w3schools.com:443
2026-03-30 16:17:44 | DEBUG | https://www.w3schools.com:443 "GET /css/css_challenges_border.asp HTTP/1.1" 200 46317
2026-03-30 16:17:45 | DEBUG | Starting new HTTPS connection (1): www.w3schools.com:443
2026-03-30 16:17:46 | DEBUG | https://www.w3schools.com:443 "GET /css/css_margin.asp HTTP/1.1" 200 44001
2026-03-30 16:17:47 | DEBUG | Starting new HTTPS connection (1): www.w3schools.com:443
2026-03-30 16:17:48 | DEBUG | https://www.w3schools.com:443 "GET /css/css_margin_collapse.asp HTTP/1.1" 200 43238
2026-03-30 16:17:49 | DEBUG | Starting new HTTPS connection (1): www.w3schools.com:443
2026-03-30 16:17:50 | DEBUG | https://www.w3schools.com:443 "GET /css/css_challenges_margin.asp HTTP/1.1" 200 46317
2026-03-30 16:17:52 | DEBUG | Starting new HTTPS connection (1): www.w3schools.com:443
2026-03-30 16:17:53 | DEBUG | https://www.w3schools.com:443 "GET /css/css_padding.asp HTTP/1.1" 200 43667
2026-03-30 16:17:54 | DEBUG | Starting new HTTPS connection (1): www.w3schools.com:443
2026-03-30 16:17:55 | DEBUG | https://www.w3schools.com:443 "GET /css/css_padding_box-sizing.asp HTTP/1.1" 200 43453
2026-03-30 16:17:56 | DEBUG | Starting new HTTPS connection (1): www.w3schools.com:443
2026-03-30 16:17:57 | DEBUG | https://www.w3schools.com:443 "GET /css/css_challenges_padding.asp HTTP/1.1" 200 46311
2026-03-30 16:17:58 | DEBUG | Starting new HTTPS connection (1): www.w3schools.com:443
2026-03-30 16:17:59 | DEBUG | https://www.w3schools.com:443 "GET /css/css_height_width.asp HTTP/1.1" 200 43368
2026-03-30 16:18:01 | DEBUG | Starting new HTTPS connection (1): www.w3schools.com:443
2026-03-30 16:18:02 | DEBUG | https://www.w3schools.com:443 "GET /css/css_height_width_min_max.asp HTTP/1.1" 200 43634
2026-03-30 16:18:03 | DEBUG | Starting new HTTPS connection (1): www.w3schools.com:443
2026-03-30 16:18:04 | DEBUG | https://www.w3schools.com:443 "GET /css/css_challenges_height_width.asp HTTP/1.1" 200 46328
2026-03-30 16:18:06 | DEBUG | Starting new HTTPS connection (1): www.w3schools.com:443
2026-03-30 16:18:07 | DEBUG | https://www.w3schools.com:443 "GET /css/css_boxmodel.asp HTTP/1.1" 200 44091
2026-03-30 16:18:08 | DEBUG | Starting new HTTPS connection (1): www.w3schools.com:443
2026-03-30 16:18:09 | DEBUG | https://www.w3schools.com:443 "GET /css/css_challenges_boxmodel.asp HTTP/1.1" 200 46317
2026-03-30 16:18:10 | DEBUG | Starting new HTTPS connection (1): www.w3schools.com:443
2026-03-30 16:18:11 | DEBUG | https://www.w3schools.com:443 "GET /css/css_outline.asp HTTP/1.1" 200 44010
2026-03-30 16:18:12 | DEBUG | Starting new HTTPS connection (1): www.w3schools.com:443
2026-03-30 16:18:13 | DEBUG | https://www.w3schools.com:443 "GET /css/css_outline_width.asp HTTP/1.1" 200 42973
2026-03-30 16:18:14 | DEBUG | Starting new HTTPS connection (1): www.w3schools.com:443
2026-03-30 16:18:15 | DEBUG | https://www.w3schools.com:443 "GET /css/css_outline_color.asp HTTP/1.1" 200 43336
2026-03-30 16:18:17 | DEBUG | Starting new HTTPS connection (1): www.w3schools.com:443
2026-03-30 16:18:18 | DEBUG | https://www.w3schools.com:443 "GET /css/css_outline_shorthand.asp HTTP/1.1" 200 43209
2026-03-30 16:18:19 | DEBUG | Starting new HTTPS connection (1): www.w3schools.com:443
2026-03-30 16:18:20 | DEBUG | https://www.w3schools.com:443 "GET /css/css_outline_offset.asp HTTP/1.1" 200 43238
2026-03-30 16:18:21 | DEBUG | Starting new HTTPS connection (1): www.w3schools.com:443
2026-03-30 16:18:22 | DEBUG | https://www.w3schools.com:443 "GET /css/css_challenges_outline.asp HTTP/1.1" 200 46315
2026-03-30 16:18:23 | DEBUG | Starting new HTTPS connection (1): www.w3schools.com:443
2026-03-30 16:18:26 | DEBUG | https://www.w3schools.com:443 "GET /css/css_text.asp HTTP/1.1" 200 43438
2026-03-30 16:18:27 | DEBUG | Starting new HTTPS connection (1): www.w3schools.com:443
2026-03-30 16:18:29 | DEBUG | https://www.w3schools.com:443 "GET /css/css_text_align.asp HTTP/1.1" 200 43966
2026-03-30 16:18:30 | DEBUG | Starting new HTTPS connection (1): www.w3schools.com:443
2026-03-30 16:18:31 | DEBUG | https://www.w3schools.com:443 "GET /css/css_text_decoration.asp HTTP/1.1" 200 43255
2026-03-30 16:18:33 | DEBUG | Starting new HTTPS connection (1): www.w3schools.com:443
2026-03-30 16:18:34 | DEBUG | https://www.w3schools.com:443 "GET /css/css_text_decoration_styles.asp HTTP/1.1" 200 43288
2026-03-30 16:18:35 | DEBUG | Starting new HTTPS connection (1): www.w3schools.com:443
2026-03-30 16:18:36 | DEBUG | https://www.w3schools.com:443 "GET /css/css_text_transformation.asp HTTP/1.1" 200 43041
2026-03-30 16:18:37 | DEBUG | Starting new HTTPS connection (1): www.w3schools.com:443
2026-03-30 16:18:38 | DEBUG | https://www.w3schools.com:443 "GET /css/css_text_spacing.asp HTTP/1.1" 200 43446
2026-03-30 16:18:39 | DEBUG | Starting new HTTPS connection (1): www.w3schools.com:443
2026-03-30 16:18:41 | DEBUG | https://www.w3schools.com:443 "GET /css/css_text_shadow.asp HTTP/1.1" 200 43473
2026-03-30 16:18:43 | DEBUG | Starting new HTTPS connection (1): www.w3schools.com:443
2026-03-30 16:18:45 | DEBUG | https://www.w3schools.com:443 "GET /css/css_challenges_text.asp HTTP/1.1" 200 46312
2026-03-30 16:18:46 | DEBUG | Starting new HTTPS connection (1): www.w3schools.com:443
2026-03-30 16:18:48 | DEBUG | https://www.w3schools.com:443 "GET /css/css_font.asp HTTP/1.1" 200 43933
2026-03-30 16:18:49 | DEBUG | Starting new HTTPS connection (1): www.w3schools.com:443
2026-03-30 16:18:52 | DEBUG | https://www.w3schools.com:443 "GET /css/css_font_websafe.asp HTTP/1.1" 200 44242
2026-03-30 16:18:53 | DEBUG | Starting new HTTPS connection (1): www.w3schools.com:443
2026-03-30 16:18:55 | DEBUG | https://www.w3schools.com:443 "GET /css/css_font_fallbacks.asp HTTP/1.1" 200 43236
2026-03-30 16:18:56 | DEBUG | Starting new HTTPS connection (1): www.w3schools.com:443
2026-03-30 16:18:57 | DEBUG | https://www.w3schools.com:443 "GET /css/css_font_style.asp HTTP/1.1" 200 43216
2026-03-30 16:18:58 | DEBUG | Starting new HTTPS connection (1): www.w3schools.com:443
2026-03-30 16:18:59 | DEBUG | https://www.w3schools.com:443 "GET /css/css_font_size.asp HTTP/1.1" 200 44225
2026-03-30 16:19:01 | DEBUG | Starting new HTTPS connection (1): www.w3schools.com:443
2026-03-30 16:19:02 | DEBUG | https://www.w3schools.com:443 "GET /css/css_font_google.asp HTTP/1.1" 200 44088
2026-03-30 16:19:03 | DEBUG | Starting new HTTPS connection (1): www.w3schools.com:443
2026-03-30 16:19:04 | DEBUG | https://www.w3schools.com:443 "GET /css/css_font_pairings.asp HTTP/1.1" 200 44592
2026-03-30 16:19:05 | DEBUG | Starting new HTTPS connection (1): www.w3schools.com:443
2026-03-30 16:19:06 | DEBUG | https://www.w3schools.com:443 "GET /css/css_font_shorthand.asp HTTP/1.1" 200 43347
2026-03-30 16:19:07 | DEBUG | Starting new HTTPS connection (1): www.w3schools.com:443
2026-03-30 16:19:09 | DEBUG | https://www.w3schools.com:443 "GET /css/css_challenges_font.asp HTTP/1.1" 200 46314
2026-03-30 16:19:10 | DEBUG | Starting new HTTPS connection (1): www.w3schools.com:443
2026-03-30 16:19:12 | DEBUG | https://www.w3schools.com:443 "GET /css/css_icons.asp HTTP/1.1" 200 43390
2026-03-30 16:19:13 | DEBUG | Starting new HTTPS connection (1): www.w3schools.com:443
2026-03-30 16:19:15 | DEBUG | https://www.w3schools.com:443 "GET /css/css_icons_bootstrap.asp HTTP/1.1" 200 42956
2026-03-30 16:19:17 | DEBUG | Starting new HTTPS connection (1): www.w3schools.com:443
2026-03-30 16:19:18 | DEBUG | https://www.w3schools.com:443 "GET /css/css_icons_google.asp HTTP/1.1" 200 43000
2026-03-30 16:19:19 | DEBUG | Starting new HTTPS connection (1): www.w3schools.com:443
2026-03-30 16:19:20 | DEBUG | https://www.w3schools.com:443 "GET /css/css_challenges_icons.asp HTTP/1.1" 200 46310
2026-03-30 16:19:21 | DEBUG | Starting new HTTPS connection (1): www.w3schools.com:443
2026-03-30 16:19:22 | DEBUG | https://www.w3schools.com:443 "GET /css/css_link.asp HTTP/1.1" 200 43735
2026-03-30 16:19:23 | DEBUG | Starting new HTTPS connection (1): www.w3schools.com:443
2026-03-30 16:19:24 | DEBUG | https://www.w3schools.com:443 "GET /css/css_link_buttons.asp HTTP/1.1" 200 43110
2026-03-30 16:19:25 | DEBUG | Starting new HTTPS connection (1): www.w3schools.com:443
2026-03-30 16:19:26 | DEBUG | https://www.w3schools.com:443 "GET /css/css_challenges_link.asp HTTP/1.1" 200 46315
2026-03-30 16:19:27 | DEBUG | Starting new HTTPS connection (1): www.w3schools.com:443
2026-03-30 16:19:28 | DEBUG | https://www.w3schools.com:443 "GET /css/css_list.asp HTTP/1.1" 200 44442
2026-03-30 16:19:29 | DEBUG | Starting new HTTPS connection (1): www.w3schools.com:443
2026-03-30 16:19:31 | DEBUG | https://www.w3schools.com:443 "GET /css/css_challenges_list.asp HTTP/1.1" 200 46315
2026-03-30 16:19:33 | DEBUG | Starting new HTTPS connection (1): www.w3schools.com:443
2026-03-30 16:19:34 | DEBUG | https://www.w3schools.com:443 "GET /css/css_table.asp HTTP/1.1" 200 44458
2026-03-30 16:19:35 | DEBUG | Starting new HTTPS connection (1): www.w3schools.com:443
2026-03-30 16:19:38 | DEBUG | https://www.w3schools.com:443 "GET /css/css_table_size.asp HTTP/1.1" 200 43383
2026-03-30 16:19:39 | DEBUG | Starting new HTTPS connection (1): www.w3schools.com:443
2026-03-30 16:19:40 | DEBUG | https://www.w3schools.com:443 "GET /css/css_table_align.asp HTTP/1.1" 200 43381
2026-03-30 16:19:42 | DEBUG | Starting new HTTPS connection (1): www.w3schools.com:443
2026-03-30 16:19:43 | DEBUG | https://www.w3schools.com:443 "GET /css/css_table_style.asp HTTP/1.1" 200 43535
2026-03-30 16:19:44 | DEBUG | Starting new HTTPS connection (1): www.w3schools.com:443
2026-03-30 16:19:45 | DEBUG | https://www.w3schools.com:443 "GET /css/css_table_responsive.asp HTTP/1.1" 200 43500
2026-03-30 16:19:46 | DEBUG | Starting new HTTPS connection (1): www.w3schools.com:443
2026-03-30 16:19:48 | DEBUG | https://www.w3schools.com:443 "GET /css/css_challenges_table.asp HTTP/1.1" 200 46318
2026-03-30 16:19:49 | DEBUG | Starting new HTTPS connection (1): www.w3schools.com:443
2026-03-30 16:19:51 | DEBUG | https://www.w3schools.com:443 "GET /css/css_display.asp HTTP/1.1" 200 43930
2026-03-30 16:19:52 | DEBUG | Starting new HTTPS connection (1): www.w3schools.com:443
2026-03-30 16:19:56 | DEBUG | https://www.w3schools.com:443 "GET /css/css_display_hide.asp HTTP/1.1" 200 43884
2026-03-30 16:19:57 | DEBUG | Starting new HTTPS connection (1): www.w3schools.com:443
2026-03-30 16:20:00 | DEBUG | https://www.w3schools.com:443 "GET /css/css_challenges_display.asp HTTP/1.1" 200 46314
2026-03-30 16:20:01 | DEBUG | Starting new HTTPS connection (1): www.w3schools.com:443
2026-03-30 16:20:03 | DEBUG | https://www.w3schools.com:443 "GET /css/css_max-width.asp HTTP/1.1" 200 43359
2026-03-30 16:20:05 | DEBUG | Starting new HTTPS connection (1): www.w3schools.com:443
2026-03-30 16:20:07 | DEBUG | https://www.w3schools.com:443 "GET /css/css_challenges_max-width.asp HTTP/1.1" 200 46315
2026-03-30 16:20:09 | DEBUG | Starting new HTTPS connection (1): www.w3schools.com:443
2026-03-30 16:20:11 | DEBUG | https://www.w3schools.com:443 "GET /css/css_position.asp HTTP/1.1" 200 43429
2026-03-30 16:20:12 | DEBUG | Starting new HTTPS connection (1): www.w3schools.com:443
2026-03-30 16:20:14 | DEBUG | https://www.w3schools.com:443 "GET /css/css_positioning_fixed_absolute.asp HTTP/1.1" 200 43592
2026-03-30 16:20:16 | DEBUG | Starting new HTTPS connection (1): www.w3schools.com:443
2026-03-30 16:20:17 | DEBUG | https://www.w3schools.com:443 "GET /css/css_positioning_sticky.asp HTTP/1.1" 200 43585
2026-03-30 16:20:18 | DEBUG | Starting new HTTPS connection (1): www.w3schools.com:443
2026-03-30 16:20:19 | DEBUG | https://www.w3schools.com:443 "GET /css/css_challenges_position.asp HTTP/1.1" 200 46316
2026-03-30 16:20:20 | DEBUG | Starting new HTTPS connection (1): www.w3schools.com:443
2026-03-30 16:20:21 | DEBUG | https://www.w3schools.com:443 "GET /css/css_position_offset.asp HTTP/1.1" 200 43229
2026-03-30 16:20:22 | DEBUG | Starting new HTTPS connection (1): www.w3schools.com:443
2026-03-30 16:20:24 | DEBUG | https://www.w3schools.com:443 "GET /css/css_challenges_position_offset.asp HTTP/1.1" 200 46321
2026-03-30 16:20:26 | DEBUG | Starting new HTTPS connection (1): www.w3schools.com:443
2026-03-30 16:20:28 | DEBUG | https://www.w3schools.com:443 "GET /css/css_z-index.asp HTTP/1.1" 200 43632
2026-03-30 16:20:29 | DEBUG | Starting new HTTPS connection (1): www.w3schools.com:443
2026-03-30 16:20:32 | DEBUG | https://www.w3schools.com:443 "GET /css/css_challenges_z-index.asp HTTP/1.1" 200 46315
2026-03-30 16:20:33 | DEBUG | Starting new HTTPS connection (1): www.w3schools.com:443
2026-03-30 16:20:35 | DEBUG | https://www.w3schools.com:443 "GET /css/css_overflow.asp HTTP/1.1" 200 44193
2026-03-30 16:20:36 | DEBUG | Starting new HTTPS connection (1): www.w3schools.com:443
2026-03-30 16:20:38 | DEBUG | https://www.w3schools.com:443 "GET /css/css_overflow_xy.asp HTTP/1.1" 200 43255
2026-03-30 16:20:40 | DEBUG | Starting new HTTPS connection (1): www.w3schools.com:443
2026-03-30 16:20:42 | DEBUG | https://www.w3schools.com:443 "GET /css/css_challenges_overflow.asp HTTP/1.1" 200 46316
2026-03-30 16:20:43 | DEBUG | Starting new HTTPS connection (1): www.w3schools.com:443
2026-03-30 16:20:44 | DEBUG | https://www.w3schools.com:443 "GET /css/css_float.asp HTTP/1.1" 200 43850
2026-03-30 16:20:45 | DEBUG | Starting new HTTPS connection (1): www.w3schools.com:443
2026-03-30 16:20:46 | DEBUG | https://www.w3schools.com:443 "GET /css/css_float_clear.asp HTTP/1.1" 200 43817
2026-03-30 16:20:47 | DEBUG | Starting new HTTPS connection (1): www.w3schools.com:443
2026-03-30 16:20:48 | DEBUG | https://www.w3schools.com:443 "GET /css/css_float_examples.asp HTTP/1.1" 200 44372
2026-03-30 16:20:49 | DEBUG | Starting new HTTPS connection (1): www.w3schools.com:443
2026-03-30 16:20:51 | DEBUG | https://www.w3schools.com:443 "GET /css/css_challenges_float.asp HTTP/1.1" 200 46316
2026-03-30 16:20:52 | DEBUG | Starting new HTTPS connection (1): www.w3schools.com:443
2026-03-30 16:20:54 | DEBUG | https://www.w3schools.com:443 "GET /css/css_inline-block.asp HTTP/1.1" 200 43660
2026-03-30 16:20:55 | DEBUG | Starting new HTTPS connection (1): www.w3schools.com:443
2026-03-30 16:20:57 | DEBUG | https://www.w3schools.com:443 "GET /css/css_challenges_inline-block.asp HTTP/1.1" 200 46315
2026-03-30 16:20:58 | DEBUG | Starting new HTTPS connection (1): www.w3schools.com:443
2026-03-30 16:21:00 | DEBUG | https://www.w3schools.com:443 "GET /css/css_align.asp HTTP/1.1" 200 43076
2026-03-30 16:21:01 | DEBUG | Starting new HTTPS connection (1): www.w3schools.com:443
2026-03-30 16:21:03 | DEBUG | https://www.w3schools.com:443 "GET /css/css_align_horizontal.asp HTTP/1.1" 200 43600
2026-03-30 16:21:05 | DEBUG | Starting new HTTPS connection (1): www.w3schools.com:443
2026-03-30 16:21:06 | DEBUG | https://www.w3schools.com:443 "GET /css/css_align_vertical.asp HTTP/1.1" 200 43276
2026-03-30 16:21:07 | DEBUG | Starting new HTTPS connection (1): www.w3schools.com:443
2026-03-30 16:21:08 | DEBUG | https://www.w3schools.com:443 "GET /css/css_challenges_align.asp HTTP/1.1" 200 46313
2026-03-30 16:21:09 | DEBUG | Starting new HTTPS connection (1): www.w3schools.com:443
2026-03-30 16:21:10 | DEBUG | https://www.w3schools.com:443 "GET /css/css_combinators.asp HTTP/1.1" 200 43465
2026-03-30 16:21:12 | DEBUG | Starting new HTTPS connection (1): www.w3schools.com:443
2026-03-30 16:21:13 | DEBUG | https://www.w3schools.com:443 "GET /css/css_challenges_combinators.asp HTTP/1.1" 200 46320
2026-03-30 16:21:15 | DEBUG | Starting new HTTPS connection (1): www.w3schools.com:443
2026-03-30 16:21:16 | DEBUG | https://www.w3schools.com:443 "GET /css/css_pseudo_classes.asp HTTP/1.1" 200 43194
2026-03-30 16:21:17 | DEBUG | Starting new HTTPS connection (1): www.w3schools.com:443
2026-03-30 16:21:18 | DEBUG | https://www.w3schools.com:443 "GET /css/css_pseudo_classes_interactive.asp HTTP/1.1" 200 43816
2026-03-30 16:21:19 | DEBUG | Starting new HTTPS connection (1): www.w3schools.com:443
2026-03-30 16:21:20 | DEBUG | https://www.w3schools.com:443 "GET /css/css_pseudo_classes_structural.asp HTTP/1.1" 200 43331
2026-03-30 16:21:21 | DEBUG | Starting new HTTPS connection (1): www.w3schools.com:443
2026-03-30 16:21:23 | DEBUG | https://www.w3schools.com:443 "GET /css/css_challenges_pseudo_classes.asp HTTP/1.1" 200 46324
2026-03-30 16:21:24 | DEBUG | Starting new HTTPS connection (1): www.w3schools.com:443
2026-03-30 16:21:25 | DEBUG | https://www.w3schools.com:443 "GET /css/css_pseudo_elements.asp HTTP/1.1" 200 42999
2026-03-30 16:21:27 | DEBUG | Starting new HTTPS connection (1): www.w3schools.com:443
2026-03-30 16:21:28 | DEBUG | https://www.w3schools.com:443 "GET /css/css_pseudo_elements_text.asp HTTP/1.1" 200 43215
2026-03-30 16:21:29 | DEBUG | Starting new HTTPS connection (1): www.w3schools.com:443
2026-03-30 16:21:30 | DEBUG | https://www.w3schools.com:443 "GET /css/css_pseudo_elements_content.asp HTTP/1.1" 200 43184
2026-03-30 16:21:31 | DEBUG | Starting new HTTPS connection (1): www.w3schools.com:443
2026-03-30 16:21:32 | DEBUG | https://www.w3schools.com:443 "GET /css/css_challenges_pseudo_elements.asp HTTP/1.1" 200 46324
2026-03-30 16:21:33 | DEBUG | Starting new HTTPS connection (1): www.w3schools.com:443
2026-03-30 16:21:35 | DEBUG | https://www.w3schools.com:443 "GET /css/css_image_transparency.asp HTTP/1.1" 200 44350
2026-03-30 16:21:36 | DEBUG | Starting new HTTPS connection (1): www.w3schools.com:443
2026-03-30 16:21:38 | DEBUG | https://www.w3schools.com:443 "GET /css/css_challenges_image_transparency.asp HTTP/1.1" 200 46318
2026-03-30 16:21:39 | DEBUG | Starting new HTTPS connection (1): www.w3schools.com:443
2026-03-30 16:21:40 | DEBUG | https://www.w3schools.com:443 "GET /css/css_navbar.asp HTTP/1.1" 200 43623
2026-03-30 16:21:41 | DEBUG | Starting new HTTPS connection (1): www.w3schools.com:443
2026-03-30 16:21:43 | DEBUG | https://www.w3schools.com:443 "GET /css/css_navbar_vertical.asp HTTP/1.1" 200 44213
2026-03-30 16:21:44 | DEBUG | Starting new HTTPS connection (1): www.w3schools.com:443
2026-03-30 16:21:45 | DEBUG | https://www.w3schools.com:443 "GET /css/css_navbar_horizontal.asp HTTP/1.1" 200 45370
2026-03-30 16:21:46 | DEBUG | Starting new HTTPS connection (1): www.w3schools.com:443
2026-03-30 16:21:49 | DEBUG | https://www.w3schools.com:443 "GET /css/css_challenges_navbar.asp HTTP/1.1" 200 46320
2026-03-30 16:21:50 | DEBUG | Starting new HTTPS connection (1): www.w3schools.com:443
2026-03-30 16:21:52 | DEBUG | https://www.w3schools.com:443 "GET /css/css_dropdowns.asp HTTP/1.1" 200 44568
2026-03-30 16:21:54 | DEBUG | Starting new HTTPS connection (1): www.w3schools.com:443
2026-03-30 16:21:55 | DEBUG | https://www.w3schools.com:443 "GET /css/css_dropdowns_advanced.asp HTTP/1.1" 200 43322
2026-03-30 16:21:56 | DEBUG | Starting new HTTPS connection (1): www.w3schools.com:443
2026-03-30 16:21:58 | DEBUG | https://www.w3schools.com:443 "GET /css/css_challenges_dropdowns.asp HTTP/1.1" 200 46319
2026-03-30 16:21:59 | DEBUG | Starting new HTTPS connection (1): www.w3schools.com:443
2026-03-30 16:22:00 | DEBUG | https://www.w3schools.com:443 "GET /css/css_image_gallery.asp HTTP/1.1" 200 43887
2026-03-30 16:22:01 | DEBUG | Starting new HTTPS connection (1): www.w3schools.com:443
2026-03-30 16:22:02 | DEBUG | https://www.w3schools.com:443 "GET /css/css_challenges_image_gallery.asp HTTP/1.1" 200 46322
2026-03-30 16:22:03 | DEBUG | Starting new HTTPS connection (1): www.w3schools.com:443
2026-03-30 16:22:05 | DEBUG | https://www.w3schools.com:443 "GET /css/css_image_sprites.asp HTTP/1.1" 200 44326
2026-03-30 16:22:06 | DEBUG | Starting new HTTPS connection (1): www.w3schools.com:443
2026-03-30 16:22:07 | DEBUG | https://www.w3schools.com:443 "GET /css/css_challenges_image_sprites.asp HTTP/1.1" 200 46321
2026-03-30 16:22:08 | DEBUG | Starting new HTTPS connection (1): www.w3schools.com:443
2026-03-30 16:22:11 | DEBUG | https://www.w3schools.com:443 "GET /css/css_attribute_selectors.asp HTTP/1.1" 200 43470
2026-03-30 16:22:12 | DEBUG | Starting new HTTPS connection (1): www.w3schools.com:443
2026-03-30 16:22:14 | DEBUG | https://www.w3schools.com:443 "GET /css/css_attribute_selectors_advanced.asp HTTP/1.1" 200 43403
2026-03-30 16:22:16 | DEBUG | Starting new HTTPS connection (1): www.w3schools.com:443
2026-03-30 16:22:18 | DEBUG | https://www.w3schools.com:443 "GET /css/css_challenges_attribute_selectors.asp HTTP/1.1" 200 46324
2026-03-30 16:22:20 | DEBUG | Starting new HTTPS connection (1): www.w3schools.com:443
2026-03-30 16:22:22 | DEBUG | https://www.w3schools.com:443 "GET /css/css_forms.asp HTTP/1.1" 200 43263
2026-03-30 16:22:23 | DEBUG | Starting new HTTPS connection (1): www.w3schools.com:443
2026-03-30 16:22:26 | DEBUG | https://www.w3schools.com:443 "GET /css/css_form_inputs.asp HTTP/1.1" 200 43891
2026-03-30 16:22:27 | DEBUG | Starting new HTTPS connection (1): www.w3schools.com:443
2026-03-30 16:22:29 | DEBUG | https://www.w3schools.com:443 "GET /css/css_form_focus.asp HTTP/1.1" 200 43605
2026-03-30 16:22:31 | DEBUG | Starting new HTTPS connection (1): www.w3schools.com:443
2026-03-30 16:22:33 | DEBUG | https://www.w3schools.com:443 "GET /css/css_form_elements.asp HTTP/1.1" 200 43685
2026-03-30 16:22:35 | DEBUG | Starting new HTTPS connection (1): www.w3schools.com:443
2026-03-30 16:22:37 | DEBUG | https://www.w3schools.com:443 "GET /css/css_challenges_form_styling.asp HTTP/1.1" 200 46325
2026-03-30 16:22:38 | DEBUG | Starting new HTTPS connection (1): www.w3schools.com:443
2026-03-30 16:22:40 | DEBUG | https://www.w3schools.com:443 "GET /css/css_counters.asp HTTP/1.1" 200 43485
2026-03-30 16:22:41 | DEBUG | Starting new HTTPS connection (1): www.w3schools.com:443
2026-03-30 16:22:42 | DEBUG | https://www.w3schools.com:443 "GET /css/css_counters_nested.asp HTTP/1.1" 200 43231
2026-03-30 16:22:43 | DEBUG | Starting new HTTPS connection (1): www.w3schools.com:443
2026-03-30 16:22:45 | DEBUG | https://www.w3schools.com:443 "GET /css/css_challenges_counters.asp HTTP/1.1" 200 46315
2026-03-30 16:22:46 | DEBUG | Starting new HTTPS connection (1): www.w3schools.com:443
2026-03-30 16:22:47 | DEBUG | https://www.w3schools.com:443 "GET /css/css_units.asp HTTP/1.1" 200 43042
2026-03-30 16:22:48 | DEBUG | Starting new HTTPS connection (1): www.w3schools.com:443
2026-03-30 16:22:50 | DEBUG | https://www.w3schools.com:443 "GET /css/css_units_absolute.asp HTTP/1.1" 200 43573
2026-03-30 16:22:51 | DEBUG | Starting new HTTPS connection (1): www.w3schools.com:443
2026-03-30 16:22:52 | DEBUG | https://www.w3schools.com:443 "GET /css/css_units_relative.asp HTTP/1.1" 200 43730
2026-03-30 16:22:53 | DEBUG | Starting new HTTPS connection (1): www.w3schools.com:443
2026-03-30 16:22:55 | DEBUG | https://www.w3schools.com:443 "GET /css/css_challenges_units.asp HTTP/1.1" 200 46313
2026-03-30 16:22:56 | DEBUG | Starting new HTTPS connection (1): www.w3schools.com:443
2026-03-30 16:22:57 | DEBUG | https://www.w3schools.com:443 "GET /css/css_inheritance.asp HTTP/1.1" 200 43558
2026-03-30 16:22:58 | DEBUG | Starting new HTTPS connection (1): www.w3schools.com:443
2026-03-30 16:23:00 | DEBUG | https://www.w3schools.com:443 "GET /css/css_challenges_inheritance.asp HTTP/1.1" 200 46321
2026-03-30 16:23:01 | DEBUG | Starting new HTTPS connection (1): www.w3schools.com:443
2026-03-30 16:23:03 | DEBUG | https://www.w3schools.com:443 "GET /css/css_specificity.asp HTTP/1.1" 200 43178
2026-03-30 16:23:05 | DEBUG | Starting new HTTPS connection (1): www.w3schools.com:443
2026-03-30 16:23:07 | DEBUG | https://www.w3schools.com:443 "GET /css/css_specificity_hierarchy.asp HTTP/1.1" 200 43798
2026-03-30 16:23:08 | DEBUG | Starting new HTTPS connection (1): www.w3schools.com:443
2026-03-30 16:23:09 | DEBUG | https://www.w3schools.com:443 "GET /css/css_challenges_specificity.asp HTTP/1.1" 200 46322
2026-03-30 16:23:11 | DEBUG | Starting new HTTPS connection (1): www.w3schools.com:443
2026-03-30 16:23:11 | DEBUG | https://www.w3schools.com:443 "GET /css/css_important.asp HTTP/1.1" 200 44165
2026-03-30 16:23:13 | DEBUG | Starting new HTTPS connection (1): www.w3schools.com:443
2026-03-30 16:23:14 | DEBUG | https://www.w3schools.com:443 "GET /css/css_challenges_important.asp HTTP/1.1" 200 46314
2026-03-30 16:23:16 | DEBUG | Starting new HTTPS connection (1): www.w3schools.com:443
2026-03-30 16:23:17 | DEBUG | https://www.w3schools.com:443 "GET /css/css_math_functions.asp HTTP/1.1" 200 43812
2026-03-30 16:23:18 | DEBUG | Starting new HTTPS connection (1): www.w3schools.com:443
2026-03-30 16:23:20 | DEBUG | https://www.w3schools.com:443 "GET /css/css_challenges_math_functions.asp HTTP/1.1" 200 46323
2026-03-30 16:23:22 | DEBUG | Starting new HTTPS connection (1): www.w3schools.com:443
2026-03-30 16:23:24 | DEBUG | https://www.w3schools.com:443 "GET /css/css_performance.asp HTTP/1.1" 200 43802
2026-03-30 16:23:25 | DEBUG | Starting new HTTPS connection (1): www.w3schools.com:443
2026-03-30 16:23:27 | DEBUG | https://www.w3schools.com:443 "GET /css/css_challenges_performance.asp HTTP/1.1" 200 46314
2026-03-30 16:23:29 | DEBUG | Starting new HTTPS connection (1): www.w3schools.com:443
2026-03-30 16:23:30 | DEBUG | https://www.w3schools.com:443 "GET /css/css_accessibility.asp HTTP/1.1" 200 44004
2026-03-30 16:23:31 | DEBUG | Starting new HTTPS connection (1): www.w3schools.com:443
2026-03-30 16:23:32 | DEBUG | https://www.w3schools.com:443 "GET /css/css_challenges_accessibility.asp HTTP/1.1" 200 46323
2026-03-30 16:23:34 | DEBUG | Starting new HTTPS connection (1): www.w3schools.com:443
2026-03-30 16:23:35 | DEBUG | https://www.w3schools.com:443 "GET /css/css_website_layout.asp HTTP/1.1" 200 44565
2026-03-30 16:23:36 | DEBUG | Starting new HTTPS connection (1): www.w3schools.com:443
2026-03-30 16:23:37 | DEBUG | https://www.w3schools.com:443 "GET /css/css_challenges_website_layout.asp HTTP/1.1" 200 46320
2026-03-30 16:23:39 | DEBUG | Starting new HTTPS connection (1): www.w3schools.com:443
2026-03-30 16:23:40 | DEBUG | https://www.w3schools.com:443 "GET /css/css_challenges_css3_rounded_corners.asp HTTP/1.1" 200 46329
2026-03-30 16:23:41 | DEBUG | Starting new HTTPS connection (1): www.w3schools.com:443
2026-03-30 16:23:42 | DEBUG | https://www.w3schools.com:443 "GET /css/css_challenges_css3_border_images.asp HTTP/1.1" 200 46324
2026-03-30 16:23:43 | DEBUG | Starting new HTTPS connection (1): www.w3schools.com:443
2026-03-30 16:23:45 | DEBUG | https://www.w3schools.com:443 "GET /css/css_challenges_css3_backgrounds.asp HTTP/1.1" 200 46323
2026-03-30 16:23:46 | DEBUG | Starting new HTTPS connection (1): www.w3schools.com:443
2026-03-30 16:23:47 | DEBUG | https://www.w3schools.com:443 "GET /css/css_colors_keywords.asp HTTP/1.1" 200 43485
2026-03-30 16:23:48 | DEBUG | Starting new HTTPS connection (1): www.w3schools.com:443
2026-03-30 16:23:50 | DEBUG | https://www.w3schools.com:443 "GET /css/css_challenges_css3_colors.asp HTTP/1.1" 200 46331
2026-03-30 16:23:51 | DEBUG | Starting new HTTPS connection (1): www.w3schools.com:443
2026-03-30 16:23:52 | DEBUG | https://www.w3schools.com:443 "GET /css/css_challenges_css3_gradients.asp HTTP/1.1" 200 46325
2026-03-30 16:23:54 | DEBUG | Starting new HTTPS connection (1): www.w3schools.com:443
2026-03-30 16:23:56 | DEBUG | https://www.w3schools.com:443 "GET /css/css_challenges_css3_shadows.asp HTTP/1.1" 200 46322
2026-03-30 16:23:57 | DEBUG | Starting new HTTPS connection (1): www.w3schools.com:443
2026-03-30 16:23:58 | DEBUG | https://www.w3schools.com:443 "GET /css/css_challenges_css3_text_effects.asp HTTP/1.1" 200 46321
2026-03-30 16:23:59 | DEBUG | Starting new HTTPS connection (1): www.w3schools.com:443
2026-03-30 16:24:01 | DEBUG | https://www.w3schools.com:443 "GET /css/css_challenges_css3_fonts.asp HTTP/1.1" 200 46319
2026-03-30 16:24:02 | DEBUG | Starting new HTTPS connection (1): www.w3schools.com:443
2026-03-30 16:24:03 | DEBUG | https://www.w3schools.com:443 "GET /css/css_challenges_css3_transforms.asp HTTP/1.1" 200 46325
2026-03-30 16:24:04 | DEBUG | Starting new HTTPS connection (1): www.w3schools.com:443
2026-03-30 16:24:06 | DEBUG | https://www.w3schools.com:443 "GET /css/css_challenges_css3_3dtransforms.asp HTTP/1.1" 200 46321
2026-03-30 16:24:07 | DEBUG | Starting new HTTPS connection (1): www.w3schools.com:443
2026-03-30 16:24:08 | DEBUG | https://www.w3schools.com:443 "GET /css/css_challenges_css3_transitions.asp HTTP/1.1" 200 46322
2026-03-30 16:24:09 | DEBUG | Starting new HTTPS connection (1): www.w3schools.com:443
2026-03-30 16:24:10 | DEBUG | https://www.w3schools.com:443 "GET /css/css_challenges_css3_animations.asp HTTP/1.1" 200 46320
2026-03-30 16:24:11 | DEBUG | Starting new HTTPS connection (1): www.w3schools.com:443
2026-03-30 16:24:12 | DEBUG | https://www.w3schools.com:443 "GET /css/css_tooltip.asp HTTP/1.1" 200 44858
2026-03-30 16:24:13 | DEBUG | Starting new HTTPS connection (1): www.w3schools.com:443
2026-03-30 16:24:15 | DEBUG | https://www.w3schools.com:443 "GET /css/css_tooltip_arrows.asp HTTP/1.1" 200 43802
2026-03-30 16:24:17 | DEBUG | Starting new HTTPS connection (1): www.w3schools.com:443
2026-03-30 16:24:19 | DEBUG | https://www.w3schools.com:443 "GET /css/css_challenges_css_tooltip.asp HTTP/1.1" 200 46313
2026-03-30 16:24:20 | DEBUG | Starting new HTTPS connection (1): www.w3schools.com:443
2026-03-30 16:24:22 | DEBUG | https://www.w3schools.com:443 "GET /css/css_challenges_css3_images.asp HTTP/1.1" 200 46322
2026-03-30 16:24:23 | DEBUG | Starting new HTTPS connection (1): www.w3schools.com:443
2026-03-30 16:24:25 | DEBUG | https://www.w3schools.com:443 "GET /css/css_challenges_imagemodal.asp HTTP/1.1" 200 46323
2026-03-30 16:24:26 | DEBUG | Starting new HTTPS connection (1): www.w3schools.com:443
2026-03-30 16:24:28 | DEBUG | https://www.w3schools.com:443 "GET /css/css_challenges_imagecenter.asp HTTP/1.1" 200 46323
2026-03-30 16:24:30 | DEBUG | Starting new HTTPS connection (1): www.w3schools.com:443
2026-03-30 16:24:32 | DEBUG | https://www.w3schools.com:443 "GET /css/css_challenges_imagefilters.asp HTTP/1.1" 200 46326
2026-03-30 16:24:33 | DEBUG | Starting new HTTPS connection (1): www.w3schools.com:443
2026-03-30 16:24:36 | DEBUG | https://www.w3schools.com:443 "GET /css/css_challenges_imageshapes.asp HTTP/1.1" 200 46323
2026-03-30 16:24:37 | DEBUG | Starting new HTTPS connection (1): www.w3schools.com:443
2026-03-30 16:24:39 | DEBUG | https://www.w3schools.com:443 "GET /css/css_challenges_objectfit.asp HTTP/1.1" 200 46316
2026-03-30 16:24:40 | DEBUG | Starting new HTTPS connection (1): www.w3schools.com:443
2026-03-30 16:24:43 | DEBUG | https://www.w3schools.com:443 "GET /css/css_challenges_objectposition.asp HTTP/1.1" 200 46319
2026-03-30 16:24:44 | DEBUG | Starting new HTTPS connection (1): www.w3schools.com:443
2026-03-30 16:24:46 | DEBUG | https://www.w3schools.com:443 "GET /css/css_challenges_css3_masking.asp HTTP/1.1" 200 46315
2026-03-30 16:24:47 | DEBUG | Starting new HTTPS connection (1): www.w3schools.com:443
2026-03-30 16:24:49 | DEBUG | https://www.w3schools.com:443 "GET /css/css_challenges_css3_buttons.asp HTTP/1.1" 200 46315
2026-03-30 16:24:50 | DEBUG | Starting new HTTPS connection (1): www.w3schools.com:443
2026-03-30 16:24:51 | DEBUG | https://www.w3schools.com:443 "GET /css/css_challenges_css3_pagination.asp HTTP/1.1" 200 46318
2026-03-30 16:24:53 | DEBUG | Starting new HTTPS connection (1): www.w3schools.com:443
2026-03-30 16:24:55 | DEBUG | https://www.w3schools.com:443 "GET /css/css_challenges_css3_columns.asp HTTP/1.1" 200 46319
2026-03-30 16:24:56 | DEBUG | Starting new HTTPS connection (1): www.w3schools.com:443
2026-03-30 16:24:59 | DEBUG | https://www.w3schools.com:443 "GET /css/css_challenges_css3_user_interface.asp HTTP/1.1" 200 46324
2026-03-30 16:25:00 | DEBUG | Starting new HTTPS connection (1): www.w3schools.com:443
2026-03-30 16:25:02 | DEBUG | https://www.w3schools.com:443 "GET /css/css_challenges_css3_variables.asp HTTP/1.1" 200 46317
2026-03-30 16:25:04 | DEBUG | Starting new HTTPS connection (1): www.w3schools.com:443
2026-03-30 16:25:06 | DEBUG | https://www.w3schools.com:443 "GET /css/css_challenges_css3_property.asp HTTP/1.1" 200 None
2026-03-30 16:25:07 | DEBUG | Starting new HTTPS connection (1): www.w3schools.com:443
2026-03-30 16:25:08 | DEBUG | https://www.w3schools.com:443 "GET /css/css_challenges_css3_box-sizing.asp HTTP/1.1" 200 46315
2026-03-30 16:25:09 | DEBUG | Starting new HTTPS connection (1): www.w3schools.com:443
2026-03-30 16:25:10 | DEBUG | https://www.w3schools.com:443 "GET /css/css_challenges_css3_mediaqueries.asp HTTP/1.1" 200 46321
2026-03-30 16:25:11 | DEBUG | Starting new HTTPS connection (1): www.w3schools.com:443
2026-03-30 16:25:13 | DEBUG | https://www.w3schools.com:443 "GET /css/css_challenges_flexbox_intro.asp HTTP/1.1" 200 46330
2026-03-30 16:25:14 | DEBUG | Starting new HTTPS connection (1): www.w3schools.com:443
2026-03-30 16:25:15 | DEBUG | https://www.w3schools.com:443 "GET /css/css_challenges_flexbox_container.asp HTTP/1.1" 200 46323
2026-03-30 16:25:16 | DEBUG | Starting new HTTPS connection (1): www.w3schools.com:443
2026-03-30 16:25:18 | DEBUG | https://www.w3schools.com:443 "GET /css/css_challenges_flexbox_items.asp HTTP/1.1" 200 46322
2026-03-30 16:25:20 | DEBUG | Starting new HTTPS connection (1): www.w3schools.com:443
2026-03-30 16:25:22 | DEBUG | https://www.w3schools.com:443 "GET /css/css_challenges_flexbox_responsive.asp HTTP/1.1" 200 46332
2026-03-30 16:25:23 | DEBUG | Starting new HTTPS connection (1): www.w3schools.com:443
2026-03-30 16:25:25 | DEBUG | https://www.w3schools.com:443 "GET /css/css_grid.asp HTTP/1.1" 200 44617
2026-03-30 16:25:26 | DEBUG | Starting new HTTPS connection (1): www.w3schools.com:443
2026-03-30 16:25:27 | DEBUG | https://www.w3schools.com:443 "GET /css/css_challenges_grid_intro.asp HTTP/1.1" 200 46326
2026-03-30 16:25:28 | DEBUG | Starting new HTTPS connection (1): www.w3schools.com:443
2026-03-30 16:25:29 | DEBUG | https://www.w3schools.com:443 "GET /css/css_grid_container.asp HTTP/1.1" 200 43614
2026-03-30 16:25:30 | DEBUG | Starting new HTTPS connection (1): www.w3schools.com:443
2026-03-30 16:25:31 | DEBUG | https://www.w3schools.com:443 "GET /css/css_grid_tracks.asp HTTP/1.1" 200 44067
2026-03-30 16:25:32 | DEBUG | Starting new HTTPS connection (1): www.w3schools.com:443
2026-03-30 16:25:33 | DEBUG | https://www.w3schools.com:443 "GET /css/css_grid_gap.asp HTTP/1.1" 200 43539
2026-03-30 16:25:34 | DEBUG | Starting new HTTPS connection (1): www.w3schools.com:443
2026-03-30 16:25:35 | DEBUG | https://www.w3schools.com:443 "GET /css/css_grid_align.asp HTTP/1.1" 200 44137
2026-03-30 16:25:36 | DEBUG | Starting new HTTPS connection (1): www.w3schools.com:443
2026-03-30 16:25:37 | DEBUG | https://www.w3schools.com:443 "GET /css/css_challenges_grid_container.asp HTTP/1.1" 200 46319
2026-03-30 16:25:38 | DEBUG | Starting new HTTPS connection (1): www.w3schools.com:443
2026-03-30 16:25:39 | DEBUG | https://www.w3schools.com:443 "GET /css/css_grid_item.asp HTTP/1.1" 200 43915
2026-03-30 16:25:40 | DEBUG | Starting new HTTPS connection (1): www.w3schools.com:443
2026-03-30 16:25:41 | DEBUG | https://www.w3schools.com:443 "GET /css/css_grid_item_name.asp HTTP/1.1" 200 43509
2026-03-30 16:25:42 | DEBUG | Starting new HTTPS connection (1): www.w3schools.com:443
2026-03-30 16:25:43 | DEBUG | https://www.w3schools.com:443 "GET /css/css_grid_item_align.asp HTTP/1.1" 200 43544
2026-03-30 16:25:45 | DEBUG | Starting new HTTPS connection (1): www.w3schools.com:443
2026-03-30 16:25:45 | DEBUG | https://www.w3schools.com:443 "GET /css/css_grid_item_order.asp HTTP/1.1" 200 43152
2026-03-30 16:25:47 | DEBUG | Starting new HTTPS connection (1): www.w3schools.com:443
2026-03-30 16:25:49 | DEBUG | https://www.w3schools.com:443 "GET /css/css_challenges_grid_item.asp HTTP/1.1" 200 46321
2026-03-30 16:25:50 | DEBUG | Starting new HTTPS connection (1): www.w3schools.com:443
2026-03-30 16:25:52 | DEBUG | https://www.w3schools.com:443 "GET /css/css_grid_12column.asp HTTP/1.1" 200 44124
2026-03-30 16:25:54 | DEBUG | Starting new HTTPS connection (1): www.w3schools.com:443
2026-03-30 16:25:55 | DEBUG | https://www.w3schools.com:443 "GET /css/css_challenges_grid_12column.asp HTTP/1.1" 200 46332
2026-03-30 16:25:56 | DEBUG | Starting new HTTPS connection (1): www.w3schools.com:443
2026-03-30 16:25:57 | DEBUG | https://www.w3schools.com:443 "GET /css/css_supports_rule.asp HTTP/1.1" 200 43439
2026-03-30 16:25:58 | DEBUG | Starting new HTTPS connection (1): www.w3schools.com:443
2026-03-30 16:25:59 | DEBUG | https://www.w3schools.com:443 "GET /css/css_challenges_supports_rule.asp HTTP/1.1" 200 46316
2026-03-30 16:26:00 | DEBUG | Starting new HTTPS connection (1): www.w3schools.com:443
2026-03-30 16:26:02 | DEBUG | https://www.w3schools.com:443 "GET /css/css_challenges_rwd_intro.asp HTTP/1.1" 200 46331
2026-03-30 16:26:03 | DEBUG | Starting new HTTPS connection (1): www.w3schools.com:443
2026-03-30 16:26:05 | DEBUG | https://www.w3schools.com:443 "GET /css/css_rwd_viewport.asp HTTP/1.1" 200 43641
2026-03-30 16:26:06 | DEBUG | Starting new HTTPS connection (1): www.w3schools.com:443
2026-03-30 16:26:09 | DEBUG | https://www.w3schools.com:443 "GET /css/css_challenges_rwd_viewport.asp HTTP/1.1" 200 46326
2026-03-30 16:26:10 | DEBUG | Starting new HTTPS connection (1): www.w3schools.com:443
2026-03-30 16:26:12 | DEBUG | https://www.w3schools.com:443 "GET /css/css_rwd_grid.asp HTTP/1.1" 200 43917
2026-03-30 16:26:14 | DEBUG | Starting new HTTPS connection (1): www.w3schools.com:443
2026-03-30 16:26:16 | DEBUG | https://www.w3schools.com:443 "GET /css/css_challenges_rwd_grid.asp HTTP/1.1" 200 46320
2026-03-30 16:26:17 | DEBUG | Starting new HTTPS connection (1): www.w3schools.com:443
2026-03-30 16:26:18 | DEBUG | https://www.w3schools.com:443 "GET /css/css_rwd_mediaqueries.asp HTTP/1.1" 200 44119
2026-03-30 16:26:19 | DEBUG | Starting new HTTPS connection (1): www.w3schools.com:443
2026-03-30 16:26:21 | DEBUG | https://www.w3schools.com:443 "GET /css/css_challenges_rwd_mediaqueries.asp HTTP/1.1" 200 46320
2026-03-30 16:26:22 | DEBUG | Starting new HTTPS connection (1): www.w3schools.com:443
2026-03-30 16:26:23 | DEBUG | https://www.w3schools.com:443 "GET /css/css_rwd_images.asp HTTP/1.1" 200 44428
2026-03-30 16:26:24 | DEBUG | Starting new HTTPS connection (1): www.w3schools.com:443
2026-03-30 16:26:26 | DEBUG | https://www.w3schools.com:443 "GET /css/css_challenges_rwd_images.asp HTTP/1.1" 200 46320
2026-03-30 16:26:27 | DEBUG | Starting new HTTPS connection (1): www.w3schools.com:443
2026-03-30 16:26:29 | DEBUG | https://www.w3schools.com:443 "GET /css/css_rwd_videos.asp HTTP/1.1" 200 42998
2026-03-30 16:26:30 | DEBUG | Starting new HTTPS connection (1): www.w3schools.com:443
2026-03-30 16:26:33 | DEBUG | https://www.w3schools.com:443 "GET /css/css_challenges_rwd_videos.asp HTTP/1.1" 200 None
2026-03-30 16:26:34 | DEBUG | Starting new HTTPS connection (1): www.w3schools.com:443
2026-03-30 16:26:37 | DEBUG | https://www.w3schools.com:443 "GET /css/css_rwd_frameworks.asp HTTP/1.1" 200 44007
2026-03-30 16:26:38 | DEBUG | Starting new HTTPS connection (1): www.w3schools.com:443
2026-03-30 16:26:40 | DEBUG | https://www.w3schools.com:443 "GET /css/css_rwd_templates.asp HTTP/1.1" 200 44749
2026-03-30 16:26:42 | DEBUG | Starting new HTTPS connection (1): www.w3schools.com:443
2026-03-30 16:26:44 | DEBUG | https://www.w3schools.com:443 "GET /css/css_templates.asp HTTP/1.1" 200 43097
2026-03-30 16:26:45 | DEBUG | Starting new HTTPS connection (1): www.w3schools.com:443
2026-03-30 16:26:47 | DEBUG | https://www.w3schools.com:443 "GET /css/css_editor.asp HTTP/1.1" 200 43492
2026-03-30 16:26:49 | DEBUG | Starting new HTTPS connection (1): www.w3schools.com:443
2026-03-30 16:26:50 | DEBUG | https://www.w3schools.com:443 "GET /css/css_snippets.asp HTTP/1.1" 200 43482
2026-03-30 16:26:51 | DEBUG | Starting new HTTPS connection (1): www.w3schools.com:443
2026-03-30 16:26:52 | DEBUG | https://www.w3schools.com:443 "GET /css/css_website.asp HTTP/1.1" 200 53018
2026-03-30 16:26:53 | DEBUG | Starting new HTTPS connection (1): www.w3schools.com:443
2026-03-30 16:26:55 | DEBUG | https://www.w3schools.com:443 "GET /css/css_syllabus.asp HTTP/1.1" 200 45224
2026-03-30 16:26:56 | DEBUG | Starting new HTTPS connection (1): www.w3schools.com:443
2026-03-30 16:26:57 | DEBUG | https://www.w3schools.com:443 "GET /css/css_study_plan.asp HTTP/1.1" 200 44696
2026-03-30 16:26:58 | DEBUG | Starting new HTTPS connection (1): www.w3schools.com:443
2026-03-30 16:27:00 | DEBUG | https://www.w3schools.com:443 "GET /css/css_interview_prep.asp HTTP/1.1" 200 44651
2026-03-30 16:27:01 | DEBUG | Starting new HTTPS connection (1): www.w3schools.com:443
2026-03-30 16:27:04 | DEBUG | https://www.w3schools.com:443 "GET /css/css_exam.asp HTTP/1.1" 200 45607
2026-03-30 16:27:05 | DEBUG | Starting new HTTPS connection (1): www.w3schools.com:443
2026-03-30 16:27:07 | DEBUG | https://www.w3schools.com:443 "GET /js/js_intro.asp HTTP/1.1" 200 43450
2026-03-30 16:27:08 | DEBUG | Starting new HTTPS connection (1): www.w3schools.com:443
2026-03-30 16:27:10 | DEBUG | https://www.w3schools.com:443 "GET /js/js_whereto.asp HTTP/1.1" 200 43936
2026-03-30 16:27:11 | DEBUG | Starting new HTTPS connection (1): www.w3schools.com:443
2026-03-30 16:27:12 | DEBUG | https://www.w3schools.com:443 "GET /js/js_output.asp HTTP/1.1" 200 43639
2026-03-30 16:27:13 | DEBUG | Starting new HTTPS connection (1): www.w3schools.com:443
2026-03-30 16:27:14 | DEBUG | https://www.w3schools.com:443 "GET /js/js_syntax.asp HTTP/1.1" 200 43847
2026-03-30 16:27:15 | DEBUG | Starting new HTTPS connection (1): www.w3schools.com:443
2026-03-30 16:27:17 | DEBUG | https://www.w3schools.com:443 "GET /js/js_statements.asp HTTP/1.1" 200 44020
2026-03-30 16:27:18 | DEBUG | Starting new HTTPS connection (1): www.w3schools.com:443
2026-03-30 16:27:20 | DEBUG | https://www.w3schools.com:443 "GET /js/js_comments.asp HTTP/1.1" 200 43164
2026-03-30 16:27:22 | DEBUG | Starting new HTTPS connection (1): www.w3schools.com:443
2026-03-30 16:27:23 | DEBUG | https://www.w3schools.com:443 "GET /js/js_variables.asp HTTP/1.1" 200 44945
2026-03-30 16:27:25 | DEBUG | Starting new HTTPS connection (1): www.w3schools.com:443
2026-03-30 16:27:27 | DEBUG | https://www.w3schools.com:443 "GET /js/js_let.asp HTTP/1.1" 200 44214
2026-03-30 16:27:29 | DEBUG | Starting new HTTPS connection (1): www.w3schools.com:443
2026-03-30 16:27:31 | DEBUG | https://www.w3schools.com:443 "GET /js/js_const.asp HTTP/1.1" 200 44336
2026-03-30 16:27:32 | DEBUG | Starting new HTTPS connection (1): www.w3schools.com:443
2026-03-30 16:27:34 | DEBUG | https://www.w3schools.com:443 "GET /js/js_types.asp HTTP/1.1" 200 44059
2026-03-30 16:27:35 | DEBUG | Starting new HTTPS connection (1): www.w3schools.com:443
2026-03-30 16:27:36 | DEBUG | https://www.w3schools.com:443 "GET /js/js_operators.asp HTTP/1.1" 200 43822
2026-03-30 16:27:37 | DEBUG | Starting new HTTPS connection (1): www.w3schools.com:443
2026-03-30 16:27:38 | DEBUG | https://www.w3schools.com:443 "GET /js/js_arithmetic.asp HTTP/1.1" 200 43562
2026-03-30 16:27:39 | DEBUG | Starting new HTTPS connection (1): www.w3schools.com:443
2026-03-30 16:27:40 | DEBUG | https://www.w3schools.com:443 "GET /js/js_assignment.asp HTTP/1.1" 200 43889
2026-03-30 16:27:41 | DEBUG | Starting new HTTPS connection (1): www.w3schools.com:443
2026-03-30 16:27:42 | DEBUG | https://www.w3schools.com:443 "GET /js/js_comparisons.asp HTTP/1.1" 200 43547
2026-03-30 16:27:44 | DEBUG | Starting new HTTPS connection (1): www.w3schools.com:443
2026-03-30 16:27:45 | DEBUG | https://www.w3schools.com:443 "GET /js/js_conditionals.asp HTTP/1.1" 200 42712
2026-03-30 16:27:46 | DEBUG | Starting new HTTPS connection (1): www.w3schools.com:443
2026-03-30 16:27:47 | DEBUG | https://www.w3schools.com:443 "GET /js/js_if.asp HTTP/1.1" 200 42793
2026-03-30 16:27:48 | DEBUG | Starting new HTTPS connection (1): www.w3schools.com:443
2026-03-30 16:27:49 | DEBUG | https://www.w3schools.com:443 "GET /js/js_if_else.asp HTTP/1.1" 200 42778
2026-03-30 16:27:50 | DEBUG | Starting new HTTPS connection (1): www.w3schools.com:443
2026-03-30 16:27:51 | DEBUG | https://www.w3schools.com:443 "GET /js/js_if_ternary.asp HTTP/1.1" 200 42923
2026-03-30 16:27:53 | DEBUG | Starting new HTTPS connection (1): www.w3schools.com:443
2026-03-30 16:27:54 | DEBUG | https://www.w3schools.com:443 "GET /js/js_switch.asp HTTP/1.1" 200 43953
2026-03-30 16:27:56 | DEBUG | Starting new HTTPS connection (1): www.w3schools.com:443
2026-03-30 16:27:58 | DEBUG | https://www.w3schools.com:443 "GET /js/js_booleans.asp HTTP/1.1" 200 44086
2026-03-30 16:27:59 | DEBUG | Starting new HTTPS connection (1): www.w3schools.com:443
2026-03-30 16:28:02 | DEBUG | https://www.w3schools.com:443 "GET /js/js_logical.asp HTTP/1.1" 200 43404
2026-03-30 16:28:03 | DEBUG | Starting new HTTPS connection (1): www.w3schools.com:443
2026-03-30 16:28:05 | DEBUG | https://www.w3schools.com:443 "GET /js/js_loops.asp HTTP/1.1" 200 43384
2026-03-30 16:28:07 | DEBUG | Starting new HTTPS connection (1): www.w3schools.com:443
2026-03-30 16:28:08 | DEBUG | https://www.w3schools.com:443 "GET /js/js_loop_for.asp HTTP/1.1" 200 43405
2026-03-30 16:28:09 | DEBUG | Starting new HTTPS connection (1): www.w3schools.com:443
2026-03-30 16:28:11 | DEBUG | https://www.w3schools.com:443 "GET /js/js_loop_while.asp HTTP/1.1" 200 42991
2026-03-30 16:28:12 | DEBUG | Starting new HTTPS connection (1): www.w3schools.com:443
2026-03-30 16:28:14 | DEBUG | https://www.w3schools.com:443 "GET /js/js_break.asp HTTP/1.1" 200 43660
2026-03-30 16:28:15 | DEBUG | Starting new HTTPS connection (1): www.w3schools.com:443
2026-03-30 16:28:16 | DEBUG | https://www.w3schools.com:443 "GET /js/js_continue.asp HTTP/1.1" 200 42769
2026-03-30 16:28:18 | DEBUG | Starting new HTTPS connection (1): www.w3schools.com:443
2026-03-30 16:28:19 | DEBUG | https://www.w3schools.com:443 "GET /js/js_control_flow.asp HTTP/1.1" 200 43211
2026-03-30 16:28:20 | DEBUG | Starting new HTTPS connection (1): www.w3schools.com:443
2026-03-30 16:28:21 | DEBUG | https://www.w3schools.com:443 "GET /js/js_strings.asp HTTP/1.1" 200 44117
2026-03-30 16:28:22 | DEBUG | Starting new HTTPS connection (1): www.w3schools.com:443
2026-03-30 16:28:24 | DEBUG | https://www.w3schools.com:443 "GET /js/js_string_templates.asp HTTP/1.1" 200 43220
2026-03-30 16:28:25 | DEBUG | Starting new HTTPS connection (1): www.w3schools.com:443
2026-03-30 16:28:26 | DEBUG | https://www.w3schools.com:443 "GET /js/js_string_methods.asp HTTP/1.1" 200 47466
2026-03-30 16:28:27 | DEBUG | Starting new HTTPS connection (1): www.w3schools.com:443
2026-03-30 16:28:28 | DEBUG | https://www.w3schools.com:443 "GET /js/js_string_search.asp HTTP/1.1" 200 44271
2026-03-30 16:28:30 | DEBUG | Starting new HTTPS connection (1): www.w3schools.com:443
2026-03-30 16:28:31 | DEBUG | https://www.w3schools.com:443 "GET /js/js_string_reference.asp HTTP/1.1" 200 43864
2026-03-30 16:28:32 | DEBUG | Starting new HTTPS connection (1): www.w3schools.com:443
2026-03-30 16:28:33 | DEBUG | https://www.w3schools.com:443 "GET /js/js_numbers.asp HTTP/1.1" 200 45013
2026-03-30 16:28:34 | DEBUG | Starting new HTTPS connection (1): www.w3schools.com:443
2026-03-30 16:28:36 | DEBUG | https://www.w3schools.com:443 "GET /js/js_number_methods.asp HTTP/1.1" 200 44908
2026-03-30 16:28:37 | DEBUG | Starting new HTTPS connection (1): www.w3schools.com:443
2026-03-30 16:28:38 | DEBUG | https://www.w3schools.com:443 "GET /js/js_number_properties.asp HTTP/1.1" 200 43479
2026-03-30 16:28:39 | DEBUG | Starting new HTTPS connection (1): www.w3schools.com:443
2026-03-30 16:28:40 | DEBUG | https://www.w3schools.com:443 "GET /js/js_number_reference.asp HTTP/1.1" 200 42960
2026-03-30 16:28:41 | DEBUG | Starting new HTTPS connection (1): www.w3schools.com:443
2026-03-30 16:28:42 | DEBUG | https://www.w3schools.com:443 "GET /js/js_bitwise.asp HTTP/1.1" 200 44557
2026-03-30 16:28:43 | DEBUG | Starting new HTTPS connection (1): www.w3schools.com:443
2026-03-30 16:28:44 | DEBUG | https://www.w3schools.com:443 "GET /js/js_bigint.asp HTTP/1.1" 200 45209
2026-03-30 16:28:45 | DEBUG | Starting new HTTPS connection (1): www.w3schools.com:443
2026-03-30 16:28:46 | DEBUG | https://www.w3schools.com:443 "GET /js/js_functions.asp HTTP/1.1" 200 43326
2026-03-30 16:28:47 | DEBUG | Starting new HTTPS connection (1): www.w3schools.com:443
2026-03-30 16:28:49 | DEBUG | https://www.w3schools.com:443 "GET /js/js_function_intro.asp HTTP/1.1" 200 44000
2026-03-30 16:28:50 | DEBUG | Starting new HTTPS connection (1): www.w3schools.com:443
2026-03-30 16:28:51 | DEBUG | https://www.w3schools.com:443 "GET /js/js_function_invocation.asp HTTP/1.1" 200 43681
2026-03-30 16:28:52 | DEBUG | Starting new HTTPS connection (1): www.w3schools.com:443
2026-03-30 16:28:54 | DEBUG | https://www.w3schools.com:443 "GET /js/js_function_parameters.asp HTTP/1.1" 200 43081
2026-03-30 16:28:55 | DEBUG | Starting new HTTPS connection (1): www.w3schools.com:443
2026-03-30 16:28:57 | DEBUG | https://www.w3schools.com:443 "GET /js/js_function_return.asp HTTP/1.1" 200 43369
2026-03-30 16:28:58 | DEBUG | Starting new HTTPS connection (1): www.w3schools.com:443
2026-03-30 16:28:59 | DEBUG | https://www.w3schools.com:443 "GET /js/js_function_arguments.asp HTTP/1.1" 200 44218
2026-03-30 16:29:01 | DEBUG | Starting new HTTPS connection (1): www.w3schools.com:443
2026-03-30 16:29:02 | DEBUG | https://www.w3schools.com:443 "GET /js/js_function_expressions.asp HTTP/1.1" 200 44161
2026-03-30 16:29:03 | DEBUG | Starting new HTTPS connection (1): www.w3schools.com:443
2026-03-30 16:29:05 | DEBUG | https://www.w3schools.com:443 "GET /js/js_arrow_function.asp HTTP/1.1" 200 43851
2026-03-30 16:29:06 | DEBUG | Starting new HTTPS connection (1): www.w3schools.com:443
2026-03-30 16:29:08 | DEBUG | https://www.w3schools.com:443 "GET /js/js_objects.asp HTTP/1.1" 200 43069
2026-03-30 16:29:09 | DEBUG | Starting new HTTPS connection (1): www.w3schools.com:443
2026-03-30 16:29:11 | DEBUG | https://www.w3schools.com:443 "GET /js/js_object_intro.asp HTTP/1.1" 200 44414
2026-03-30 16:29:12 | DEBUG | Starting new HTTPS connection (1): www.w3schools.com:443
2026-03-30 16:29:14 | DEBUG | https://www.w3schools.com:443 "GET /js/js_object_properties.asp HTTP/1.1" 200 43667
2026-03-30 16:29:15 | DEBUG | Starting new HTTPS connection (1): www.w3schools.com:443
2026-03-30 16:29:18 | DEBUG | https://www.w3schools.com:443 "GET /js/js_object_methods.asp HTTP/1.1" 200 43445
2026-03-30 16:29:20 | DEBUG | Starting new HTTPS connection (1): www.w3schools.com:443
2026-03-30 16:29:22 | DEBUG | https://www.w3schools.com:443 "GET /js/js_object_this.asp HTTP/1.1" 200 43031
2026-03-30 16:29:24 | DEBUG | Starting new HTTPS connection (1): www.w3schools.com:443
2026-03-30 16:29:26 | DEBUG | https://www.w3schools.com:443 "GET /js/js_object_display.asp HTTP/1.1" 200 43356
2026-03-30 16:29:27 | DEBUG | Starting new HTTPS connection (1): www.w3schools.com:443
2026-03-30 16:29:30 | DEBUG | https://www.w3schools.com:443 "GET /js/js_object_constructors.asp HTTP/1.1" 200 43876
2026-03-30 16:29:31 | DEBUG | Starting new HTTPS connection (1): www.w3schools.com:443
2026-03-30 16:29:34 | DEBUG | https://www.w3schools.com:443 "GET /js/js_scope.asp HTTP/1.1" 200 43861
2026-03-30 16:29:35 | DEBUG | Starting new HTTPS connection (1): www.w3schools.com:443
2026-03-30 16:29:37 | DEBUG | https://www.w3schools.com:443 "GET /js/js_codeblocks.asp HTTP/1.1" 200 43100
2026-03-30 16:29:39 | DEBUG | Starting new HTTPS connection (1): www.w3schools.com:443
2026-03-30 16:29:41 | DEBUG | https://www.w3schools.com:443 "GET /js/js_hoisting.asp HTTP/1.1" 200 43464
2026-03-30 16:29:43 | DEBUG | Starting new HTTPS connection (1): www.w3schools.com:443
2026-03-30 16:29:45 | DEBUG | https://www.w3schools.com:443 "GET /js/js_strict.asp HTTP/1.1" 200 44321
2026-03-30 16:29:46 | DEBUG | Starting new HTTPS connection (1): www.w3schools.com:443
2026-03-30 16:29:48 | DEBUG | https://www.w3schools.com:443 "GET /js/js_dates.asp HTTP/1.1" 200 44339
2026-03-30 16:29:49 | DEBUG | Starting new HTTPS connection (1): www.w3schools.com:443
2026-03-30 16:29:52 | DEBUG | https://www.w3schools.com:443 "GET /js/js_date_formats.asp HTTP/1.1" 200 43972
2026-03-30 16:29:53 | DEBUG | Starting new HTTPS connection (1): www.w3schools.com:443
2026-03-30 16:29:55 | DEBUG | https://www.w3schools.com:443 "GET /js/js_date_methods.asp HTTP/1.1" 200 44504
2026-03-30 16:29:57 | DEBUG | Starting new HTTPS connection (1): www.w3schools.com:443
2026-03-30 16:29:58 | DEBUG | https://www.w3schools.com:443 "GET /js/js_date_methods_set.asp HTTP/1.1" 200 43259
2026-03-30 16:30:00 | DEBUG | Starting new HTTPS connection (1): www.w3schools.com:443
2026-03-30 16:30:02 | DEBUG | https://www.w3schools.com:443 "GET /js/js_date_reference.asp HTTP/1.1" 200 43368
2026-03-30 16:30:03 | DEBUG | Starting new HTTPS connection (1): www.w3schools.com:443
2026-03-30 16:30:05 | DEBUG | https://www.w3schools.com:443 "GET /js/js_arrays.asp HTTP/1.1" 200 46203
2026-03-30 16:30:06 | DEBUG | Starting new HTTPS connection (1): www.w3schools.com:443
2026-03-30 16:30:08 | DEBUG | https://www.w3schools.com:443 "GET /js/js_array_methods.asp HTTP/1.1" 200 46527
2026-03-30 16:30:09 | DEBUG | Starting new HTTPS connection (1): www.w3schools.com:443
2026-03-30 16:30:11 | DEBUG | https://www.w3schools.com:443 "GET /js/js_array_search.asp HTTP/1.1" 200 44322
2026-03-30 16:30:12 | DEBUG | Starting new HTTPS connection (1): www.w3schools.com:443
2026-03-30 16:30:15 | DEBUG | https://www.w3schools.com:443 "GET /js/js_array_sort.asp HTTP/1.1" 200 45671
2026-03-30 16:30:16 | DEBUG | Starting new HTTPS connection (1): www.w3schools.com:443
2026-03-30 16:30:18 | DEBUG | https://www.w3schools.com:443 "GET /js/js_array_iteration.asp HTTP/1.1" 200 45690
2026-03-30 16:30:19 | DEBUG | Starting new HTTPS connection (1): www.w3schools.com:443
2026-03-30 16:30:21 | DEBUG | https://www.w3schools.com:443 "GET /js/js_array_reference.asp HTTP/1.1" 200 43394
2026-03-30 16:30:23 | DEBUG | Starting new HTTPS connection (1): www.w3schools.com:443
2026-03-30 16:30:25 | DEBUG | https://www.w3schools.com:443 "GET /js/js_array_const.asp HTTP/1.1" 200 43402
2026-03-30 16:30:27 | DEBUG | Starting new HTTPS connection (1): www.w3schools.com:443
2026-03-30 16:30:29 | DEBUG | https://www.w3schools.com:443 "GET /js/js_sets.asp HTTP/1.1" 200 43196
2026-03-30 16:30:30 | DEBUG | Starting new HTTPS connection (1): www.w3schools.com:443
2026-03-30 16:30:33 | DEBUG | https://www.w3schools.com:443 "GET /js/js_set_methods.asp HTTP/1.1" 200 43525
2026-03-30 16:30:34 | DEBUG | Starting new HTTPS connection (1): www.w3schools.com:443
2026-03-30 16:30:36 | DEBUG | https://www.w3schools.com:443 "GET /js/js_set_logic.asp HTTP/1.1" 200 43374
2026-03-30 16:30:38 | DEBUG | Starting new HTTPS connection (1): www.w3schools.com:443
2026-03-30 16:30:39 | DEBUG | https://www.w3schools.com:443 "GET /js/js_sets_weak.asp HTTP/1.1" 200 44117
2026-03-30 16:30:41 | DEBUG | Starting new HTTPS connection (1): www.w3schools.com:443
2026-03-30 16:30:43 | DEBUG | https://www.w3schools.com:443 "GET /js/js_set_reference.asp HTTP/1.1" 200 42663
2026-03-30 16:30:44 | DEBUG | Starting new HTTPS connection (1): www.w3schools.com:443
2026-03-30 16:30:46 | DEBUG | https://www.w3schools.com:443 "GET /js/js_maps.asp HTTP/1.1" 200 43727
2026-03-30 16:30:47 | DEBUG | Starting new HTTPS connection (1): www.w3schools.com:443
2026-03-30 16:30:50 | DEBUG | https://www.w3schools.com:443 "GET /js/js_map_methods.asp HTTP/1.1" 200 43929
2026-03-30 16:30:51 | DEBUG | Starting new HTTPS connection (1): www.w3schools.com:443
2026-03-30 16:30:53 | DEBUG | https://www.w3schools.com:443 "GET /js/js_maps_weak.asp HTTP/1.1" 200 44318
2026-03-30 16:30:54 | DEBUG | Starting new HTTPS connection (1): www.w3schools.com:443
2026-03-30 16:30:57 | DEBUG | https://www.w3schools.com:443 "GET /js/js_map_reference.asp HTTP/1.1" 200 42534
2026-03-30 16:30:58 | DEBUG | Starting new HTTPS connection (1): www.w3schools.com:443
2026-03-30 16:31:00 | DEBUG | https://www.w3schools.com:443 "GET /js/js_looping.asp HTTP/1.1" 200 43671
2026-03-30 16:31:02 | DEBUG | Starting new HTTPS connection (1): www.w3schools.com:443
2026-03-30 16:31:04 | DEBUG | https://www.w3schools.com:443 "GET /js/js_iterables.asp HTTP/1.1" 200 43776
2026-03-30 16:31:05 | DEBUG | Starting new HTTPS connection (1): www.w3schools.com:443
2026-03-30 16:31:08 | DEBUG | https://www.w3schools.com:443 "GET /js/js_iterators.asp HTTP/1.1" 200 44220
2026-03-30 16:31:09 | DEBUG | Starting new HTTPS connection (1): www.w3schools.com:443
2026-03-30 16:31:12 | DEBUG | https://www.w3schools.com:443 "GET /js/js_generators.asp HTTP/1.1" 200 43373
2026-03-30 16:31:13 | DEBUG | Starting new HTTPS connection (1): www.w3schools.com:443
2026-03-30 16:31:15 | DEBUG | https://www.w3schools.com:443 "GET /js/js_math.asp HTTP/1.1" 200 43892
2026-03-30 16:31:17 | DEBUG | Starting new HTTPS connection (1): www.w3schools.com:443
2026-03-30 16:31:19 | DEBUG | https://www.w3schools.com:443 "GET /js/js_math_reference.asp HTTP/1.1" 200 43136
2026-03-30 16:31:21 | DEBUG | Starting new HTTPS connection (1): www.w3schools.com:443
2026-03-30 16:31:23 | DEBUG | https://www.w3schools.com:443 "GET /js/js_random.asp HTTP/1.1" 200 43162
2026-03-30 16:31:25 | DEBUG | Starting new HTTPS connection (1): www.w3schools.com:443
2026-03-30 16:31:27 | DEBUG | https://www.w3schools.com:443 "GET /js/js_regexp.asp HTTP/1.1" 200 44610
2026-03-30 16:31:29 | DEBUG | Starting new HTTPS connection (1): www.w3schools.com:443
2026-03-30 16:31:31 | DEBUG | https://www.w3schools.com:443 "GET /js/js_regexp_flags.asp HTTP/1.1" 200 44991
2026-03-30 16:31:32 | DEBUG | Starting new HTTPS connection (1): www.w3schools.com:443
2026-03-30 16:31:34 | DEBUG | https://www.w3schools.com:443 "GET /js/js_regexp_characters.asp HTTP/1.1" 200 43127
2026-03-30 16:31:36 | DEBUG | Starting new HTTPS connection (1): www.w3schools.com:443
2026-03-30 16:31:38 | DEBUG | https://www.w3schools.com:443 "GET /js/js_regexp_meta_characters.asp HTTP/1.1" 200 43446
2026-03-30 16:31:39 | DEBUG | Starting new HTTPS connection (1): www.w3schools.com:443
2026-03-30 16:31:42 | DEBUG | https://www.w3schools.com:443 "GET /js/js_regexp_assertions.asp HTTP/1.1" 200 44297
2026-03-30 16:31:43 | DEBUG | Starting new HTTPS connection (1): www.w3schools.com:443
2026-03-30 16:31:45 | DEBUG | https://www.w3schools.com:443 "GET /js/js_regexp_quantifiers.asp HTTP/1.1" 200 43251
2026-03-30 16:31:46 | DEBUG | Starting new HTTPS connection (1): www.w3schools.com:443
2026-03-30 16:31:48 | DEBUG | https://www.w3schools.com:443 "GET /js/js_regexp_patterns.asp HTTP/1.1" 200 43689
2026-03-30 16:31:50 | DEBUG | Starting new HTTPS connection (1): www.w3schools.com:443
2026-03-30 16:31:52 | DEBUG | https://www.w3schools.com:443 "GET /js/js_regexp_objects.asp HTTP/1.1" 200 43347
2026-03-30 16:31:53 | DEBUG | Starting new HTTPS connection (1): www.w3schools.com:443
2026-03-30 16:31:56 | DEBUG | https://www.w3schools.com:443 "GET /js/js_regexp_methods.asp HTTP/1.1" 200 42963
2026-03-30 16:31:57 | DEBUG | Starting new HTTPS connection (1): www.w3schools.com:443
2026-03-30 16:31:59 | DEBUG | https://www.w3schools.com:443 "GET /js/js_destructuring.asp HTTP/1.1" 200 43144
2026-03-30 16:32:01 | DEBUG | Starting new HTTPS connection (1): www.w3schools.com:443
2026-03-30 16:32:03 | DEBUG | https://www.w3schools.com:443 "GET /js/js_datatypes.asp HTTP/1.1" 200 44144
2026-03-30 16:32:04 | DEBUG | Starting new HTTPS connection (1): www.w3schools.com:443
2026-03-30 16:32:06 | DEBUG | https://www.w3schools.com:443 "GET /js/js_datatypes_primitives.asp HTTP/1.1" 200 44233
2026-03-30 16:32:07 | DEBUG | Starting new HTTPS connection (1): www.w3schools.com:443
2026-03-30 16:32:09 | DEBUG | https://www.w3schools.com:443 "GET /js/js_datatypes_objects.asp HTTP/1.1" 200 43679
2026-03-30 16:32:11 | DEBUG | Starting new HTTPS connection (1): www.w3schools.com:443
2026-03-30 16:32:13 | DEBUG | https://www.w3schools.com:443 "GET /js/js_typeof.asp HTTP/1.1" 200 44563
2026-03-30 16:32:14 | DEBUG | Starting new HTTPS connection (1): www.w3schools.com:443
2026-03-30 16:32:16 | DEBUG | https://www.w3schools.com:443 "GET /js/js_tostring.asp HTTP/1.1" 200 42842
2026-03-30 16:32:18 | DEBUG | Starting new HTTPS connection (1): www.w3schools.com:443
2026-03-30 16:32:20 | DEBUG | https://www.w3schools.com:443 "GET /js/js_type_conversion.asp HTTP/1.1" 200 44855
2026-03-30 16:32:21 | DEBUG | Starting new HTTPS connection (1): www.w3schools.com:443
2026-03-30 16:32:23 | DEBUG | https://www.w3schools.com:443 "GET /js/js_errors_intro.asp HTTP/1.1" 200 44259
2026-03-30 16:32:24 | DEBUG | Starting new HTTPS connection (1): www.w3schools.com:443
2026-03-30 16:32:26 | DEBUG | https://www.w3schools.com:443 "GET /js/js_errors_silent.asp HTTP/1.1" 200 42939
2026-03-30 16:32:27 | DEBUG | Starting new HTTPS connection (1): www.w3schools.com:443
2026-03-30 16:32:29 | DEBUG | https://www.w3schools.com:443 "GET /js/js_errors.asp HTTP/1.1" 200 43933
2026-03-30 16:32:30 | DEBUG | Starting new HTTPS connection (1): www.w3schools.com:443
2026-03-30 16:32:32 | DEBUG | https://www.w3schools.com:443 "GET /js/js_error_object.asp HTTP/1.1" 200 42885
2026-03-30 16:32:33 | DEBUG | Starting new HTTPS connection (1): www.w3schools.com:443
2026-03-30 16:32:35 | DEBUG | https://www.w3schools.com:443 "GET /js/js_debugging.asp HTTP/1.1" 200 44722
2026-03-30 16:32:36 | DEBUG | Starting new HTTPS connection (1): www.w3schools.com:443
2026-03-30 16:32:38 | DEBUG | https://www.w3schools.com:443 "GET /js/js_debugging_console.asp HTTP/1.1" 200 43275
2026-03-30 16:32:39 | DEBUG | Starting new HTTPS connection (1): www.w3schools.com:443
2026-03-30 16:32:41 | DEBUG | https://www.w3schools.com:443 "GET /js/js_debugging_breakpoints.asp HTTP/1.1" 200 43606
2026-03-30 16:32:43 | DEBUG | Starting new HTTPS connection (1): www.w3schools.com:443
2026-03-30 16:32:45 | DEBUG | https://www.w3schools.com:443 "GET /js/js_debugging_errors.asp HTTP/1.1" 200 43198
2026-03-30 16:32:46 | DEBUG | Starting new HTTPS connection (1): www.w3schools.com:443
2026-03-30 16:32:48 | DEBUG | https://www.w3schools.com:443 "GET /js/js_debugging_async.asp HTTP/1.1" 200 43183
2026-03-30 16:32:50 | DEBUG | Starting new HTTPS connection (1): www.w3schools.com:443
2026-03-30 16:32:52 | DEBUG | https://www.w3schools.com:443 "GET /js/js_debugging_reference.asp HTTP/1.1" 200 42920
2026-03-30 16:32:53 | DEBUG | Starting new HTTPS connection (1): www.w3schools.com:443
2026-03-30 16:32:55 | DEBUG | https://www.w3schools.com:443 "GET /js/js_conventions.asp HTTP/1.1" 200 44892
2026-03-30 16:32:57 | DEBUG | Starting new HTTPS connection (1): www.w3schools.com:443
2026-03-30 16:32:59 | DEBUG | https://www.w3schools.com:443 "GET /js/js_best_practices.asp HTTP/1.1" 200 44978
2026-03-30 16:33:00 | DEBUG | Starting new HTTPS connection (1): www.w3schools.com:443
2026-03-30 16:33:02 | DEBUG | https://www.w3schools.com:443 "GET /js/js_mistakes.asp HTTP/1.1" 200 44934
2026-03-30 16:33:03 | DEBUG | Starting new HTTPS connection (1): www.w3schools.com:443
2026-03-30 16:33:05 | DEBUG | https://www.w3schools.com:443 "GET /js/js_performance.asp HTTP/1.1" 200 43377
2026-03-30 16:33:06 | DEBUG | Starting new HTTPS connection (1): www.w3schools.com:443
2026-03-30 16:33:09 | DEBUG | https://www.w3schools.com:443 "GET /js/js_statements_reference.asp HTTP/1.1" 200 43006
2026-03-30 16:33:10 | DEBUG | Starting new HTTPS connection (1): www.w3schools.com:443
2026-03-30 16:33:13 | DEBUG | https://www.w3schools.com:443 "GET /js/js_reserved.asp HTTP/1.1" 200 43574
2026-03-30 16:33:14 | DEBUG | Starting new HTTPS connection (1): www.w3schools.com:443
2026-03-30 16:33:17 | DEBUG | https://www.w3schools.com:443 "GET /js/js_operators_reference.asp HTTP/1.1" 200 44551
2026-03-30 16:33:19 | DEBUG | Starting new HTTPS connection (1): www.w3schools.com:443
2026-03-30 16:33:20 | DEBUG | https://www.w3schools.com:443 "GET /js/js_precedence.asp HTTP/1.1" 200 44356
2026-03-30 16:33:21 | DEBUG | Starting new HTTPS connection (1): www.w3schools.com:443
2026-03-30 16:33:23 | DEBUG | https://www.w3schools.com:443 "GET /js/js_2026.asp HTTP/1.1" 200 45106
2026-03-30 16:33:24 | DEBUG | Starting new HTTPS connection (1): www.w3schools.com:443
2026-03-30 16:33:25 | DEBUG | https://www.w3schools.com:443 "GET /js/js_2025.asp HTTP/1.1" 200 46597
2026-03-30 16:33:26 | DEBUG | Starting new HTTPS connection (1): www.w3schools.com:443
2026-03-30 16:33:29 | DEBUG | https://www.w3schools.com:443 "GET /js/js_2024.asp HTTP/1.1" 200 44154
2026-03-30 16:33:31 | DEBUG | Starting new HTTPS connection (1): www.w3schools.com:443
2026-03-30 16:33:33 | DEBUG | https://www.w3schools.com:443 "GET /js/js_2023.asp HTTP/1.1" 200 43577
2026-03-30 16:33:34 | DEBUG | Starting new HTTPS connection (1): www.w3schools.com:443
2026-03-30 16:33:37 | DEBUG | https://www.w3schools.com:443 "GET /js/js_2022.asp HTTP/1.1" 200 44299
2026-03-30 16:33:38 | DEBUG | Starting new HTTPS connection (1): www.w3schools.com:443
2026-03-30 16:33:40 | DEBUG | https://www.w3schools.com:443 "GET /js/js_2021.asp HTTP/1.1" 200 43304
2026-03-30 16:33:42 | DEBUG | Starting new HTTPS connection (1): www.w3schools.com:443
2026-03-30 16:33:43 | DEBUG | https://www.w3schools.com:443 "GET /js/js_2020.asp HTTP/1.1" 200 45753
2026-03-30 16:33:44 | DEBUG | Starting new HTTPS connection (1): www.w3schools.com:443
2026-03-30 16:33:46 | DEBUG | https://www.w3schools.com:443 "GET /js/js_2019.asp HTTP/1.1" 200 44445
2026-03-30 16:33:48 | DEBUG | Starting new HTTPS connection (1): www.w3schools.com:443
2026-03-30 16:33:50 | DEBUG | https://www.w3schools.com:443 "GET /js/js_2018.asp HTTP/1.1" 200 44478
2026-03-30 16:33:52 | DEBUG | Starting new HTTPS connection (1): www.w3schools.com:443
2026-03-30 16:33:54 | DEBUG | https://www.w3schools.com:443 "GET /js/js_2017.asp HTTP/1.1" 200 44010
2026-03-30 16:33:56 | DEBUG | Starting new HTTPS connection (1): www.w3schools.com:443
2026-03-30 16:33:59 | DEBUG | https://www.w3schools.com:443 "GET /js/js_2016.asp HTTP/1.1" 200 42978
2026-03-30 16:34:00 | DEBUG | Starting new HTTPS connection (1): www.w3schools.com:443
2026-03-30 16:34:02 | DEBUG | https://www.w3schools.com:443 "GET /js/js_versions.asp HTTP/1.1" 200 43527
2026-03-30 16:34:04 | DEBUG | Starting new HTTPS connection (1): www.w3schools.com:443
2026-03-30 16:34:05 | DEBUG | https://www.w3schools.com:443 "GET /js/js_es6.asp HTTP/1.1" 200 50382
2026-03-30 16:34:07 | DEBUG | Starting new HTTPS connection (1): www.w3schools.com:443
2026-03-30 16:34:07 | DEBUG | https://www.w3schools.com:443 "GET /js/js_es5.asp HTTP/1.1" 200 47646
2026-03-30 16:34:09 | DEBUG | Starting new HTTPS connection (1): www.w3schools.com:443
2026-03-30 16:34:10 | DEBUG | https://www.w3schools.com:443 "GET /js/js_es3.asp HTTP/1.1" 200 43377
2026-03-30 16:34:11 | DEBUG | Starting new HTTPS connection (1): www.w3schools.com:443
2026-03-30 16:34:13 | DEBUG | https://www.w3schools.com:443 "GET /js/js_ie_edge.asp HTTP/1.1" 200 43170
2026-03-30 16:34:14 | DEBUG | Starting new HTTPS connection (1): www.w3schools.com:443
2026-03-30 16:34:15 | DEBUG | https://www.w3schools.com:443 "GET /js/js_history.asp HTTP/1.1" 200 43707
2026-03-30 16:34:16 | DEBUG | Starting new HTTPS connection (1): www.w3schools.com:443
2026-03-30 16:34:18 | DEBUG | https://www.w3schools.com:443 "GET /js/js_htmldom.asp HTTP/1.1" 200 43211
2026-03-30 16:34:19 | DEBUG | Starting new HTTPS connection (1): www.w3schools.com:443
2026-03-30 16:34:21 | DEBUG | https://www.w3schools.com:443 "GET /js/js_htmldom_methods.asp HTTP/1.1" 200 43544
2026-03-30 16:34:23 | DEBUG | Starting new HTTPS connection (1): www.w3schools.com:443
2026-03-30 16:34:24 | DEBUG | https://www.w3schools.com:443 "GET /js/js_htmldom_elements.asp HTTP/1.1" 200 43442
2026-03-30 16:34:26 | DEBUG | Starting new HTTPS connection (1): www.w3schools.com:443
2026-03-30 16:34:28 | DEBUG | https://www.w3schools.com:443 "GET /js/js_htmldom_html.asp HTTP/1.1" 200 43283
2026-03-30 16:34:30 | DEBUG | Starting new HTTPS connection (1): www.w3schools.com:443
2026-03-30 16:34:32 | DEBUG | https://www.w3schools.com:443 "GET /js/js_htmldom_css.asp HTTP/1.1" 200 42886
2026-03-30 16:34:33 | DEBUG | Starting new HTTPS connection (1): www.w3schools.com:443
2026-03-30 16:34:36 | DEBUG | https://www.w3schools.com:443 "GET /js/js_validation.asp HTTP/1.1" 200 43668
2026-03-30 16:34:37 | DEBUG | Starting new HTTPS connection (1): www.w3schools.com:443
2026-03-30 16:34:39 | DEBUG | https://www.w3schools.com:443 "GET /js/js_htmldom_animate.asp HTTP/1.1" 200 42915
2026-03-30 16:34:40 | DEBUG | Starting new HTTPS connection (1): www.w3schools.com:443
2026-03-30 16:34:43 | DEBUG | https://www.w3schools.com:443 "GET /js/js_htmldom_document.asp HTTP/1.1" 200 43791
2026-03-30 16:34:44 | DEBUG | Starting new HTTPS connection (1): www.w3schools.com:443
2026-03-30 16:34:47 | DEBUG | https://www.w3schools.com:443 "GET /js/js_htmldom_element_reference.asp HTTP/1.1" 200 44409
2026-03-30 16:34:48 | DEBUG | Starting new HTTPS connection (1): www.w3schools.com:443
2026-03-30 16:34:51 | DEBUG | https://www.w3schools.com:443 "GET /js/js_events.asp HTTP/1.1" 200 43943
2026-03-30 16:34:53 | DEBUG | Starting new HTTPS connection (1): www.w3schools.com:443
2026-03-30 16:34:55 | DEBUG | https://www.w3schools.com:443 "GET /js/js_events_mouse.asp HTTP/1.1" 200 43315
2026-03-30 16:34:57 | DEBUG | Starting new HTTPS connection (1): www.w3schools.com:443
2026-03-30 16:34:59 | DEBUG | https://www.w3schools.com:443 "GET /js/js_events_keyboard.asp HTTP/1.1" 200 43081
2026-03-30 16:35:00 | DEBUG | Starting new HTTPS connection (1): www.w3schools.com:443
2026-03-30 16:35:01 | DEBUG | https://www.w3schools.com:443 "GET /js/js_events_load.asp HTTP/1.1" 200 43084
2026-03-30 16:35:03 | DEBUG | Starting new HTTPS connection (1): www.w3schools.com:443
2026-03-30 16:35:05 | DEBUG | https://www.w3schools.com:443 "GET /js/js_events_timing.asp HTTP/1.1" 200 43501
2026-03-30 16:35:06 | DEBUG | Starting new HTTPS connection (1): www.w3schools.com:443
2026-03-30 16:35:09 | DEBUG | https://www.w3schools.com:443 "GET /js/js_events_management.asp HTTP/1.1" 200 42633
2026-03-30 16:35:10 | DEBUG | Starting new HTTPS connection (1): www.w3schools.com:443
2026-03-30 16:35:12 | DEBUG | https://www.w3schools.com:443 "GET /js/js_htmldom_events.asp HTTP/1.1" 200 43856
2026-03-30 16:35:13 | DEBUG | Starting new HTTPS connection (1): www.w3schools.com:443
2026-03-30 16:35:15 | DEBUG | https://www.w3schools.com:443 "GET /js/js_htmldom_eventlistener.asp HTTP/1.1" 200 43879
2026-03-30 16:35:17 | DEBUG | Starting new HTTPS connection (1): www.w3schools.com:443
2026-03-30 16:35:19 | DEBUG | https://www.w3schools.com:443 "GET /js/js_project_counter.asp HTTP/1.1" 200 43854
2026-03-30 16:35:20 | DEBUG | Starting new HTTPS connection (1): www.w3schools.com:443
2026-03-30 16:35:23 | DEBUG | https://www.w3schools.com:443 "GET /js/js_project_eventlistener.asp HTTP/1.1" 200 43865
2026-03-30 16:35:24 | DEBUG | Starting new HTTPS connection (1): www.w3schools.com:443
2026-03-30 16:35:25 | DEBUG | https://www.w3schools.com:443 "GET /js/js_project_todo.asp HTTP/1.1" 200 44132
2026-03-30 16:35:26 | DEBUG | Starting new HTTPS connection (1): www.w3schools.com:443
2026-03-30 16:35:28 | DEBUG | https://www.w3schools.com:443 "GET /js/js_project_modal_popup.asp HTTP/1.1" 200 44259
2026-03-30 16:35:29 | DEBUG | Starting new HTTPS connection (1): www.w3schools.com:443
2026-03-30 16:35:30 | DEBUG | https://www.w3schools.com:443 "GET /js/js_project_form_validation.asp HTTP/1.1" 200 44110
2026-03-30 16:35:31 | DEBUG | Starting new HTTPS connection (1): www.w3schools.com:443
2026-03-30 16:35:32 | DEBUG | https://www.w3schools.com:443 "GET /js/js_temporal.asp HTTP/1.1" 200 44100
2026-03-30 16:35:33 | DEBUG | Starting new HTTPS connection (1): www.w3schools.com:443
2026-03-30 16:35:35 | DEBUG | https://www.w3schools.com:443 "GET /js/js_temporal_intro.asp HTTP/1.1" 200 44823
2026-03-30 16:35:36 | DEBUG | Starting new HTTPS connection (1): www.w3schools.com:443
2026-03-30 16:35:37 | DEBUG | https://www.w3schools.com:443 "GET /js/js_temporal_vs_date.asp HTTP/1.1" 200 45202
2026-03-30 16:35:39 | DEBUG | Starting new HTTPS connection (1): www.w3schools.com:443
2026-03-30 16:35:41 | DEBUG | https://www.w3schools.com:443 "GET /js/js_temporal_duration.asp HTTP/1.1" 200 45303
2026-03-30 16:35:42 | DEBUG | Starting new HTTPS connection (1): www.w3schools.com:443
2026-03-30 16:35:43 | DEBUG | https://www.w3schools.com:443 "GET /js/js_temporal_instant.asp HTTP/1.1" 200 44547
2026-03-30 16:35:44 | DEBUG | Starting new HTTPS connection (1): www.w3schools.com:443
2026-03-30 16:35:47 | DEBUG | https://www.w3schools.com:443 "GET /js/js_temporal_plaindatetime.asp HTTP/1.1" 200 44218
2026-03-30 16:35:48 | DEBUG | Starting new HTTPS connection (1): www.w3schools.com:443
2026-03-30 16:35:51 | DEBUG | https://www.w3schools.com:443 "GET /js/js_temporal_plain.asp HTTP/1.1" 200 45304
2026-03-30 16:35:53 | DEBUG | Starting new HTTPS connection (1): www.w3schools.com:443
2026-03-30 16:35:55 | DEBUG | https://www.w3schools.com:443 "GET /js/js_temporal_plainyearmonth.asp HTTP/1.1" 200 43099
2026-03-30 16:35:56 | DEBUG | Starting new HTTPS connection (1): www.w3schools.com:443
2026-03-30 16:35:58 | DEBUG | https://www.w3schools.com:443 "GET /js/js_temporal_plainmonthday.asp HTTP/1.1" 200 42946
2026-03-30 16:36:00 | DEBUG | Starting new HTTPS connection (1): www.w3schools.com:443
2026-03-30 16:36:02 | DEBUG | https://www.w3schools.com:443 "GET /js/js_temporal_plaintime.asp HTTP/1.1" 200 44180
2026-03-30 16:36:03 | DEBUG | Starting new HTTPS connection (1): www.w3schools.com:443
2026-03-30 16:36:06 | DEBUG | https://www.w3schools.com:443 "GET /js/js_temporal_zoneddatetime.asp HTTP/1.1" 200 45413
2026-03-30 16:36:07 | DEBUG | Starting new HTTPS connection (1): www.w3schools.com:443
2026-03-30 16:36:10 | DEBUG | https://www.w3schools.com:443 "GET /js/js_temporal_now.asp HTTP/1.1" 200 43372
2026-03-30 16:36:11 | DEBUG | Starting new HTTPS connection (1): www.w3schools.com:443
2026-03-30 16:36:14 | DEBUG | https://www.w3schools.com:443 "GET /js/js_temporal_arithmetic.asp HTTP/1.1" 200 44906
2026-03-30 16:36:15 | DEBUG | Starting new HTTPS connection (1): www.w3schools.com:443
2026-03-30 16:36:17 | DEBUG | https://www.w3schools.com:443 "GET /js/js_temporal_formats.asp HTTP/1.1" 200 44723
2026-03-30 16:36:18 | DEBUG | Starting new HTTPS connection (1): www.w3schools.com:443
2026-03-30 16:36:20 | DEBUG | https://www.w3schools.com:443 "GET /js/js_temporal_mistakes.asp HTTP/1.1" 200 43062
2026-03-30 16:36:22 | DEBUG | Starting new HTTPS connection (1): www.w3schools.com:443
2026-03-30 16:36:24 | DEBUG | https://www.w3schools.com:443 "GET /js/js_temporal_migrate.asp HTTP/1.1" 200 43329
2026-03-30 16:36:25 | DEBUG | Starting new HTTPS connection (1): www.w3schools.com:443
2026-03-30 16:36:27 | DEBUG | https://www.w3schools.com:443 "GET /js/js_temporal_reference.asp HTTP/1.1" 200 46176
2026-03-30 16:36:29 | DEBUG | Starting new HTTPS connection (1): www.w3schools.com:443
2026-03-30 16:36:31 | DEBUG | https://www.w3schools.com:443 "GET /js/js_function_advanced.asp HTTP/1.1" 200 42701
2026-03-30 16:36:33 | DEBUG | Starting new HTTPS connection (1): www.w3schools.com:443
2026-03-30 16:36:35 | DEBUG | https://www.w3schools.com:443 "GET /js/js_function_definition.asp HTTP/1.1" 200 44167
2026-03-30 16:36:37 | DEBUG | Starting new HTTPS connection (1): www.w3schools.com:443
2026-03-30 16:36:38 | DEBUG | https://www.w3schools.com:443 "GET /js/js_callback.asp HTTP/1.1" 200 44307
2026-03-30 16:36:39 | DEBUG | Starting new HTTPS connection (1): www.w3schools.com:443
2026-03-30 16:36:41 | DEBUG | https://www.w3schools.com:443 "GET /js/js_function_this.asp HTTP/1.1" 200 44931
2026-03-30 16:36:42 | DEBUG | Starting new HTTPS connection (1): www.w3schools.com:443
2026-03-30 16:36:44 | DEBUG | https://www.w3schools.com:443 "GET /js/js_function_call.asp HTTP/1.1" 200 43659
2026-03-30 16:36:45 | DEBUG | Starting new HTTPS connection (1): www.w3schools.com:443
2026-03-30 16:36:47 | DEBUG | https://www.w3schools.com:443 "GET /js/js_function_apply.asp HTTP/1.1" 200 44173
2026-03-30 16:36:49 | DEBUG | Starting new HTTPS connection (1): www.w3schools.com:443
2026-03-30 16:36:52 | DEBUG | https://www.w3schools.com:443 "GET /js/js_function_bind.asp HTTP/1.1" 200 43992
2026-03-30 16:36:53 | DEBUG | Starting new HTTPS connection (1): www.w3schools.com:443
2026-03-30 16:36:56 | DEBUG | https://www.w3schools.com:443 "GET /js/js_function_iife.asp HTTP/1.1" 200 44070
2026-03-30 16:36:57 | DEBUG | Starting new HTTPS connection (1): www.w3schools.com:443
2026-03-30 16:37:00 | DEBUG | https://www.w3schools.com:443 "GET /js/js_function_closures.asp HTTP/1.1" 200 44756
2026-03-30 16:37:01 | DEBUG | Starting new HTTPS connection (1): www.w3schools.com:443
2026-03-30 16:37:03 | DEBUG | https://www.w3schools.com:443 "GET /js/js_function_reference.asp HTTP/1.1" 200 42849
2026-03-30 16:37:04 | DEBUG | Starting new HTTPS connection (1): www.w3schools.com:443
2026-03-30 16:37:05 | DEBUG | https://www.w3schools.com:443 "GET /js/js_object_advanced.asp HTTP/1.1" 200 42515
2026-03-30 16:37:07 | DEBUG | Starting new HTTPS connection (1): www.w3schools.com:443
2026-03-30 16:37:08 | DEBUG | https://www.w3schools.com:443 "GET /js/js_object_definition.asp HTTP/1.1" 200 44307
2026-03-30 16:37:09 | DEBUG | Starting new HTTPS connection (1): www.w3schools.com:443
2026-03-30 16:37:12 | DEBUG | https://www.w3schools.com:443 "GET /js/js_this.asp HTTP/1.1" 200 43568
2026-03-30 16:37:13 | DEBUG | Starting new HTTPS connection (1): www.w3schools.com:443
2026-03-30 16:37:16 | DEBUG | https://www.w3schools.com:443 "GET /js/js_object_iterations.asp HTTP/1.1" 200 44119
2026-03-30 16:37:17 | DEBUG | Starting new HTTPS connection (1): www.w3schools.com:443
2026-03-30 16:37:20 | DEBUG | https://www.w3schools.com:443 "GET /js/js_object_accessors.asp HTTP/1.1" 200 43453
2026-03-30 16:37:21 | DEBUG | Starting new HTTPS connection (1): www.w3schools.com:443
2026-03-30 16:37:23 | DEBUG | https://www.w3schools.com:443 "GET /js/js_object_management.asp HTTP/1.1" 200 44005
2026-03-30 16:37:25 | DEBUG | Starting new HTTPS connection (1): www.w3schools.com:443
2026-03-30 16:37:27 | DEBUG | https://www.w3schools.com:443 "GET /js/js_object_protection.asp HTTP/1.1" 200 43509
2026-03-30 16:37:28 | DEBUG | Starting new HTTPS connection (1): www.w3schools.com:443
2026-03-30 16:37:30 | DEBUG | https://www.w3schools.com:443 "GET /js/js_object_prototypes.asp HTTP/1.1" 200 43012
2026-03-30 16:37:31 | DEBUG | Starting new HTTPS connection (1): www.w3schools.com:443
2026-03-30 16:37:33 | DEBUG | https://www.w3schools.com:443 "GET /js/js_object_reference.asp HTTP/1.1" 200 42839
2026-03-30 16:37:34 | DEBUG | Starting new HTTPS connection (1): www.w3schools.com:443
2026-03-30 16:37:35 | DEBUG | https://www.w3schools.com:443 "GET /js/js_classes.asp HTTP/1.1" 200 43501
2026-03-30 16:37:37 | DEBUG | Starting new HTTPS connection (1): www.w3schools.com:443
2026-03-30 16:37:37 | DEBUG | https://www.w3schools.com:443 "GET /js/js_class_inheritance.asp HTTP/1.1" 200 43429
2026-03-30 16:37:39 | DEBUG | Starting new HTTPS connection (1): www.w3schools.com:443
2026-03-30 16:37:41 | DEBUG | https://www.w3schools.com:443 "GET /js/js_class_static.asp HTTP/1.1" 200 42478
2026-03-30 16:37:42 | DEBUG | Starting new HTTPS connection (1): www.w3schools.com:443
2026-03-30 16:37:44 | DEBUG | https://www.w3schools.com:443 "GET /js/js_asynchronous.asp HTTP/1.1" 200 43060
2026-03-30 16:37:45 | DEBUG | Starting new HTTPS connection (1): www.w3schools.com:443
2026-03-30 16:37:46 | DEBUG | https://www.w3schools.com:443 "GET /js/js_async.asp HTTP/1.1" 200 44593
2026-03-30 16:37:47 | DEBUG | Starting new HTTPS connection (1): www.w3schools.com:443
2026-03-30 16:37:48 | DEBUG | https://www.w3schools.com:443 "GET /js/js_async_timeouts.asp HTTP/1.1" 200 42781
2026-03-30 16:37:49 | DEBUG | Starting new HTTPS connection (1): www.w3schools.com:443
2026-03-30 16:37:50 | DEBUG | https://www.w3schools.com:443 "GET /js/js_async_callbacks.asp HTTP/1.1" 200 44769
2026-03-30 16:37:51 | DEBUG | Starting new HTTPS connection (1): www.w3schools.com:443
2026-03-30 16:37:52 | DEBUG | https://www.w3schools.com:443 "GET /js/js_promise.asp HTTP/1.1" 200 45579
2026-03-30 16:37:54 | DEBUG | Starting new HTTPS connection (1): www.w3schools.com:443
2026-03-30 16:37:55 | DEBUG | https://www.w3schools.com:443 "GET /js/js_async_await.asp HTTP/1.1" 200 44313
2026-03-30 16:37:56 | DEBUG | Starting new HTTPS connection (1): www.w3schools.com:443
2026-03-30 16:37:59 | DEBUG | https://www.w3schools.com:443 "GET /js/js_async_fetch.asp HTTP/1.1" 200 43787
2026-03-30 16:38:00 | DEBUG | Starting new HTTPS connection (1): www.w3schools.com:443
2026-03-30 16:38:03 | DEBUG | https://www.w3schools.com:443 "GET /js/js_async_debug.asp HTTP/1.1" 200 43469
2026-03-30 16:38:05 | DEBUG | Starting new HTTPS connection (1): www.w3schools.com:443
2026-03-30 16:38:07 | DEBUG | https://www.w3schools.com:443 "GET /js/js_promise_reference.asp HTTP/1.1" 200 45030
2026-03-30 16:38:09 | DEBUG | Starting new HTTPS connection (1): www.w3schools.com:443
2026-03-30 16:38:11 | DEBUG | https://www.w3schools.com:443 "GET /js/js_modules.asp HTTP/1.1" 200 44043
2026-03-30 16:38:12 | DEBUG | Starting new HTTPS connection (1): www.w3schools.com:443
2026-03-30 16:38:15 | DEBUG | https://www.w3schools.com:443 "GET /js/js_modules_export.asp HTTP/1.1" 200 43956
2026-03-30 16:38:16 | DEBUG | Starting new HTTPS connection (1): www.w3schools.com:443
2026-03-30 16:38:19 | DEBUG | https://www.w3schools.com:443 "GET /js/js_modules_import.asp HTTP/1.1" 200 43232
2026-03-30 16:38:20 | DEBUG | Starting new HTTPS connection (1): www.w3schools.com:443
2026-03-30 16:38:21 | DEBUG | https://www.w3schools.com:443 "GET /js/js_modules_namespace.asp HTTP/1.1" 200 43459
2026-03-30 16:38:22 | DEBUG | Starting new HTTPS connection (1): www.w3schools.com:443
2026-03-30 16:38:24 | DEBUG | https://www.w3schools.com:443 "GET /js/js_modules_dynamic.asp HTTP/1.1" 200 44166
2026-03-30 16:38:25 | DEBUG | Starting new HTTPS connection (1): www.w3schools.com:443
2026-03-30 16:38:26 | DEBUG | https://www.w3schools.com:443 "GET /js/js_meta_programming.asp HTTP/1.1" 200 43461
2026-03-30 16:38:27 | DEBUG | Starting new HTTPS connection (1): www.w3schools.com:443
2026-03-30 16:38:29 | DEBUG | https://www.w3schools.com:443 "GET /js/js_meta_reflect.asp HTTP/1.1" 200 45692
2026-03-30 16:38:30 | DEBUG | Starting new HTTPS connection (1): www.w3schools.com:443
2026-03-30 16:38:32 | DEBUG | https://www.w3schools.com:443 "GET /js/js_meta_proxy.asp HTTP/1.1" 200 46118
2026-03-30 16:38:33 | DEBUG | Starting new HTTPS connection (1): www.w3schools.com:443
2026-03-30 16:38:35 | DEBUG | https://www.w3schools.com:443 "GET /js/js_meta_reference.asp HTTP/1.1" 200 43107
2026-03-30 16:38:36 | DEBUG | Starting new HTTPS connection (1): www.w3schools.com:443
2026-03-30 16:38:37 | DEBUG | https://www.w3schools.com:443 "GET /js/js_typed_arrays.asp HTTP/1.1" 200 44868
2026-03-30 16:38:38 | DEBUG | Starting new HTTPS connection (1): www.w3schools.com:443
2026-03-30 16:38:40 | DEBUG | https://www.w3schools.com:443 "GET /js/js_typed_methods.asp HTTP/1.1" 200 43690
2026-03-30 16:38:41 | DEBUG | Starting new HTTPS connection (1): www.w3schools.com:443
2026-03-30 16:38:43 | DEBUG | https://www.w3schools.com:443 "GET /js/js_typed_reference.asp HTTP/1.1" 200 43839
2026-03-30 16:38:44 | DEBUG | Starting new HTTPS connection (1): www.w3schools.com:443
2026-03-30 16:38:46 | DEBUG | https://www.w3schools.com:443 "GET /js/js_arraybuffers.asp HTTP/1.1" 200 44589
2026-03-30 16:38:47 | DEBUG | Starting new HTTPS connection (1): www.w3schools.com:443
2026-03-30 16:38:49 | DEBUG | https://www.w3schools.com:443 "GET /js/js_dataview.asp HTTP/1.1" 200 45459
2026-03-30 16:38:50 | DEBUG | Starting new HTTPS connection (1): www.w3schools.com:443
2026-03-30 16:38:52 | DEBUG | https://www.w3schools.com:443 "GET /js/js_atomics.asp HTTP/1.1" 200 44452
2026-03-30 16:38:53 | DEBUG | Starting new HTTPS connection (1): www.w3schools.com:443
2026-03-30 16:38:54 | DEBUG | https://www.w3schools.com:443 "GET /js/js_htmldom_navigation.asp HTTP/1.1" 200 44481
2026-03-30 16:38:55 | DEBUG | Starting new HTTPS connection (1): www.w3schools.com:443
2026-03-30 16:38:56 | DEBUG | https://www.w3schools.com:443 "GET /js/js_htmldom_nodes.asp HTTP/1.1" 200 43304
2026-03-30 16:38:57 | DEBUG | Starting new HTTPS connection (1): www.w3schools.com:443
2026-03-30 16:38:59 | DEBUG | https://www.w3schools.com:443 "GET /js/js_htmldom_collections.asp HTTP/1.1" 200 42759
2026-03-30 16:39:00 | DEBUG | Starting new HTTPS connection (1): www.w3schools.com:443
2026-03-30 16:39:01 | DEBUG | https://www.w3schools.com:443 "GET /js/js_htmldom_nodelist.asp HTTP/1.1" 200 43194
2026-03-30 16:39:02 | DEBUG | Starting new HTTPS connection (1): www.w3schools.com:443
2026-03-30 16:39:03 | DEBUG | https://www.w3schools.com:443 "GET /js/js_window.asp HTTP/1.1" 200 42845
2026-03-30 16:39:04 | DEBUG | Starting new HTTPS connection (1): www.w3schools.com:443
2026-03-30 16:39:05 | DEBUG | https://www.w3schools.com:443 "GET /js/js_window_screen.asp HTTP/1.1" 200 43078
2026-03-30 16:39:06 | DEBUG | Starting new HTTPS connection (1): www.w3schools.com:443
2026-03-30 16:39:08 | DEBUG | https://www.w3schools.com:443 "GET /js/js_window_location.asp HTTP/1.1" 200 43005
2026-03-30 16:39:09 | DEBUG | Starting new HTTPS connection (1): www.w3schools.com:443
2026-03-30 16:39:11 | DEBUG | https://www.w3schools.com:443 "GET /js/js_window_history.asp HTTP/1.1" 200 42629
2026-03-30 16:39:12 | DEBUG | Starting new HTTPS connection (1): www.w3schools.com:443
2026-03-30 16:39:14 | DEBUG | https://www.w3schools.com:443 "GET /js/js_window_navigator.asp HTTP/1.1" 200 43297
2026-03-30 16:39:16 | DEBUG | Starting new HTTPS connection (1): www.w3schools.com:443
2026-03-30 16:39:18 | DEBUG | https://www.w3schools.com:443 "GET /js/js_popup.asp HTTP/1.1" 200 42949
2026-03-30 16:39:19 | DEBUG | Starting new HTTPS connection (1): www.w3schools.com:443
2026-03-30 16:39:21 | DEBUG | https://www.w3schools.com:443 "GET /js/js_timing.asp HTTP/1.1" 200 44238
2026-03-30 16:39:22 | DEBUG | Starting new HTTPS connection (1): www.w3schools.com:443
2026-03-30 16:39:24 | DEBUG | https://www.w3schools.com:443 "GET /js/js_cookies.asp HTTP/1.1" 200 45088
2026-03-30 16:39:25 | DEBUG | Starting new HTTPS connection (1): www.w3schools.com:443
2026-03-30 16:39:26 | DEBUG | https://www.w3schools.com:443 "GET /js/js_api_intro.asp HTTP/1.1" 200 43345
2026-03-30 16:39:27 | DEBUG | Starting new HTTPS connection (1): www.w3schools.com:443
2026-03-30 16:39:30 | DEBUG | https://www.w3schools.com:443 "GET /js/js_api_fetch.asp HTTP/1.1" 200 42832
2026-03-30 16:39:31 | DEBUG | Starting new HTTPS connection (1): www.w3schools.com:443
2026-03-30 16:39:33 | DEBUG | https://www.w3schools.com:443 "GET /js/js_api_geolocation.asp HTTP/1.1" 200 44709
2026-03-30 16:39:34 | DEBUG | Starting new HTTPS connection (1): www.w3schools.com:443
2026-03-30 16:39:36 | DEBUG | https://www.w3schools.com:443 "GET /js/js_api_history.asp HTTP/1.1" 200 42777
2026-03-30 16:39:38 | DEBUG | Starting new HTTPS connection (1): www.w3schools.com:443
2026-03-30 16:39:40 | DEBUG | https://www.w3schools.com:443 "GET /js/js_api_pointer_events.asp HTTP/1.1" 200 43431
2026-03-30 16:39:41 | DEBUG | Starting new HTTPS connection (1): www.w3schools.com:443
2026-03-30 16:39:44 | DEBUG | https://www.w3schools.com:443 "GET /js/js_api_web_storage.asp HTTP/1.1" 200 43188
2026-03-30 16:39:45 | DEBUG | Starting new HTTPS connection (1): www.w3schools.com:443
2026-03-30 16:39:47 | DEBUG | https://www.w3schools.com:443 "GET /js/js_validation_api.asp HTTP/1.1" 200 43065
2026-03-30 16:39:48 | DEBUG | Starting new HTTPS connection (1): www.w3schools.com:443
2026-03-30 16:39:51 | DEBUG | https://www.w3schools.com:443 "GET /js/js_api_web_workers.asp HTTP/1.1" 200 44021
2026-03-30 16:39:52 | DEBUG | Starting new HTTPS connection (1): www.w3schools.com:443
2026-03-30 16:39:54 | DEBUG | https://www.w3schools.com:443 "GET /js/js_ajax_http.asp HTTP/1.1" 200 44301
2026-03-30 16:39:55 | DEBUG | Starting new HTTPS connection (1): www.w3schools.com:443
2026-03-30 16:39:57 | DEBUG | https://www.w3schools.com:443 "GET /js/js_ajax_http_send.asp HTTP/1.1" 200 43924
2026-03-30 16:39:59 | DEBUG | Starting new HTTPS connection (1): www.w3schools.com:443
2026-03-30 16:40:01 | DEBUG | https://www.w3schools.com:443 "GET /js/js_ajax_http_response.asp HTTP/1.1" 200 42908
2026-03-30 16:40:02 | DEBUG | Starting new HTTPS connection (1): www.w3schools.com:443
2026-03-30 16:40:04 | DEBUG | https://www.w3schools.com:443 "GET /js/js_ajax_xmlfile.asp HTTP/1.1" 200 43164
2026-03-30 16:40:05 | DEBUG | Starting new HTTPS connection (1): www.w3schools.com:443
2026-03-30 16:40:07 | DEBUG | https://www.w3schools.com:443 "GET /js/js_ajax_php.asp HTTP/1.1" 200 43670
2026-03-30 16:40:09 | DEBUG | Starting new HTTPS connection (1): www.w3schools.com:443
2026-03-30 16:40:11 | DEBUG | https://www.w3schools.com:443 "GET /js/js_ajax_asp.asp HTTP/1.1" 200 43713
2026-03-30 16:40:12 | DEBUG | Starting new HTTPS connection (1): www.w3schools.com:443
2026-03-30 16:40:14 | DEBUG | https://www.w3schools.com:443 "GET /js/js_ajax_database.asp HTTP/1.1" 200 43520
2026-03-30 16:40:16 | DEBUG | Starting new HTTPS connection (1): www.w3schools.com:443
2026-03-30 16:40:18 | DEBUG | https://www.w3schools.com:443 "GET /js/js_ajax_applications.asp HTTP/1.1" 200 43217
2026-03-30 16:40:19 | DEBUG | Starting new HTTPS connection (1): www.w3schools.com:443
2026-03-30 16:40:20 | DEBUG | https://www.w3schools.com:443 "GET /js/js_ajax_examples.asp HTTP/1.1" 200 42538
2026-03-30 16:40:21 | DEBUG | Starting new HTTPS connection (1): www.w3schools.com:443
2026-03-30 16:40:22 | DEBUG | https://www.w3schools.com:443 "GET /js/js_json.asp HTTP/1.1" 200 44001
2026-03-30 16:40:24 | DEBUG | Starting new HTTPS connection (1): www.w3schools.com:443
2026-03-30 16:40:25 | DEBUG | https://www.w3schools.com:443 "GET /js/js_json_syntax.asp HTTP/1.1" 200 43185
2026-03-30 16:40:25 | DEBUG | Starting new HTTPS connection (1): www.w3schools.com:443
2026-03-30 16:40:28 | DEBUG | https://www.w3schools.com:443 "GET /js/js_json_xml.asp HTTP/1.1" 200 42837
2026-03-30 16:40:29 | DEBUG | Starting new HTTPS connection (1): www.w3schools.com:443
2026-03-30 16:40:31 | DEBUG | https://www.w3schools.com:443 "GET /js/js_json_datatypes.asp HTTP/1.1" 200 42568
2026-03-30 16:40:33 | DEBUG | Starting new HTTPS connection (1): www.w3schools.com:443
2026-03-30 16:40:35 | DEBUG | https://www.w3schools.com:443 "GET /js/js_json_parse.asp HTTP/1.1" 200 43192
2026-03-30 16:40:36 | DEBUG | Starting new HTTPS connection (1): www.w3schools.com:443
2026-03-30 16:40:38 | DEBUG | https://www.w3schools.com:443 "GET /js/js_json_stringify.asp HTTP/1.1" 200 43422
2026-03-30 16:40:39 | DEBUG | Starting new HTTPS connection (1): www.w3schools.com:443
2026-03-30 16:40:40 | DEBUG | https://www.w3schools.com:443 "GET /js/js_json_objects.asp HTTP/1.1" 200 42921
2026-03-30 16:40:42 | DEBUG | Starting new HTTPS connection (1): www.w3schools.com:443
2026-03-30 16:40:42 | DEBUG | https://www.w3schools.com:443 "GET /js/js_json_arrays.asp HTTP/1.1" 200 42804
2026-03-30 16:40:44 | DEBUG | Starting new HTTPS connection (1): www.w3schools.com:443
2026-03-30 16:40:45 | DEBUG | https://www.w3schools.com:443 "GET /js/js_json_server.asp HTTP/1.1" 200 42929
2026-03-30 16:40:46 | DEBUG | Starting new HTTPS connection (1): www.w3schools.com:443
2026-03-30 16:40:47 | DEBUG | https://www.w3schools.com:443 "GET /js/js_json_php.asp HTTP/1.1" 200 44036
2026-03-30 16:40:48 | DEBUG | Starting new HTTPS connection (1): www.w3schools.com:443
2026-03-30 16:40:49 | DEBUG | https://www.w3schools.com:443 "GET /js/js_json_html.asp HTTP/1.1" 200 43181
2026-03-30 16:40:49 | DEBUG | Starting new HTTPS connection (1): www.w3schools.com:443
2026-03-30 16:40:51 | DEBUG | https://www.w3schools.com:443 "GET /js/js_json_jsonp.asp HTTP/1.1" 200 43749
2026-03-30 16:40:52 | DEBUG | Starting new HTTPS connection (1): www.w3schools.com:443
2026-03-30 16:40:53 | DEBUG | https://www.w3schools.com:443 "GET /js/js_jquery_selectors.asp HTTP/1.1" 200 42634
2026-03-30 16:40:54 | DEBUG | Starting new HTTPS connection (1): www.w3schools.com:443
2026-03-30 16:40:54 | DEBUG | https://www.w3schools.com:443 "GET /js/js_jquery_elements.asp HTTP/1.1" 200 42612
2026-03-30 16:40:56 | DEBUG | Starting new HTTPS connection (1): www.w3schools.com:443
2026-03-30 16:40:57 | DEBUG | https://www.w3schools.com:443 "GET /js/js_jquery_css.asp HTTP/1.1" 200 42546
2026-03-30 16:40:58 | DEBUG | Starting new HTTPS connection (1): www.w3schools.com:443
2026-03-30 16:40:59 | DEBUG | https://www.w3schools.com:443 "GET /js/js_jquery_dom.asp HTTP/1.1" 200 42500
2026-03-30 16:41:00 | DEBUG | Starting new HTTPS connection (1): www.w3schools.com:443
2026-03-30 16:41:02 | DEBUG | https://www.w3schools.com:443 "GET /js/js_graphics.asp HTTP/1.1" 200 43162
2026-03-30 16:41:03 | DEBUG | Starting new HTTPS connection (1): www.w3schools.com:443
2026-03-30 16:41:05 | DEBUG | https://www.w3schools.com:443 "GET /js/js_graphics_canvas.asp HTTP/1.1" 200 42615
2026-03-30 16:41:07 | DEBUG | Starting new HTTPS connection (1): www.w3schools.com:443
2026-03-30 16:41:09 | DEBUG | https://www.w3schools.com:443 "GET /js/js_graphics_plotly.asp HTTP/1.1" 200 44424
2026-03-30 16:41:10 | DEBUG | Starting new HTTPS connection (1): www.w3schools.com:443
2026-03-30 16:41:12 | DEBUG | https://www.w3schools.com:443 "GET /js/js_graphics_chartjs.asp HTTP/1.1" 200 44544
2026-03-30 16:41:13 | DEBUG | Starting new HTTPS connection (1): www.w3schools.com:443
2026-03-30 16:41:16 | DEBUG | https://www.w3schools.com:443 "GET /js/js_graphics_google_chart.asp HTTP/1.1" 200 43637
2026-03-30 16:41:17 | DEBUG | Starting new HTTPS connection (1): www.w3schools.com:443
2026-03-30 16:41:19 | DEBUG | https://www.w3schools.com:443 "GET /js/js_graphics_d3js.asp HTTP/1.1" 200 43075
2026-03-30 16:41:20 | DEBUG | Starting new HTTPS connection (1): www.w3schools.com:443
2026-03-30 16:41:21 | DEBUG | https://www.w3schools.com:443 "GET /js/js_dom_examples.asp HTTP/1.1" 200 42651
2026-03-30 16:41:22 | DEBUG | Starting new HTTPS connection (1): www.w3schools.com:443
2026-03-30 16:41:24 | DEBUG | https://www.w3schools.com:443 "GET /js/js_input_examples.asp HTTP/1.1" 200 42622
2026-03-30 16:41:26 | DEBUG | Starting new HTTPS connection (1): www.w3schools.com:443
2026-03-30 16:41:28 | DEBUG | https://www.w3schools.com:443 "GET /js/js_ex_dom.asp HTTP/1.1" 200 42822
2026-03-30 16:41:29 | DEBUG | Starting new HTTPS connection (1): www.w3schools.com:443
2026-03-30 16:41:31 | DEBUG | https://www.w3schools.com:443 "GET /js/js_events_examples.asp HTTP/1.1" 200 42862
2026-03-30 16:41:32 | DEBUG | Starting new HTTPS connection (1): www.w3schools.com:443
2026-03-30 16:41:34 | DEBUG | https://www.w3schools.com:443 "GET /js/js_ex_browser.asp HTTP/1.1" 200 43305
2026-03-30 16:41:35 | DEBUG | Starting new HTTPS connection (1): www.w3schools.com:443
2026-03-30 16:41:36 | DEBUG | https://www.w3schools.com:443 "GET /js/js_editor.asp HTTP/1.1" 200 42945
2026-03-30 16:41:37 | DEBUG | Starting new HTTPS connection (1): www.w3schools.com:443
2026-03-30 16:41:38 | DEBUG | https://www.w3schools.com:443 "GET /js/js_website.asp HTTP/1.1" 200 52555
2026-03-30 16:41:39 | DEBUG | Starting new HTTPS connection (1): www.w3schools.com:443
2026-03-30 16:41:39 | DEBUG | https://www.w3schools.com:443 "GET /js/js_syllabus.asp HTTP/1.1" 200 45778
2026-03-30 16:41:40 | DEBUG | Starting new HTTPS connection (1): www.w3schools.com:443
2026-03-30 16:41:41 | DEBUG | https://www.w3schools.com:443 "GET /js/js_study_plan.asp HTTP/1.1" 200 44337
2026-03-30 16:41:43 | DEBUG | Starting new HTTPS connection (1): www.w3schools.com:443
2026-03-30 16:41:45 | DEBUG | https://www.w3schools.com:443 "GET /js/js_interview_prep.asp HTTP/1.1" 200 44220
2026-03-30 16:41:46 | DEBUG | Starting new HTTPS connection (1): www.w3schools.com:443
2026-03-30 16:41:47 | DEBUG | https://www.w3schools.com:443 "GET /js/js_exam.asp HTTP/1.1" 200 45177
2026-03-30 16:41:48 | DEBUG | Starting new HTTPS connection (1): www.w3schools.com:443
2026-03-30 16:41:49 | DEBUG | https://www.w3schools.com:443 "GET /python/python_intro.asp HTTP/1.1" 200 44380
2026-03-30 16:41:50 | DEBUG | Starting new HTTPS connection (1): www.w3schools.com:443
2026-03-30 16:41:52 | DEBUG | https://www.w3schools.com:443 "GET /python/python_getstarted.asp HTTP/1.1" 200 44838
2026-03-30 16:41:53 | DEBUG | Starting new HTTPS connection (1): www.w3schools.com:443
2026-03-30 16:41:54 | DEBUG | https://www.w3schools.com:443 "GET /python/python_syntax.asp HTTP/1.1" 200 44647
2026-03-30 16:41:55 | DEBUG | Starting new HTTPS connection (1): www.w3schools.com:443
2026-03-30 16:41:56 | DEBUG | https://www.w3schools.com:443 "GET /python/python_statements.asp HTTP/1.1" 200 44251
2026-03-30 16:41:58 | DEBUG | Starting new HTTPS connection (1): www.w3schools.com:443
2026-03-30 16:41:59 | DEBUG | https://www.w3schools.com:443 "GET /python/python_challenges_statements.asp HTTP/1.1" 200 48425
2026-03-30 16:42:00 | DEBUG | Starting new HTTPS connection (1): www.w3schools.com:443
2026-03-30 16:42:02 | DEBUG | https://www.w3schools.com:443 "GET /python/python_output.asp HTTP/1.1" 200 43719
2026-03-30 16:42:03 | DEBUG | Starting new HTTPS connection (1): www.w3schools.com:443
2026-03-30 16:42:04 | DEBUG | https://www.w3schools.com:443 "GET /python/python_output_numbers.asp HTTP/1.1" 200 43483
2026-03-30 16:42:05 | DEBUG | Starting new HTTPS connection (1): www.w3schools.com:443
2026-03-30 16:42:07 | DEBUG | https://www.w3schools.com:443 "GET /python/python_challenges_output.asp HTTP/1.1" 200 48427
2026-03-30 16:42:08 | DEBUG | Starting new HTTPS connection (1): www.w3schools.com:443
2026-03-30 16:42:09 | DEBUG | https://www.w3schools.com:443 "GET /python/python_comments.asp HTTP/1.1" 200 44076
2026-03-30 16:42:10 | DEBUG | Starting new HTTPS connection (1): www.w3schools.com:443
2026-03-30 16:42:12 | DEBUG | https://www.w3schools.com:443 "GET /python/python_challenges_comments.asp HTTP/1.1" 200 48425
2026-03-30 16:42:13 | DEBUG | Starting new HTTPS connection (1): www.w3schools.com:443
2026-03-30 16:42:15 | DEBUG | https://www.w3schools.com:443 "GET /python/python_variables.asp HTTP/1.1" 200 44124
2026-03-30 16:42:16 | DEBUG | Starting new HTTPS connection (1): www.w3schools.com:443
2026-03-30 16:42:17 | DEBUG | https://www.w3schools.com:443 "GET /python/python_variables_names.asp HTTP/1.1" 200 44042
2026-03-30 16:42:18 | DEBUG | Starting new HTTPS connection (1): www.w3schools.com:443
2026-03-30 16:42:19 | DEBUG | https://www.w3schools.com:443 "GET /python/python_variables_multiple.asp HTTP/1.1" 200 43919
2026-03-30 16:42:20 | DEBUG | Starting new HTTPS connection (1): www.w3schools.com:443
2026-03-30 16:42:21 | DEBUG | https://www.w3schools.com:443 "GET /python/python_variables_output.asp HTTP/1.1" 200 44011
2026-03-30 16:42:22 | DEBUG | Starting new HTTPS connection (1): www.w3schools.com:443
2026-03-30 16:42:23 | DEBUG | https://www.w3schools.com:443 "GET /python/python_variables_global.asp HTTP/1.1" 200 44006
2026-03-30 16:42:24 | DEBUG | Starting new HTTPS connection (1): www.w3schools.com:443
2026-03-30 16:42:25 | DEBUG | https://www.w3schools.com:443 "GET /python/python_challenges_variables.asp HTTP/1.1" 200 48426
2026-03-30 16:42:27 | DEBUG | Starting new HTTPS connection (1): www.w3schools.com:443
2026-03-30 16:42:27 | DEBUG | https://www.w3schools.com:443 "GET /python/python_datatypes.asp HTTP/1.1" 200 44311
2026-03-30 16:42:28 | DEBUG | Starting new HTTPS connection (1): www.w3schools.com:443
2026-03-30 16:42:29 | DEBUG | https://www.w3schools.com:443 "GET /python/python_challenges_datatypes.asp HTTP/1.1" 200 48425
2026-03-30 16:42:30 | DEBUG | Starting new HTTPS connection (1): www.w3schools.com:443
2026-03-30 16:42:31 | DEBUG | https://www.w3schools.com:443 "GET /python/python_numbers.asp HTTP/1.1" 200 44149
2026-03-30 16:42:32 | DEBUG | Starting new HTTPS connection (1): www.w3schools.com:443
2026-03-30 16:42:33 | DEBUG | https://www.w3schools.com:443 "GET /python/python_challenges_numbers.asp HTTP/1.1" 200 48425
2026-03-30 16:42:34 | DEBUG | Starting new HTTPS connection (1): www.w3schools.com:443
2026-03-30 16:42:35 | DEBUG | https://www.w3schools.com:443 "GET /python/python_casting.asp HTTP/1.1" 200 43716
2026-03-30 16:42:36 | DEBUG | Starting new HTTPS connection (1): www.w3schools.com:443
2026-03-30 16:42:37 | DEBUG | https://www.w3schools.com:443 "GET /python/python_challenges_casting.asp HTTP/1.1" 200 48428
2026-03-30 16:42:38 | DEBUG | Starting new HTTPS connection (1): www.w3schools.com:443
2026-03-30 16:42:39 | DEBUG | https://www.w3schools.com:443 "GET /python/python_strings.asp HTTP/1.1" 200 44535
2026-03-30 16:42:40 | DEBUG | Starting new HTTPS connection (1): www.w3schools.com:443
2026-03-30 16:42:42 | DEBUG | https://www.w3schools.com:443 "GET /python/python_strings_slicing.asp HTTP/1.1" 200 43630
2026-03-30 16:42:44 | DEBUG | Starting new HTTPS connection (1): www.w3schools.com:443
2026-03-30 16:42:46 | DEBUG | https://www.w3schools.com:443 "GET /python/python_strings_modify.asp HTTP/1.1" 200 43758
2026-03-30 16:42:47 | DEBUG | Starting new HTTPS connection (1): www.w3schools.com:443
2026-03-30 16:42:48 | DEBUG | https://www.w3schools.com:443 "GET /python/python_strings_concatenate.asp HTTP/1.1" 200 43375
2026-03-30 16:42:50 | DEBUG | Starting new HTTPS connection (1): www.w3schools.com:443
2026-03-30 16:42:50 | DEBUG | https://www.w3schools.com:443 "GET /python/python_strings_format.asp HTTP/1.1" 200 44232
2026-03-30 16:42:51 | DEBUG | Starting new HTTPS connection (1): www.w3schools.com:443
2026-03-30 16:42:52 | DEBUG | https://www.w3schools.com:443 "GET /python/python_strings_escape.asp HTTP/1.1" 200 43756
2026-03-30 16:42:53 | DEBUG | Starting new HTTPS connection (1): www.w3schools.com:443
2026-03-30 16:42:54 | DEBUG | https://www.w3schools.com:443 "GET /python/python_strings_methods.asp HTTP/1.1" 200 44274
2026-03-30 16:42:55 | DEBUG | Starting new HTTPS connection (1): www.w3schools.com:443
2026-03-30 16:42:56 | DEBUG | https://www.w3schools.com:443 "GET /python/python_challenges_strings_basics.asp HTTP/1.1" 200 48434
2026-03-30 16:42:57 | DEBUG | Starting new HTTPS connection (1): www.w3schools.com:443
2026-03-30 16:42:58 | DEBUG | https://www.w3schools.com:443 "GET /python/python_booleans.asp HTTP/1.1" 200 44507
2026-03-30 16:42:59 | DEBUG | Starting new HTTPS connection (1): www.w3schools.com:443
2026-03-30 16:43:00 | DEBUG | https://www.w3schools.com:443 "GET /python/python_challenges_booleans.asp HTTP/1.1" 200 48425
2026-03-30 16:43:01 | DEBUG | Starting new HTTPS connection (1): www.w3schools.com:443
2026-03-30 16:43:02 | DEBUG | https://www.w3schools.com:443 "GET /python/python_operators.asp HTTP/1.1" 200 43489
2026-03-30 16:43:03 | DEBUG | Starting new HTTPS connection (1): www.w3schools.com:443
2026-03-30 16:43:04 | DEBUG | https://www.w3schools.com:443 "GET /python/python_operators_arithmetic.asp HTTP/1.1" 200 43708
2026-03-30 16:43:05 | DEBUG | Starting new HTTPS connection (1): www.w3schools.com:443
2026-03-30 16:43:06 | DEBUG | https://www.w3schools.com:443 "GET /python/python_operators_assign.asp HTTP/1.1" 200 43763
2026-03-30 16:43:07 | DEBUG | Starting new HTTPS connection (1): www.w3schools.com:443
2026-03-30 16:43:08 | DEBUG | https://www.w3schools.com:443 "GET /python/python_operators_comparison.asp HTTP/1.1" 200 43585
2026-03-30 16:43:09 | DEBUG | Starting new HTTPS connection (1): www.w3schools.com:443
2026-03-30 16:43:10 | DEBUG | https://www.w3schools.com:443 "GET /python/python_operators_logical.asp HTTP/1.1" 200 43567
2026-03-30 16:43:11 | DEBUG | Starting new HTTPS connection (1): www.w3schools.com:443
2026-03-30 16:43:12 | DEBUG | https://www.w3schools.com:443 "GET /python/python_operators_identity.asp HTTP/1.1" 200 43652
2026-03-30 16:43:14 | DEBUG | Starting new HTTPS connection (1): www.w3schools.com:443
2026-03-30 16:43:15 | DEBUG | https://www.w3schools.com:443 "GET /python/python_operators_membership.asp HTTP/1.1" 200 43577
2026-03-30 16:43:16 | DEBUG | Starting new HTTPS connection (1): www.w3schools.com:443
2026-03-30 16:43:18 | DEBUG | https://www.w3schools.com:443 "GET /python/python_operators_bitwise.asp HTTP/1.1" 200 43807
2026-03-30 16:43:19 | DEBUG | Starting new HTTPS connection (1): www.w3schools.com:443
2026-03-30 16:43:20 | DEBUG | https://www.w3schools.com:443 "GET /python/python_operators_precedence.asp HTTP/1.1" 200 44009
2026-03-30 16:43:21 | DEBUG | Starting new HTTPS connection (1): www.w3schools.com:443
2026-03-30 16:43:23 | DEBUG | https://www.w3schools.com:443 "GET /python/python_challenges_operators_basics.asp HTTP/1.1" 200 48430
2026-03-30 16:43:24 | DEBUG | Starting new HTTPS connection (1): www.w3schools.com:443
2026-03-30 16:43:26 | DEBUG | https://www.w3schools.com:443 "GET /python/python_lists.asp HTTP/1.1" 200 44636
2026-03-30 16:43:27 | DEBUG | Starting new HTTPS connection (1): www.w3schools.com:443
2026-03-30 16:43:28 | DEBUG | https://www.w3schools.com:443 "GET /python/python_lists_access.asp HTTP/1.1" 200 43998
2026-03-30 16:43:30 | DEBUG | Starting new HTTPS connection (1): www.w3schools.com:443
2026-03-30 16:43:31 | DEBUG | https://www.w3schools.com:443 "GET /python/python_lists_change.asp HTTP/1.1" 200 43892
2026-03-30 16:43:32 | DEBUG | Starting new HTTPS connection (1): www.w3schools.com:443
2026-03-30 16:43:33 | DEBUG | https://www.w3schools.com:443 "GET /python/python_lists_add.asp HTTP/1.1" 200 43767
2026-03-30 16:43:34 | DEBUG | Starting new HTTPS connection (1): www.w3schools.com:443
2026-03-30 16:43:36 | DEBUG | https://www.w3schools.com:443 "GET /python/python_lists_remove.asp HTTP/1.1" 200 43647
2026-03-30 16:43:37 | DEBUG | Starting new HTTPS connection (1): www.w3schools.com:443
2026-03-30 16:43:38 | DEBUG | https://www.w3schools.com:443 "GET /python/python_lists_loop.asp HTTP/1.1" 200 43850
2026-03-30 16:43:40 | DEBUG | Starting new HTTPS connection (1): www.w3schools.com:443
2026-03-30 16:43:41 | DEBUG | https://www.w3schools.com:443 "GET /python/python_lists_comprehension.asp HTTP/1.1" 200 44316
2026-03-30 16:43:42 | DEBUG | Starting new HTTPS connection (1): www.w3schools.com:443
2026-03-30 16:43:43 | DEBUG | https://www.w3schools.com:443 "GET /python/python_lists_sort.asp HTTP/1.1" 200 43991
2026-03-30 16:43:45 | DEBUG | Starting new HTTPS connection (1): www.w3schools.com:443
2026-03-30 16:43:46 | DEBUG | https://www.w3schools.com:443 "GET /python/python_lists_copy.asp HTTP/1.1" 200 43557
2026-03-30 16:43:47 | DEBUG | Starting new HTTPS connection (1): www.w3schools.com:443
2026-03-30 16:43:49 | DEBUG | https://www.w3schools.com:443 "GET /python/python_lists_join.asp HTTP/1.1" 200 43587
2026-03-30 16:43:50 | DEBUG | Starting new HTTPS connection (1): www.w3schools.com:443
2026-03-30 16:43:51 | DEBUG | https://www.w3schools.com:443 "GET /python/python_lists_methods.asp HTTP/1.1" 200 43440
2026-03-30 16:43:52 | DEBUG | Starting new HTTPS connection (1): www.w3schools.com:443
2026-03-30 16:43:54 | DEBUG | https://www.w3schools.com:443 "GET /python/python_challenges_lists_basics.asp HTTP/1.1" 200 48437
2026-03-30 16:43:55 | DEBUG | Starting new HTTPS connection (1): www.w3schools.com:443
2026-03-30 16:43:56 | DEBUG | https://www.w3schools.com:443 "GET /python/python_tuples.asp HTTP/1.1" 200 44652
2026-03-30 16:43:57 | DEBUG | Starting new HTTPS connection (1): www.w3schools.com:443
2026-03-30 16:43:59 | DEBUG | https://www.w3schools.com:443 "GET /python/python_tuples_access.asp HTTP/1.1" 200 44010
2026-03-30 16:44:00 | DEBUG | Starting new HTTPS connection (1): www.w3schools.com:443
2026-03-30 16:44:02 | DEBUG | https://www.w3schools.com:443 "GET /python/python_tuples_update.asp HTTP/1.1" 200 44104
2026-03-30 16:44:03 | DEBUG | Starting new HTTPS connection (1): www.w3schools.com:443
2026-03-30 16:44:04 | DEBUG | https://www.w3schools.com:443 "GET /python/python_tuples_unpack.asp HTTP/1.1" 200 43747
2026-03-30 16:44:05 | DEBUG | Starting new HTTPS connection (1): www.w3schools.com:443
2026-03-30 16:44:06 | DEBUG | https://www.w3schools.com:443 "GET /python/python_tuples_loop.asp HTTP/1.1" 200 43679
2026-03-30 16:44:07 | DEBUG | Starting new HTTPS connection (1): www.w3schools.com:443
2026-03-30 16:44:08 | DEBUG | https://www.w3schools.com:443 "GET /python/python_tuples_join.asp HTTP/1.1" 200 43427
2026-03-30 16:44:09 | DEBUG | Starting new HTTPS connection (1): www.w3schools.com:443
2026-03-30 16:44:10 | DEBUG | https://www.w3schools.com:443 "GET /python/python_tuples_methods.asp HTTP/1.1" 200 43274
2026-03-30 16:44:12 | DEBUG | Starting new HTTPS connection (1): www.w3schools.com:443
2026-03-30 16:44:13 | DEBUG | https://www.w3schools.com:443 "GET /python/python_challenges_tuples_basics.asp HTTP/1.1" 200 48431
2026-03-30 16:44:14 | DEBUG | Starting new HTTPS connection (1): www.w3schools.com:443
2026-03-30 16:44:15 | DEBUG | https://www.w3schools.com:443 "GET /python/python_sets.asp HTTP/1.1" 200 44770
2026-03-30 16:44:17 | DEBUG | Starting new HTTPS connection (1): www.w3schools.com:443
2026-03-30 16:44:18 | DEBUG | https://www.w3schools.com:443 "GET /python/python_sets_access.asp HTTP/1.1" 200 43540
2026-03-30 16:44:19 | DEBUG | Starting new HTTPS connection (1): www.w3schools.com:443
2026-03-30 16:44:20 | DEBUG | https://www.w3schools.com:443 "GET /python/python_sets_add.asp HTTP/1.1" 200 43616
2026-03-30 16:44:22 | DEBUG | Starting new HTTPS connection (1): www.w3schools.com:443
2026-03-30 16:44:23 | DEBUG | https://www.w3schools.com:443 "GET /python/python_sets_remove.asp HTTP/1.1" 200 43742
2026-03-30 16:44:24 | DEBUG | Starting new HTTPS connection (1): www.w3schools.com:443
2026-03-30 16:44:26 | DEBUG | https://www.w3schools.com:443 "GET /python/python_sets_loop.asp HTTP/1.1" 200 43335
2026-03-30 16:44:27 | DEBUG | Starting new HTTPS connection (1): www.w3schools.com:443
2026-03-30 16:44:28 | DEBUG | https://www.w3schools.com:443 "GET /python/python_sets_join.asp HTTP/1.1" 200 44890
2026-03-30 16:44:29 | DEBUG | Starting new HTTPS connection (1): www.w3schools.com:443
2026-03-30 16:44:30 | DEBUG | https://www.w3schools.com:443 "GET /python/python_frozenset.asp HTTP/1.1" 200 43815
2026-03-30 16:44:32 | DEBUG | Starting new HTTPS connection (1): www.w3schools.com:443
2026-03-30 16:44:32 | DEBUG | https://www.w3schools.com:443 "GET /python/python_sets_methods.asp HTTP/1.1" 200 43826
2026-03-30 16:44:34 | DEBUG | Starting new HTTPS connection (1): www.w3schools.com:443
2026-03-30 16:44:36 | DEBUG | https://www.w3schools.com:443 "GET /python/python_challenges_sets_basics.asp HTTP/1.1" 200 48437
2026-03-30 16:44:37 | DEBUG | Starting new HTTPS connection (1): www.w3schools.com:443
2026-03-30 16:44:38 | DEBUG | https://www.w3schools.com:443 "GET /python/python_dictionaries.asp HTTP/1.1" 200 44573
2026-03-30 16:44:40 | DEBUG | Starting new HTTPS connection (1): www.w3schools.com:443
2026-03-30 16:44:41 | DEBUG | https://www.w3schools.com:443 "GET /python/python_dictionaries_access.asp HTTP/1.1" 200 44124
2026-03-30 16:44:42 | DEBUG | Starting new HTTPS connection (1): www.w3schools.com:443
2026-03-30 16:44:43 | DEBUG | https://www.w3schools.com:443 "GET /python/python_dictionaries_change.asp HTTP/1.1" 200 43522
2026-03-30 16:44:45 | DEBUG | Starting new HTTPS connection (1): www.w3schools.com:443
2026-03-30 16:44:46 | DEBUG | https://www.w3schools.com:443 "GET /python/python_dictionaries_add.asp HTTP/1.1" 200 43547
2026-03-30 16:44:47 | DEBUG | Starting new HTTPS connection (1): www.w3schools.com:443
2026-03-30 16:44:49 | DEBUG | https://www.w3schools.com:443 "GET /python/python_dictionaries_remove.asp HTTP/1.1" 200 43643
2026-03-30 16:44:50 | DEBUG | Starting new HTTPS connection (1): www.w3schools.com:443
2026-03-30 16:44:51 | DEBUG | https://www.w3schools.com:443 "GET /python/python_dictionaries_loop.asp HTTP/1.1" 200 43557
2026-03-30 16:44:53 | DEBUG | Starting new HTTPS connection (1): www.w3schools.com:443
2026-03-30 16:44:55 | DEBUG | https://www.w3schools.com:443 "GET /python/python_dictionaries_copy.asp HTTP/1.1" 200 43547
2026-03-30 16:44:56 | DEBUG | Starting new HTTPS connection (1): www.w3schools.com:443
2026-03-30 16:44:57 | DEBUG | https://www.w3schools.com:443 "GET /python/python_dictionaries_nested.asp HTTP/1.1" 200 43753
2026-03-30 16:44:58 | DEBUG | Starting new HTTPS connection (1): www.w3schools.com:443
2026-03-30 16:44:59 | DEBUG | https://www.w3schools.com:443 "GET /python/python_dictionaries_methods.asp HTTP/1.1" 200 43447
2026-03-30 16:45:00 | DEBUG | Starting new HTTPS connection (1): www.w3schools.com:443
2026-03-30 16:45:01 | DEBUG | https://www.w3schools.com:443 "GET /python/python_challenges_dictionaries_basics.asp HTTP/1.1" 200 48448
2026-03-30 16:45:02 | DEBUG | Starting new HTTPS connection (1): www.w3schools.com:443
2026-03-30 16:45:03 | DEBUG | https://www.w3schools.com:443 "GET /python/python_conditions.asp HTTP/1.1" 200 44400
2026-03-30 16:45:04 | DEBUG | Starting new HTTPS connection (1): www.w3schools.com:443
2026-03-30 16:45:05 | DEBUG | https://www.w3schools.com:443 "GET /python/python_if_elif.asp HTTP/1.1" 200 44142
2026-03-30 16:45:06 | DEBUG | Starting new HTTPS connection (1): www.w3schools.com:443
2026-03-30 16:45:07 | DEBUG | https://www.w3schools.com:443 "GET /python/python_if_else.asp HTTP/1.1" 200 44168
2026-03-30 16:45:08 | DEBUG | Starting new HTTPS connection (1): www.w3schools.com:443
2026-03-30 16:45:09 | DEBUG | https://www.w3schools.com:443 "GET /python/python_if_shorthand.asp HTTP/1.1" 200 44158
2026-03-30 16:45:10 | DEBUG | Starting new HTTPS connection (1): www.w3schools.com:443
2026-03-30 16:45:11 | DEBUG | https://www.w3schools.com:443 "GET /python/python_if_logical.asp HTTP/1.1" 200 44327
2026-03-30 16:45:12 | DEBUG | Starting new HTTPS connection (1): www.w3schools.com:443
2026-03-30 16:45:13 | DEBUG | https://www.w3schools.com:443 "GET /python/python_if_nested_if.asp HTTP/1.1" 200 44255
2026-03-30 16:45:14 | DEBUG | Starting new HTTPS connection (1): www.w3schools.com:443
2026-03-30 16:45:14 | DEBUG | https://www.w3schools.com:443 "GET /python/python_if_pass.asp HTTP/1.1" 200 44243
2026-03-30 16:45:15 | DEBUG | Starting new HTTPS connection (1): www.w3schools.com:443
2026-03-30 16:45:16 | DEBUG | https://www.w3schools.com:443 "GET /python/python_challenges_if_basics.asp HTTP/1.1" 200 48439
2026-03-30 16:45:17 | DEBUG | Starting new HTTPS connection (1): www.w3schools.com:443
2026-03-30 16:45:18 | DEBUG | https://www.w3schools.com:443 "GET /python/python_match.asp HTTP/1.1" 200 44057
2026-03-30 16:45:19 | DEBUG | Starting new HTTPS connection (1): www.w3schools.com:443
2026-03-30 16:45:21 | DEBUG | https://www.w3schools.com:443 "GET /python/python_challenges_match.asp HTTP/1.1" 200 48423
2026-03-30 16:45:22 | DEBUG | Starting new HTTPS connection (1): www.w3schools.com:443
2026-03-30 16:45:24 | DEBUG | https://www.w3schools.com:443 "GET /python/python_while_loops.asp HTTP/1.1" 200 43842
2026-03-30 16:45:25 | DEBUG | Starting new HTTPS connection (1): www.w3schools.com:443
2026-03-30 16:45:26 | DEBUG | https://www.w3schools.com:443 "GET /python/python_challenges_while_loops.asp HTTP/1.1" 200 48430
2026-03-30 16:45:28 | DEBUG | Starting new HTTPS connection (1): www.w3schools.com:443
2026-03-30 16:45:29 | DEBUG | https://www.w3schools.com:443 "GET /python/python_for_loops.asp HTTP/1.1" 200 44734
2026-03-30 16:45:30 | DEBUG | Starting new HTTPS connection (1): www.w3schools.com:443
2026-03-30 16:45:32 | DEBUG | https://www.w3schools.com:443 "GET /python/python_challenges_for_loops.asp HTTP/1.1" 200 48430
2026-03-30 16:45:34 | DEBUG | Starting new HTTPS connection (1): www.w3schools.com:443
2026-03-30 16:45:35 | DEBUG | https://www.w3schools.com:443 "GET /python/python_functions.asp HTTP/1.1" 200 44462
2026-03-30 16:45:36 | DEBUG | Starting new HTTPS connection (1): www.w3schools.com:443
2026-03-30 16:45:38 | DEBUG | https://www.w3schools.com:443 "GET /python/python_arguments.asp HTTP/1.1" 200 45364
2026-03-30 16:45:39 | DEBUG | Starting new HTTPS connection (1): www.w3schools.com:443
2026-03-30 16:45:41 | DEBUG | https://www.w3schools.com:443 "GET /python/python_args_kwargs.asp HTTP/1.1" 200 45022
2026-03-30 16:45:43 | DEBUG | Starting new HTTPS connection (1): www.w3schools.com:443
2026-03-30 16:45:45 | DEBUG | https://www.w3schools.com:443 "GET /python/python_scope.asp HTTP/1.1" 200 44369
2026-03-30 16:45:46 | DEBUG | Starting new HTTPS connection (1): www.w3schools.com:443
2026-03-30 16:45:47 | DEBUG | https://www.w3schools.com:443 "GET /python/python_decorators.asp HTTP/1.1" 200 44730
2026-03-30 16:45:48 | DEBUG | Starting new HTTPS connection (1): www.w3schools.com:443
2026-03-30 16:45:49 | DEBUG | https://www.w3schools.com:443 "GET /python/python_lambda.asp HTTP/1.1" 200 44359
2026-03-30 16:45:50 | DEBUG | Starting new HTTPS connection (1): www.w3schools.com:443
2026-03-30 16:45:51 | DEBUG | https://www.w3schools.com:443 "GET /python/python_recursion.asp HTTP/1.1" 200 44499
2026-03-30 16:45:52 | DEBUG | Starting new HTTPS connection (1): www.w3schools.com:443
2026-03-30 16:45:53 | DEBUG | https://www.w3schools.com:443 "GET /python/python_generators.asp HTTP/1.1" 200 44689
2026-03-30 16:45:54 | DEBUG | Starting new HTTPS connection (1): www.w3schools.com:443
2026-03-30 16:45:55 | DEBUG | https://www.w3schools.com:443 "GET /python/python_challenges_functions_basics.asp HTTP/1.1" 200 48445
2026-03-30 16:45:56 | DEBUG | Starting new HTTPS connection (1): www.w3schools.com:443
2026-03-30 16:45:57 | DEBUG | https://www.w3schools.com:443 "GET /python/python_range.asp HTTP/1.1" 200 44321
2026-03-30 16:45:58 | DEBUG | Starting new HTTPS connection (1): www.w3schools.com:443
2026-03-30 16:45:59 | DEBUG | https://www.w3schools.com:443 "GET /python/python_challenges_range.asp HTTP/1.1" 200 48422
2026-03-30 16:46:00 | DEBUG | Starting new HTTPS connection (1): www.w3schools.com:443
2026-03-30 16:46:01 | DEBUG | https://www.w3schools.com:443 "GET /python/python_arrays.asp HTTP/1.1" 200 44587
2026-03-30 16:46:02 | DEBUG | Starting new HTTPS connection (1): www.w3schools.com:443
2026-03-30 16:46:03 | DEBUG | https://www.w3schools.com:443 "GET /python/python_challenges_arrays.asp HTTP/1.1" 200 48424
2026-03-30 16:46:04 | DEBUG | Starting new HTTPS connection (1): www.w3schools.com:443
2026-03-30 16:46:05 | DEBUG | https://www.w3schools.com:443 "GET /python/python_iterators.asp HTTP/1.1" 200 44455
2026-03-30 16:46:06 | DEBUG | Starting new HTTPS connection (1): www.w3schools.com:443
2026-03-30 16:46:07 | DEBUG | https://www.w3schools.com:443 "GET /python/python_challenges_iterators.asp HTTP/1.1" 200 48424
2026-03-30 16:46:08 | DEBUG | Starting new HTTPS connection (1): www.w3schools.com:443
2026-03-30 16:46:09 | DEBUG | https://www.w3schools.com:443 "GET /python/python_modules.asp HTTP/1.1" 200 44621
2026-03-30 16:46:10 | DEBUG | Starting new HTTPS connection (1): www.w3schools.com:443
2026-03-30 16:46:11 | DEBUG | https://www.w3schools.com:443 "GET /python/python_challenges_modules.asp HTTP/1.1" 200 48424
2026-03-30 16:46:12 | DEBUG | Starting new HTTPS connection (1): www.w3schools.com:443
2026-03-30 16:46:13 | DEBUG | https://www.w3schools.com:443 "GET /python/python_datetime.asp HTTP/1.1" 200 44914
2026-03-30 16:46:14 | DEBUG | Starting new HTTPS connection (1): www.w3schools.com:443
2026-03-30 16:46:15 | DEBUG | https://www.w3schools.com:443 "GET /python/python_challenges_datetime.asp HTTP/1.1" 200 48424
2026-03-30 16:46:16 | DEBUG | Starting new HTTPS connection (1): www.w3schools.com:443
2026-03-30 16:46:17 | DEBUG | https://www.w3schools.com:443 "GET /python/python_math.asp HTTP/1.1" 200 43970
2026-03-30 16:46:18 | DEBUG | Starting new HTTPS connection (1): www.w3schools.com:443
2026-03-30 16:46:19 | DEBUG | https://www.w3schools.com:443 "GET /python/python_challenges_math.asp HTTP/1.1" 200 48421
2026-03-30 16:46:20 | DEBUG | Starting new HTTPS connection (1): www.w3schools.com:443
2026-03-30 16:46:20 | DEBUG | https://www.w3schools.com:443 "GET /python/python_json.asp HTTP/1.1" 200 44588
2026-03-30 16:46:21 | DEBUG | Starting new HTTPS connection (1): www.w3schools.com:443
2026-03-30 16:46:22 | DEBUG | https://www.w3schools.com:443 "GET /python/python_challenges_json.asp HTTP/1.1" 200 48422
2026-03-30 16:46:23 | DEBUG | Starting new HTTPS connection (1): www.w3schools.com:443
2026-03-30 16:46:24 | DEBUG | https://www.w3schools.com:443 "GET /python/python_regex.asp HTTP/1.1" 200 46466
2026-03-30 16:46:25 | DEBUG | Starting new HTTPS connection (1): www.w3schools.com:443
2026-03-30 16:46:26 | DEBUG | https://www.w3schools.com:443 "GET /python/python_challenges_regex.asp HTTP/1.1" 200 48425
2026-03-30 16:46:27 | DEBUG | Starting new HTTPS connection (1): www.w3schools.com:443
2026-03-30 16:46:28 | DEBUG | https://www.w3schools.com:443 "GET /python/python_pip.asp HTTP/1.1" 200 44242
2026-03-30 16:46:29 | DEBUG | Starting new HTTPS connection (1): www.w3schools.com:443
2026-03-30 16:46:30 | DEBUG | https://www.w3schools.com:443 "GET /python/python_try_except.asp HTTP/1.1" 200 44426
2026-03-30 16:46:31 | DEBUG | Starting new HTTPS connection (1): www.w3schools.com:443
2026-03-30 16:46:32 | DEBUG | https://www.w3schools.com:443 "GET /python/python_challenges_try_except.asp HTTP/1.1" 200 48434
2026-03-30 16:46:34 | DEBUG | Starting new HTTPS connection (1): www.w3schools.com:443
2026-03-30 16:46:34 | DEBUG | https://www.w3schools.com:443 "GET /python/python_string_formatting.asp HTTP/1.1" 200 45794
2026-03-30 16:46:36 | DEBUG | Starting new HTTPS connection (1): www.w3schools.com:443
2026-03-30 16:46:36 | DEBUG | https://www.w3schools.com:443 "GET /python/python_challenges_string_formatting.asp HTTP/1.1" 200 48426
2026-03-30 16:46:37 | DEBUG | Starting new HTTPS connection (1): www.w3schools.com:443
2026-03-30 16:46:38 | DEBUG | https://www.w3schools.com:443 "GET /python/python_none.asp HTTP/1.1" 200 43747
2026-03-30 16:46:39 | DEBUG | Starting new HTTPS connection (1): www.w3schools.com:443
2026-03-30 16:46:41 | DEBUG | https://www.w3schools.com:443 "GET /python/python_challenges_none.asp HTTP/1.1" 200 48427
2026-03-30 16:46:42 | DEBUG | Starting new HTTPS connection (1): www.w3schools.com:443
2026-03-30 16:46:43 | DEBUG | https://www.w3schools.com:443 "GET /python/python_user_input.asp HTTP/1.1" 200 44152
2026-03-30 16:46:44 | DEBUG | Starting new HTTPS connection (1): www.w3schools.com:443
2026-03-30 16:46:45 | DEBUG | https://www.w3schools.com:443 "GET /python/python_virtualenv.asp HTTP/1.1" 200 45440
2026-03-30 16:46:45 | DEBUG | Starting new HTTPS connection (1): www.w3schools.com:443
2026-03-30 16:46:46 | DEBUG | https://www.w3schools.com:443 "GET /python/python_oop.asp HTTP/1.1" 200 43805
2026-03-30 16:46:47 | DEBUG | Starting new HTTPS connection (1): www.w3schools.com:443
2026-03-30 16:46:48 | DEBUG | https://www.w3schools.com:443 "GET /python/python_classes.asp HTTP/1.1" 200 43777
2026-03-30 16:46:50 | DEBUG | Starting new HTTPS connection (1): www.w3schools.com:443
2026-03-30 16:46:51 | DEBUG | https://www.w3schools.com:443 "GET /python/python_challenges_classes.asp HTTP/1.1" 200 48423
2026-03-30 16:46:52 | DEBUG | Starting new HTTPS connection (1): www.w3schools.com:443
2026-03-30 16:46:53 | DEBUG | https://www.w3schools.com:443 "GET /python/python_class_init.asp HTTP/1.1" 200 43931
2026-03-30 16:46:54 | DEBUG | Starting new HTTPS connection (1): www.w3schools.com:443
2026-03-30 16:46:57 | DEBUG | https://www.w3schools.com:443 "GET /python/python_challenges_classes_basics.asp HTTP/1.1" 200 48441
2026-03-30 16:46:58 | DEBUG | Starting new HTTPS connection (1): www.w3schools.com:443
2026-03-30 16:46:59 | DEBUG | https://www.w3schools.com:443 "GET /python/python_class_self.asp HTTP/1.1" 200 44089
2026-03-30 16:47:00 | DEBUG | Starting new HTTPS connection (1): www.w3schools.com:443
2026-03-30 16:47:04 | DEBUG | https://www.w3schools.com:443 "GET /python/python_challenges_class_self.asp HTTP/1.1" 200 48426
2026-03-30 16:47:05 | DEBUG | Starting new HTTPS connection (1): www.w3schools.com:443
2026-03-30 16:47:07 | DEBUG | https://www.w3schools.com:443 "GET /python/python_class_properties.asp HTTP/1.1" 200 44035
2026-03-30 16:47:08 | DEBUG | Starting new HTTPS connection (1): www.w3schools.com:443
2026-03-30 16:47:10 | DEBUG | https://www.w3schools.com:443 "GET /python/python_challenges_class_properties.asp HTTP/1.1" 200 48427
2026-03-30 16:47:12 | DEBUG | Starting new HTTPS connection (1): www.w3schools.com:443
2026-03-30 16:47:13 | DEBUG | https://www.w3schools.com:443 "GET /python/python_class_methods.asp HTTP/1.1" 200 44276
2026-03-30 16:47:14 | DEBUG | Starting new HTTPS connection (1): www.w3schools.com:443
2026-03-30 16:47:15 | DEBUG | https://www.w3schools.com:443 "GET /python/python_challenges_class_methods.asp HTTP/1.1" 200 48429
2026-03-30 16:47:17 | DEBUG | Starting new HTTPS connection (1): www.w3schools.com:443
2026-03-30 16:47:18 | DEBUG | https://www.w3schools.com:443 "GET /python/python_inheritance.asp HTTP/1.1" 200 44645
2026-03-30 16:47:19 | DEBUG | Starting new HTTPS connection (1): www.w3schools.com:443
2026-03-30 16:47:21 | DEBUG | https://www.w3schools.com:443 "GET /python/python_challenges_inheritance.asp HTTP/1.1" 200 48428
2026-03-30 16:47:23 | DEBUG | Starting new HTTPS connection (1): www.w3schools.com:443
2026-03-30 16:47:24 | DEBUG | https://www.w3schools.com:443 "GET /python/python_polymorphism.asp HTTP/1.1" 200 44488
2026-03-30 16:47:25 | DEBUG | Starting new HTTPS connection (1): www.w3schools.com:443
2026-03-30 16:47:27 | DEBUG | https://www.w3schools.com:443 "GET /python/python_challenges_polymorphism.asp HTTP/1.1" 200 48430
2026-03-30 16:47:28 | DEBUG | Starting new HTTPS connection (1): www.w3schools.com:443
2026-03-30 16:47:30 | DEBUG | https://www.w3schools.com:443 "GET /python/python_encapsulation.asp HTTP/1.1" 200 44816
2026-03-30 16:47:31 | DEBUG | Starting new HTTPS connection (1): www.w3schools.com:443
2026-03-30 16:47:33 | DEBUG | https://www.w3schools.com:443 "GET /python/python_challenges_encapsulation.asp HTTP/1.1" 200 48427
2026-03-30 16:47:34 | DEBUG | Starting new HTTPS connection (1): www.w3schools.com:443
2026-03-30 16:47:35 | DEBUG | https://www.w3schools.com:443 "GET /python/python_class_inner.asp HTTP/1.1" 200 44074
2026-03-30 16:47:37 | DEBUG | Starting new HTTPS connection (1): www.w3schools.com:443
2026-03-30 16:47:37 | DEBUG | https://www.w3schools.com:443 "GET /python/python_file_handling.asp HTTP/1.1" 200 43755
2026-03-30 16:47:38 | DEBUG | Starting new HTTPS connection (1): www.w3schools.com:443
2026-03-30 16:47:39 | DEBUG | https://www.w3schools.com:443 "GET /python/python_file_open.asp HTTP/1.1" 200 44131
2026-03-30 16:47:40 | DEBUG | Starting new HTTPS connection (1): www.w3schools.com:443
2026-03-30 16:47:41 | DEBUG | https://www.w3schools.com:443 "GET /python/python_file_write.asp HTTP/1.1" 200 43810
2026-03-30 16:47:42 | DEBUG | Starting new HTTPS connection (1): www.w3schools.com:443
2026-03-30 16:47:43 | DEBUG | https://www.w3schools.com:443 "GET /python/python_file_remove.asp HTTP/1.1" 200 43481
2026-03-30 16:47:44 | DEBUG | Starting new HTTPS connection (1): www.w3schools.com:443
2026-03-30 16:47:45 | DEBUG | https://www.w3schools.com:443 "GET /python/python_ml_mean_median_mode.asp HTTP/1.1" 200 44222
2026-03-30 16:47:46 | DEBUG | Starting new HTTPS connection (1): www.w3schools.com:443
2026-03-30 16:47:47 | DEBUG | https://www.w3schools.com:443 "GET /python/python_ml_standard_deviation.asp HTTP/1.1" 200 44846
2026-03-30 16:47:48 | DEBUG | Starting new HTTPS connection (1): www.w3schools.com:443
2026-03-30 16:47:49 | DEBUG | https://www.w3schools.com:443 "GET /python/python_ml_percentile.asp HTTP/1.1" 200 43586
2026-03-30 16:47:50 | DEBUG | Starting new HTTPS connection (1): www.w3schools.com:443
2026-03-30 16:47:51 | DEBUG | https://www.w3schools.com:443 "GET /python/python_ml_data_distribution.asp HTTP/1.1" 200 44066
2026-03-30 16:47:52 | DEBUG | Starting new HTTPS connection (1): www.w3schools.com:443
2026-03-30 16:47:53 | DEBUG | https://www.w3schools.com:443 "GET /python/python_ml_normal_data_distribution.asp HTTP/1.1" 200 43822
2026-03-30 16:47:54 | DEBUG | Starting new HTTPS connection (1): www.w3schools.com:443
2026-03-30 16:47:55 | DEBUG | https://www.w3schools.com:443 "GET /python/python_ml_scatterplot.asp HTTP/1.1" 200 44160
2026-03-30 16:47:56 | DEBUG | Starting new HTTPS connection (1): www.w3schools.com:443
2026-03-30 16:47:57 | DEBUG | https://www.w3schools.com:443 "GET /python/python_ml_linear_regression.asp HTTP/1.1" 200 45202
2026-03-30 16:47:58 | DEBUG | Starting new HTTPS connection (1): www.w3schools.com:443
2026-03-30 16:47:59 | DEBUG | https://www.w3schools.com:443 "GET /python/python_ml_polynomial_regression.asp HTTP/1.1" 200 45064
2026-03-30 16:48:00 | DEBUG | Starting new HTTPS connection (1): www.w3schools.com:443
2026-03-30 16:48:01 | DEBUG | https://www.w3schools.com:443 "GET /python/python_ml_multiple_regression.asp HTTP/1.1" 200 45630
2026-03-30 16:48:02 | DEBUG | Starting new HTTPS connection (1): www.w3schools.com:443
2026-03-30 16:48:03 | DEBUG | https://www.w3schools.com:443 "GET /python/python_ml_scale.asp HTTP/1.1" 200 45645
2026-03-30 16:48:04 | DEBUG | Starting new HTTPS connection (1): www.w3schools.com:443
2026-03-30 16:48:05 | DEBUG | https://www.w3schools.com:443 "GET /python/python_ml_train_test.asp HTTP/1.1" 200 45225
2026-03-30 16:48:06 | DEBUG | Starting new HTTPS connection (1): www.w3schools.com:443
2026-03-30 16:48:06 | DEBUG | https://www.w3schools.com:443 "GET /python/python_ml_decision_tree.asp HTTP/1.1" 200 46034
2026-03-30 16:48:08 | DEBUG | Starting new HTTPS connection (1): www.w3schools.com:443
2026-03-30 16:48:08 | DEBUG | https://www.w3schools.com:443 "GET /python/python_ml_confusion_matrix.asp HTTP/1.1" 200 44964
2026-03-30 16:48:10 | DEBUG | Starting new HTTPS connection (1): www.w3schools.com:443
2026-03-30 16:48:11 | DEBUG | https://www.w3schools.com:443 "GET /python/python_ml_hierarchial_clustering.asp HTTP/1.1" 200 44900
2026-03-30 16:48:12 | DEBUG | Starting new HTTPS connection (1): www.w3schools.com:443
2026-03-30 16:48:13 | DEBUG | https://www.w3schools.com:443 "GET /python/python_ml_logistic_regression.asp HTTP/1.1" 200 45023
2026-03-30 16:48:14 | DEBUG | Starting new HTTPS connection (1): www.w3schools.com:443
2026-03-30 16:48:14 | DEBUG | https://www.w3schools.com:443 "GET /python/python_ml_grid_search.asp HTTP/1.1" 200 44991
2026-03-30 16:48:15 | DEBUG | Starting new HTTPS connection (1): www.w3schools.com:443
2026-03-30 16:48:16 | DEBUG | https://www.w3schools.com:443 "GET /python/python_ml_preprocessing.asp HTTP/1.1" 200 46290
2026-03-30 16:48:17 | DEBUG | Starting new HTTPS connection (1): www.w3schools.com:443
2026-03-30 16:48:18 | DEBUG | https://www.w3schools.com:443 "GET /python/python_ml_k-means.asp HTTP/1.1" 200 44584
2026-03-30 16:48:19 | DEBUG | Starting new HTTPS connection (1): www.w3schools.com:443
2026-03-30 16:48:20 | DEBUG | https://www.w3schools.com:443 "GET /python/python_ml_bagging.asp HTTP/1.1" 200 46364
2026-03-30 16:48:21 | DEBUG | Starting new HTTPS connection (1): www.w3schools.com:443
2026-03-30 16:48:22 | DEBUG | https://www.w3schools.com:443 "GET /python/python_ml_cross_validation.asp HTTP/1.1" 200 44884
2026-03-30 16:48:23 | DEBUG | Starting new HTTPS connection (1): www.w3schools.com:443
2026-03-30 16:48:24 | DEBUG | https://www.w3schools.com:443 "GET /python/python_ml_auc_roc.asp HTTP/1.1" 200 45177
2026-03-30 16:48:25 | DEBUG | Starting new HTTPS connection (1): www.w3schools.com:443
2026-03-30 16:48:26 | DEBUG | https://www.w3schools.com:443 "GET /python/python_ml_knn.asp HTTP/1.1" 200 44911
2026-03-30 16:48:27 | DEBUG | Starting new HTTPS connection (1): www.w3schools.com:443
2026-03-30 16:48:28 | DEBUG | https://www.w3schools.com:443 "GET /python/python_dsa.asp HTTP/1.1" 200 43767
2026-03-30 16:48:29 | DEBUG | Starting new HTTPS connection (1): www.w3schools.com:443
2026-03-30 16:48:30 | DEBUG | https://www.w3schools.com:443 "GET /python/python_dsa_lists.asp HTTP/1.1" 200 44340
2026-03-30 16:48:31 | DEBUG | Starting new HTTPS connection (1): www.w3schools.com:443
2026-03-30 16:48:33 | DEBUG | https://www.w3schools.com:443 "GET /python/python_dsa_stacks.asp HTTP/1.1" 200 45729
2026-03-30 16:48:34 | DEBUG | Starting new HTTPS connection (1): www.w3schools.com:443
2026-03-30 16:48:36 | DEBUG | https://www.w3schools.com:443 "GET /python/python_dsa_queues.asp HTTP/1.1" 200 45480
2026-03-30 16:48:37 | DEBUG | Starting new HTTPS connection (1): www.w3schools.com:443
2026-03-30 16:48:38 | DEBUG | https://www.w3schools.com:443 "GET /python/python_dsa_linkedlists.asp HTTP/1.1" 200 50487
2026-03-30 16:48:39 | DEBUG | Starting new HTTPS connection (1): www.w3schools.com:443
2026-03-30 16:48:41 | DEBUG | https://www.w3schools.com:443 "GET /python/python_dsa_hashtables.asp HTTP/1.1" 200 46155
2026-03-30 16:48:42 | DEBUG | Starting new HTTPS connection (1): www.w3schools.com:443
2026-03-30 16:48:44 | DEBUG | https://www.w3schools.com:443 "GET /python/python_dsa_trees.asp HTTP/1.1" 200 45190
2026-03-30 16:48:45 | DEBUG | Starting new HTTPS connection (1): www.w3schools.com:443
2026-03-30 16:48:47 | DEBUG | https://www.w3schools.com:443 "GET /python/python_dsa_binarytrees.asp HTTP/1.1" 200 47455
2026-03-30 16:48:48 | DEBUG | Starting new HTTPS connection (1): www.w3schools.com:443
2026-03-30 16:48:51 | DEBUG | https://www.w3schools.com:443 "GET /python/python_dsa_binarysearchtrees.asp HTTP/1.1" 200 49528
2026-03-30 16:48:52 | DEBUG | Starting new HTTPS connection (1): www.w3schools.com:443
2026-03-30 16:48:54 | DEBUG | https://www.w3schools.com:443 "GET /python/python_dsa_avltrees.asp HTTP/1.1" 200 58194
2026-03-30 16:48:55 | DEBUG | Starting new HTTPS connection (1): www.w3schools.com:443
2026-03-30 16:48:57 | DEBUG | https://www.w3schools.com:443 "GET /python/python_dsa_graphs.asp HTTP/1.1" 200 47150
2026-03-30 16:48:59 | DEBUG | Starting new HTTPS connection (1): www.w3schools.com:443
2026-03-30 16:49:01 | DEBUG | https://www.w3schools.com:443 "GET /python/python_dsa_linearsearch.asp HTTP/1.1" 200 46827
2026-03-30 16:49:02 | DEBUG | Starting new HTTPS connection (1): www.w3schools.com:443
2026-03-30 16:49:04 | DEBUG | https://www.w3schools.com:443 "GET /python/python_dsa_binarysearch.asp HTTP/1.1" 200 48108
2026-03-30 16:49:05 | DEBUG | Starting new HTTPS connection (1): www.w3schools.com:443
2026-03-30 16:49:06 | DEBUG | https://www.w3schools.com:443 "GET /python/python_dsa_bubblesort.asp HTTP/1.1" 200 47471
2026-03-30 16:49:07 | DEBUG | Starting new HTTPS connection (1): www.w3schools.com:443
2026-03-30 16:49:08 | DEBUG | https://www.w3schools.com:443 "GET /python/python_dsa_selectionsort.asp HTTP/1.1" 200 48230
2026-03-30 16:49:09 | DEBUG | Starting new HTTPS connection (1): www.w3schools.com:443
2026-03-30 16:49:10 | DEBUG | https://www.w3schools.com:443 "GET /python/python_dsa_insertionsort.asp HTTP/1.1" 200 48462
2026-03-30 16:49:11 | DEBUG | Starting new HTTPS connection (1): www.w3schools.com:443
2026-03-30 16:49:12 | DEBUG | https://www.w3schools.com:443 "GET /python/python_dsa_quicksort.asp HTTP/1.1" 200 48125
2026-03-30 16:49:13 | DEBUG | Starting new HTTPS connection (1): www.w3schools.com:443
2026-03-30 16:49:14 | DEBUG | https://www.w3schools.com:443 "GET /python/python_dsa_countingsort.asp HTTP/1.1" 200 49035
2026-03-30 16:49:15 | DEBUG | Starting new HTTPS connection (1): www.w3schools.com:443
2026-03-30 16:49:16 | DEBUG | https://www.w3schools.com:443 "GET /python/python_dsa_radixsort.asp HTTP/1.1" 200 50361
2026-03-30 16:49:17 | DEBUG | Starting new HTTPS connection (1): www.w3schools.com:443
2026-03-30 16:49:18 | DEBUG | https://www.w3schools.com:443 "GET /python/python_dsa_mergesort.asp HTTP/1.1" 200 50175
2026-03-30 16:49:19 | DEBUG | Starting new HTTPS connection (1): www.w3schools.com:443
2026-03-30 16:49:22 | DEBUG | https://www.w3schools.com:443 "GET /python/python_mysql_getstarted.asp HTTP/1.1" 200 43913
2026-03-30 16:49:23 | DEBUG | Starting new HTTPS connection (1): www.w3schools.com:443
2026-03-30 16:49:25 | DEBUG | https://www.w3schools.com:443 "GET /python/python_mysql_create_db.asp HTTP/1.1" 200 43654
2026-03-30 16:49:26 | DEBUG | Starting new HTTPS connection (1): www.w3schools.com:443
2026-03-30 16:49:27 | DEBUG | https://www.w3schools.com:443 "GET /python/python_mysql_create_table.asp HTTP/1.1" 200 43921
2026-03-30 16:49:28 | DEBUG | Starting new HTTPS connection (1): www.w3schools.com:443
2026-03-30 16:49:29 | DEBUG | https://www.w3schools.com:443 "GET /python/python_mysql_insert.asp HTTP/1.1" 200 44139
2026-03-30 16:49:30 | DEBUG | Starting new HTTPS connection (1): www.w3schools.com:443
2026-03-30 16:49:31 | DEBUG | https://www.w3schools.com:443 "GET /python/python_mysql_select.asp HTTP/1.1" 200 43749
2026-03-30 16:49:32 | DEBUG | Starting new HTTPS connection (1): www.w3schools.com:443
2026-03-30 16:49:33 | DEBUG | https://www.w3schools.com:443 "GET /python/python_mysql_where.asp HTTP/1.1" 200 43876
2026-03-30 16:49:34 | DEBUG | Starting new HTTPS connection (1): www.w3schools.com:443
2026-03-30 16:49:35 | DEBUG | https://www.w3schools.com:443 "GET /python/python_mysql_orderby.asp HTTP/1.1" 200 43555
2026-03-30 16:49:36 | DEBUG | Starting new HTTPS connection (1): www.w3schools.com:443
2026-03-30 16:49:37 | DEBUG | https://www.w3schools.com:443 "GET /python/python_mysql_delete.asp HTTP/1.1" 200 43887
2026-03-30 16:49:38 | DEBUG | Starting new HTTPS connection (1): www.w3schools.com:443
2026-03-30 16:49:39 | DEBUG | https://www.w3schools.com:443 "GET /python/python_mysql_drop_table.asp HTTP/1.1" 200 43516
2026-03-30 16:49:40 | DEBUG | Starting new HTTPS connection (1): www.w3schools.com:443
2026-03-30 16:49:41 | DEBUG | https://www.w3schools.com:443 "GET /python/python_mysql_update.asp HTTP/1.1" 200 43915
2026-03-30 16:49:42 | DEBUG | Starting new HTTPS connection (1): www.w3schools.com:443
2026-03-30 16:49:43 | DEBUG | https://www.w3schools.com:443 "GET /python/python_mysql_limit.asp HTTP/1.1" 200 43549
2026-03-30 16:49:44 | DEBUG | Starting new HTTPS connection (1): www.w3schools.com:443
2026-03-30 16:49:44 | DEBUG | https://www.w3schools.com:443 "GET /python/python_mysql_join.asp HTTP/1.1" 200 44119
2026-03-30 16:49:46 | DEBUG | Starting new HTTPS connection (1): www.w3schools.com:443
2026-03-30 16:49:46 | DEBUG | https://www.w3schools.com:443 "GET /python/python_mongodb_getstarted.asp HTTP/1.1" 200 43795
2026-03-30 16:49:48 | DEBUG | Starting new HTTPS connection (1): www.w3schools.com:443
2026-03-30 16:49:49 | DEBUG | https://www.w3schools.com:443 "GET /python/python_mongodb_create_db.asp HTTP/1.1" 200 43764
2026-03-30 16:49:50 | DEBUG | Starting new HTTPS connection (1): www.w3schools.com:443
2026-03-30 16:49:51 | DEBUG | https://www.w3schools.com:443 "GET /python/python_mongodb_create_collection.asp HTTP/1.1" 200 43735
2026-03-30 16:49:52 | DEBUG | Starting new HTTPS connection (1): www.w3schools.com:443
2026-03-30 16:49:53 | DEBUG | https://www.w3schools.com:443 "GET /python/python_mongodb_insert.asp HTTP/1.1" 200 44508
2026-03-30 16:49:54 | DEBUG | Starting new HTTPS connection (1): www.w3schools.com:443
2026-03-30 16:49:54 | DEBUG | https://www.w3schools.com:443 "GET /python/python_mongodb_find.asp HTTP/1.1" 200 44050
2026-03-30 16:49:56 | DEBUG | Starting new HTTPS connection (1): www.w3schools.com:443
2026-03-30 16:49:57 | DEBUG | https://www.w3schools.com:443 "GET /python/python_mongodb_query.asp HTTP/1.1" 200 43787
2026-03-30 16:49:59 | DEBUG | Starting new HTTPS connection (1): www.w3schools.com:443
2026-03-30 16:49:59 | DEBUG | https://www.w3schools.com:443 "GET /python/python_mongodb_sort.asp HTTP/1.1" 200 43534
2026-03-30 16:50:01 | DEBUG | Starting new HTTPS connection (1): www.w3schools.com:443
2026-03-30 16:50:02 | DEBUG | https://www.w3schools.com:443 "GET /python/python_mongodb_delete.asp HTTP/1.1" 200 43677
2026-03-30 16:50:03 | DEBUG | Starting new HTTPS connection (1): www.w3schools.com:443
2026-03-30 16:50:04 | DEBUG | https://www.w3schools.com:443 "GET /python/python_mongodb_drop_collection.asp HTTP/1.1" 200 43408
2026-03-30 16:50:05 | DEBUG | Starting new HTTPS connection (1): www.w3schools.com:443
2026-03-30 16:50:07 | DEBUG | https://www.w3schools.com:443 "GET /python/python_mongodb_update.asp HTTP/1.1" 200 43771
2026-03-30 16:50:08 | DEBUG | Starting new HTTPS connection (1): www.w3schools.com:443
2026-03-30 16:50:09 | DEBUG | https://www.w3schools.com:443 "GET /python/python_mongodb_limit.asp HTTP/1.1" 200 43765
2026-03-30 16:50:10 | DEBUG | Starting new HTTPS connection (1): www.w3schools.com:443
2026-03-30 16:50:11 | DEBUG | https://www.w3schools.com:443 "GET /python/python_ref_functions.asp HTTP/1.1" 200 44602
2026-03-30 16:50:12 | DEBUG | Starting new HTTPS connection (1): www.w3schools.com:443
2026-03-30 16:50:13 | DEBUG | https://www.w3schools.com:443 "GET /python/python_ref_string.asp HTTP/1.1" 200 44298
2026-03-30 16:50:14 | DEBUG | Starting new HTTPS connection (1): www.w3schools.com:443
2026-03-30 16:50:15 | DEBUG | https://www.w3schools.com:443 "GET /python/python_ref_list.asp HTTP/1.1" 200 43568
2026-03-30 16:50:16 | DEBUG | Starting new HTTPS connection (1): www.w3schools.com:443
2026-03-30 16:50:17 | DEBUG | https://www.w3schools.com:443 "GET /python/python_ref_dictionary.asp HTTP/1.1" 200 43465
2026-03-30 16:50:18 | DEBUG | Starting new HTTPS connection (1): www.w3schools.com:443
2026-03-30 16:50:19 | DEBUG | https://www.w3schools.com:443 "GET /python/python_ref_tuple.asp HTTP/1.1" 200 43288
2026-03-30 16:50:20 | DEBUG | Starting new HTTPS connection (1): www.w3schools.com:443
2026-03-30 16:50:21 | DEBUG | https://www.w3schools.com:443 "GET /python/python_ref_set.asp HTTP/1.1" 200 43838
2026-03-30 16:50:23 | DEBUG | Starting new HTTPS connection (1): www.w3schools.com:443
2026-03-30 16:50:25 | DEBUG | https://www.w3schools.com:443 "GET /python/python_ref_file.asp HTTP/1.1" 200 43602
2026-03-30 16:50:26 | DEBUG | Starting new HTTPS connection (1): www.w3schools.com:443
2026-03-30 16:50:27 | DEBUG | https://www.w3schools.com:443 "GET /python/python_ref_keywords.asp HTTP/1.1" 200 44073
2026-03-30 16:50:29 | DEBUG | Starting new HTTPS connection (1): www.w3schools.com:443
2026-03-30 16:50:31 | DEBUG | https://www.w3schools.com:443 "GET /python/python_ref_exceptions.asp HTTP/1.1" 200 44116
2026-03-30 16:50:32 | DEBUG | Starting new HTTPS connection (1): www.w3schools.com:443
2026-03-30 16:50:34 | DEBUG | https://www.w3schools.com:443 "GET /python/python_ref_glossary.asp HTTP/1.1" 200 48004
2026-03-30 16:50:36 | DEBUG | Starting new HTTPS connection (1): www.w3schools.com:443
2026-03-30 16:50:38 | DEBUG | https://www.w3schools.com:443 "GET /python/python_ref_modules.asp HTTP/1.1" 200 49676
2026-03-30 16:50:39 | DEBUG | Starting new HTTPS connection (1): www.w3schools.com:443
2026-03-30 16:50:41 | DEBUG | https://www.w3schools.com:443 "GET /python/python_howto_remove_duplicates.asp HTTP/1.1" 200 44057
2026-03-30 16:50:42 | DEBUG | Starting new HTTPS connection (1): www.w3schools.com:443
2026-03-30 16:50:44 | DEBUG | https://www.w3schools.com:443 "GET /python/python_howto_reverse_string.asp HTTP/1.1" 200 44067
2026-03-30 16:50:45 | DEBUG | Starting new HTTPS connection (1): www.w3schools.com:443
2026-03-30 16:50:46 | DEBUG | https://www.w3schools.com:443 "GET /python/python_howto_add_two_numbers.asp HTTP/1.1" 200 43378
2026-03-30 16:50:48 | DEBUG | Starting new HTTPS connection (1): www.w3schools.com:443
2026-03-30 16:50:48 | DEBUG | https://www.w3schools.com:443 "GET /python/python_compiler.asp HTTP/1.1" 200 44042
2026-03-30 16:50:49 | DEBUG | Starting new HTTPS connection (1): www.w3schools.com:443
2026-03-30 16:50:52 | DEBUG | https://www.w3schools.com:443 "GET /python/python_server.asp HTTP/1.1" 200 53590
2026-03-30 16:50:53 | DEBUG | Starting new HTTPS connection (1): www.w3schools.com:443
2026-03-30 16:50:55 | DEBUG | https://www.w3schools.com:443 "GET /python/python_syllabus.asp HTTP/1.1" 200 45956
2026-03-30 16:50:56 | DEBUG | Starting new HTTPS connection (1): www.w3schools.com:443
2026-03-30 16:50:58 | DEBUG | https://www.w3schools.com:443 "GET /python/python_study_plan.asp HTTP/1.1" 200 45260
2026-03-30 16:51:00 | DEBUG | Starting new HTTPS connection (1): www.w3schools.com:443
2026-03-30 16:51:02 | DEBUG | https://www.w3schools.com:443 "GET /python/python_interview_questions.asp HTTP/1.1" 200 47978
2026-03-30 16:51:03 | DEBUG | Starting new HTTPS connection (1): www.w3schools.com:443
2026-03-30 16:51:05 | DEBUG | https://www.w3schools.com:443 "GET /python/python_exam.asp HTTP/1.1" 200 46149
2026-03-30 16:51:06 | DEBUG | Starting new HTTPS connection (1): www.w3schools.com:443
2026-03-30 16:51:08 | DEBUG | https://www.w3schools.com:443 "GET /python/python_training.asp HTTP/1.1" 200 45717
2026-03-30 16:51:10 | DEBUG | Starting new HTTPS connection (1): www.w3schools.com:443
2026-03-30 16:51:10 | DEBUG | https://www.w3schools.com:443 "GET /sql/sql_intro.asp HTTP/1.1" 200 44541
2026-03-30 16:51:12 | DEBUG | Starting new HTTPS connection (1): www.w3schools.com:443
2026-03-30 16:51:12 | DEBUG | https://www.w3schools.com:443 "GET /sql/sql_syntax.asp HTTP/1.1" 200 44520
2026-03-30 16:51:13 | DEBUG | Starting new HTTPS connection (1): www.w3schools.com:443
2026-03-30 16:51:14 | DEBUG | https://www.w3schools.com:443 "GET /sql/sql_select.asp HTTP/1.1" 200 44316
2026-03-30 16:51:15 | DEBUG | Starting new HTTPS connection (1): www.w3schools.com:443
2026-03-30 16:51:16 | DEBUG | https://www.w3schools.com:443 "GET /sql/sql_distinct.asp HTTP/1.1" 200 44544
2026-03-30 16:51:17 | DEBUG | Starting new HTTPS connection (1): www.w3schools.com:443
2026-03-30 16:51:18 | DEBUG | https://www.w3schools.com:443 "GET /sql/sql_where.asp HTTP/1.1" 200 44862
2026-03-30 16:51:19 | DEBUG | Starting new HTTPS connection (1): www.w3schools.com:443
2026-03-30 16:51:21 | DEBUG | https://www.w3schools.com:443 "GET /sql/sql_orderby.asp HTTP/1.1" 200 44468
2026-03-30 16:51:22 | DEBUG | Starting new HTTPS connection (1): www.w3schools.com:443
2026-03-30 16:51:23 | DEBUG | https://www.w3schools.com:443 "GET /sql/sql_and.asp HTTP/1.1" 200 44740
2026-03-30 16:51:24 | DEBUG | Starting new HTTPS connection (1): www.w3schools.com:443
2026-03-30 16:51:26 | DEBUG | https://www.w3schools.com:443 "GET /sql/sql_or.asp HTTP/1.1" 200 44440
2026-03-30 16:51:27 | DEBUG | Starting new HTTPS connection (1): www.w3schools.com:443
2026-03-30 16:51:28 | DEBUG | https://www.w3schools.com:443 "GET /sql/sql_not.asp HTTP/1.1" 200 44992
2026-03-30 16:51:30 | DEBUG | Starting new HTTPS connection (1): www.w3schools.com:443
2026-03-30 16:51:31 | DEBUG | https://www.w3schools.com:443 "GET /sql/sql_insert.asp HTTP/1.1" 200 44856
2026-03-30 16:51:32 | DEBUG | Starting new HTTPS connection (1): www.w3schools.com:443
2026-03-30 16:51:33 | DEBUG | https://www.w3schools.com:443 "GET /sql/sql_null_values.asp HTTP/1.1" 200 44710
2026-03-30 16:51:35 | DEBUG | Starting new HTTPS connection (1): www.w3schools.com:443
2026-03-30 16:51:36 | DEBUG | https://www.w3schools.com:443 "GET /sql/sql_update.asp HTTP/1.1" 200 44365
2026-03-30 16:51:37 | DEBUG | Starting new HTTPS connection (1): www.w3schools.com:443
2026-03-30 16:51:39 | DEBUG | https://www.w3schools.com:443 "GET /sql/sql_delete.asp HTTP/1.1" 200 44253
2026-03-30 16:51:40 | DEBUG | Starting new HTTPS connection (1): www.w3schools.com:443
2026-03-30 16:51:41 | DEBUG | https://www.w3schools.com:443 "GET /sql/sql_top.asp HTTP/1.1" 200 44652
2026-03-30 16:51:42 | DEBUG | Starting new HTTPS connection (1): www.w3schools.com:443
2026-03-30 16:51:43 | DEBUG | https://www.w3schools.com:443 "GET /sql/sql_aggregate_functions.asp HTTP/1.1" 200 43498
2026-03-30 16:51:44 | DEBUG | Starting new HTTPS connection (1): www.w3schools.com:443
2026-03-30 16:51:45 | DEBUG | https://www.w3schools.com:443 "GET /sql/sql_min_max.asp HTTP/1.1" 200 44061
2026-03-30 16:51:46 | DEBUG | Starting new HTTPS connection (1): www.w3schools.com:443
2026-03-30 16:51:47 | DEBUG | https://www.w3schools.com:443 "GET /sql/sql_max.asp HTTP/1.1" 200 44074
2026-03-30 16:51:49 | DEBUG | Starting new HTTPS connection (1): www.w3schools.com:443
2026-03-30 16:51:50 | DEBUG | https://www.w3schools.com:443 "GET /sql/sql_count.asp HTTP/1.1" 200 44450
2026-03-30 16:51:51 | DEBUG | Starting new HTTPS connection (1): www.w3schools.com:443
2026-03-30 16:51:53 | DEBUG | https://www.w3schools.com:443 "GET /sql/sql_sum.asp HTTP/1.1" 200 44237
2026-03-30 16:51:54 | DEBUG | Starting new HTTPS connection (1): www.w3schools.com:443
2026-03-30 16:51:55 | DEBUG | https://www.w3schools.com:443 "GET /sql/sql_avg.asp HTTP/1.1" 200 44147
2026-03-30 16:51:56 | DEBUG | Starting new HTTPS connection (1): www.w3schools.com:443
2026-03-30 16:51:57 | DEBUG | https://www.w3schools.com:443 "GET /sql/sql_like.asp HTTP/1.1" 200 44829
2026-03-30 16:51:58 | DEBUG | Starting new HTTPS connection (1): www.w3schools.com:443
2026-03-30 16:52:00 | DEBUG | https://www.w3schools.com:443 "GET /sql/sql_wildcards.asp HTTP/1.1" 200 45022
2026-03-30 16:52:02 | DEBUG | Starting new HTTPS connection (1): www.w3schools.com:443
2026-03-30 16:52:03 | DEBUG | https://www.w3schools.com:443 "GET /sql/sql_in.asp HTTP/1.1" 200 44447
2026-03-30 16:52:04 | DEBUG | Starting new HTTPS connection (1): www.w3schools.com:443
2026-03-30 16:52:05 | DEBUG | https://www.w3schools.com:443 "GET /sql/sql_between.asp HTTP/1.1" 200 44406
2026-03-30 16:52:06 | DEBUG | Starting new HTTPS connection (1): www.w3schools.com:443
2026-03-30 16:52:07 | DEBUG | https://www.w3schools.com:443 "GET /sql/sql_alias.asp HTTP/1.1" 200 44872
2026-03-30 16:52:08 | DEBUG | Starting new HTTPS connection (1): www.w3schools.com:443
2026-03-30 16:52:09 | DEBUG | https://www.w3schools.com:443 "GET /sql/sql_join.asp HTTP/1.1" 200 44052
2026-03-30 16:52:10 | DEBUG | Starting new HTTPS connection (1): www.w3schools.com:443
2026-03-30 16:52:11 | DEBUG | https://www.w3schools.com:443 "GET /sql/sql_join_inner.asp HTTP/1.1" 200 44642
2026-03-30 16:52:13 | DEBUG | Starting new HTTPS connection (1): www.w3schools.com:443
2026-03-30 16:52:14 | DEBUG | https://www.w3schools.com:443 "GET /sql/sql_join_left.asp HTTP/1.1" 200 44199
2026-03-30 16:52:15 | DEBUG | Starting new HTTPS connection (1): www.w3schools.com:443
2026-03-30 16:52:16 | DEBUG | https://www.w3schools.com:443 "GET /sql/sql_join_right.asp HTTP/1.1" 200 44011
2026-03-30 16:52:18 | DEBUG | Starting new HTTPS connection (1): www.w3schools.com:443
2026-03-30 16:52:19 | DEBUG | https://www.w3schools.com:443 "GET /sql/sql_join_full.asp HTTP/1.1" 200 44360
2026-03-30 16:52:20 | DEBUG | Starting new HTTPS connection (1): www.w3schools.com:443
2026-03-30 16:52:22 | DEBUG | https://www.w3schools.com:443 "GET /sql/sql_join_self.asp HTTP/1.1" 200 43878
2026-03-30 16:52:23 | DEBUG | Starting new HTTPS connection (1): www.w3schools.com:443
2026-03-30 16:52:24 | DEBUG | https://www.w3schools.com:443 "GET /sql/sql_union.asp HTTP/1.1" 200 44577
2026-03-30 16:52:25 | DEBUG | Starting new HTTPS connection (1): www.w3schools.com:443
2026-03-30 16:52:26 | DEBUG | https://www.w3schools.com:443 "GET /sql/sql_union_all.asp HTTP/1.1" 200 44330
2026-03-30 16:52:27 | DEBUG | Starting new HTTPS connection (1): www.w3schools.com:443
2026-03-30 16:52:29 | DEBUG | https://www.w3schools.com:443 "GET /sql/sql_groupby.asp HTTP/1.1" 200 44418
2026-03-30 16:52:30 | DEBUG | Starting new HTTPS connection (1): www.w3schools.com:443
2026-03-30 16:52:31 | DEBUG | https://www.w3schools.com:443 "GET /sql/sql_having.asp HTTP/1.1" 200 44676
2026-03-30 16:52:32 | DEBUG | Starting new HTTPS connection (1): www.w3schools.com:443
2026-03-30 16:52:33 | DEBUG | https://www.w3schools.com:443 "GET /sql/sql_exists.asp HTTP/1.1" 200 44196
2026-03-30 16:52:34 | DEBUG | Starting new HTTPS connection (1): www.w3schools.com:443
2026-03-30 16:52:35 | DEBUG | https://www.w3schools.com:443 "GET /sql/sql_any_all.asp HTTP/1.1" 200 43989
2026-03-30 16:52:36 | DEBUG | Starting new HTTPS connection (1): www.w3schools.com:443
2026-03-30 16:52:37 | DEBUG | https://www.w3schools.com:443 "GET /sql/sql_all.asp HTTP/1.1" 200 43970
2026-03-30 16:52:38 | DEBUG | Starting new HTTPS connection (1): www.w3schools.com:443
2026-03-30 16:52:40 | DEBUG | https://www.w3schools.com:443 "GET /sql/sql_select_into.asp HTTP/1.1" 200 43906
2026-03-30 16:52:42 | DEBUG | Starting new HTTPS connection (1): www.w3schools.com:443
2026-03-30 16:52:43 | DEBUG | https://www.w3schools.com:443 "GET /sql/sql_insert_into_select.asp HTTP/1.1" 200 44245
2026-03-30 16:52:44 | DEBUG | Starting new HTTPS connection (1): www.w3schools.com:443
2026-03-30 16:52:45 | DEBUG | https://www.w3schools.com:443 "GET /sql/sql_case.asp HTTP/1.1" 200 43689
2026-03-30 16:52:46 | DEBUG | Starting new HTTPS connection (1): www.w3schools.com:443
2026-03-30 16:52:48 | DEBUG | https://www.w3schools.com:443 "GET /sql/sql_isnull.asp HTTP/1.1" 200 44413
2026-03-30 16:52:49 | DEBUG | Starting new HTTPS connection (1): www.w3schools.com:443
2026-03-30 16:52:50 | DEBUG | https://www.w3schools.com:443 "GET /sql/sql_stored_procedures.asp HTTP/1.1" 200 44736
2026-03-30 16:52:51 | DEBUG | Starting new HTTPS connection (1): www.w3schools.com:443
2026-03-30 16:52:53 | DEBUG | https://www.w3schools.com:443 "GET /sql/sql_comments.asp HTTP/1.1" 200 43907
2026-03-30 16:52:54 | DEBUG | Starting new HTTPS connection (1): www.w3schools.com:443
2026-03-30 16:52:55 | DEBUG | https://www.w3schools.com:443 "GET /sql/sql_operators.asp HTTP/1.1" 200 44046
2026-03-30 16:52:56 | DEBUG | Starting new HTTPS connection (1): www.w3schools.com:443
2026-03-30 16:52:58 | DEBUG | https://www.w3schools.com:443 "GET /sql/sql_create_db.asp HTTP/1.1" 200 43460
2026-03-30 16:52:59 | DEBUG | Starting new HTTPS connection (1): www.w3schools.com:443
2026-03-30 16:53:00 | DEBUG | https://www.w3schools.com:443 "GET /sql/sql_drop_db.asp HTTP/1.1" 200 43560
2026-03-30 16:53:01 | DEBUG | Starting new HTTPS connection (1): www.w3schools.com:443
2026-03-30 16:53:03 | DEBUG | https://www.w3schools.com:443 "GET /sql/sql_backup_db.asp HTTP/1.1" 200 43618
2026-03-30 16:53:04 | DEBUG | Starting new HTTPS connection (1): www.w3schools.com:443
2026-03-30 16:53:05 | DEBUG | https://www.w3schools.com:443 "GET /sql/sql_create_table.asp HTTP/1.1" 200 44230
2026-03-30 16:53:06 | DEBUG | Starting new HTTPS connection (1): www.w3schools.com:443
2026-03-30 16:53:08 | DEBUG | https://www.w3schools.com:443 "GET /sql/sql_drop_table.asp HTTP/1.1" 200 43639
2026-03-30 16:53:09 | DEBUG | Starting new HTTPS connection (1): www.w3schools.com:443
2026-03-30 16:53:10 | DEBUG | https://www.w3schools.com:443 "GET /sql/sql_alter.asp HTTP/1.1" 200 44580
2026-03-30 16:53:12 | DEBUG | Starting new HTTPS connection (1): www.w3schools.com:443
2026-03-30 16:53:13 | DEBUG | https://www.w3schools.com:443 "GET /sql/sql_constraints.asp HTTP/1.1" 200 43679
2026-03-30 16:53:14 | DEBUG | Starting new HTTPS connection (1): www.w3schools.com:443
2026-03-30 16:53:15 | DEBUG | https://www.w3schools.com:443 "GET /sql/sql_notnull.asp HTTP/1.1" 200 43728
2026-03-30 16:53:17 | DEBUG | Starting new HTTPS connection (1): www.w3schools.com:443
2026-03-30 16:53:19 | DEBUG | https://www.w3schools.com:443 "GET /sql/sql_unique.asp HTTP/1.1" 200 43714
2026-03-30 16:53:20 | DEBUG | Starting new HTTPS connection (1): www.w3schools.com:443
2026-03-30 16:53:21 | DEBUG | https://www.w3schools.com:443 "GET /sql/sql_primarykey.asp HTTP/1.1" 200 43963
2026-03-30 16:53:22 | DEBUG | Starting new HTTPS connection (1): www.w3schools.com:443
2026-03-30 16:53:23 | DEBUG | https://www.w3schools.com:443 "GET /sql/sql_foreignkey.asp HTTP/1.1" 200 43975
2026-03-30 16:53:24 | DEBUG | Starting new HTTPS connection (1): www.w3schools.com:443
2026-03-30 16:53:25 | DEBUG | https://www.w3schools.com:443 "GET /sql/sql_check.asp HTTP/1.1" 200 43746
2026-03-30 16:53:26 | DEBUG | Starting new HTTPS connection (1): www.w3schools.com:443
2026-03-30 16:53:27 | DEBUG | https://www.w3schools.com:443 "GET /sql/sql_default.asp HTTP/1.1" 200 43780
2026-03-30 16:53:29 | DEBUG | Starting new HTTPS connection (1): www.w3schools.com:443
2026-03-30 16:53:30 | DEBUG | https://www.w3schools.com:443 "GET /sql/sql_create_index.asp HTTP/1.1" 200 43874
2026-03-30 16:53:31 | DEBUG | Starting new HTTPS connection (1): www.w3schools.com:443
2026-03-30 16:53:33 | DEBUG | https://www.w3schools.com:443 "GET /sql/sql_autoincrement.asp HTTP/1.1" 200 44271
2026-03-30 16:53:34 | DEBUG | Starting new HTTPS connection (1): www.w3schools.com:443
2026-03-30 16:53:35 | DEBUG | https://www.w3schools.com:443 "GET /sql/sql_dates.asp HTTP/1.1" 200 44155
2026-03-30 16:53:36 | DEBUG | Starting new HTTPS connection (1): www.w3schools.com:443
2026-03-30 16:53:37 | DEBUG | https://www.w3schools.com:443 "GET /sql/sql_view.asp HTTP/1.1" 200 43994
2026-03-30 16:53:38 | DEBUG | Starting new HTTPS connection (1): www.w3schools.com:443
2026-03-30 16:53:40 | DEBUG | https://www.w3schools.com:443 "GET /sql/sql_injection.asp HTTP/1.1" 200 44477
2026-03-30 16:53:41 | DEBUG | Starting new HTTPS connection (1): www.w3schools.com:443
2026-03-30 16:53:42 | DEBUG | https://www.w3schools.com:443 "GET /sql/sql_parameterized_queries.asp HTTP/1.1" 200 43964
2026-03-30 16:53:43 | DEBUG | Starting new HTTPS connection (1): www.w3schools.com:443
2026-03-30 16:53:44 | DEBUG | https://www.w3schools.com:443 "GET /sql/sql_prepared_statements.asp HTTP/1.1" 200 44827
2026-03-30 16:53:45 | DEBUG | Starting new HTTPS connection (1): www.w3schools.com:443
2026-03-30 16:53:46 | DEBUG | https://www.w3schools.com:443 "GET /sql/sql_hosting.asp HTTP/1.1" 200 43629
2026-03-30 16:53:47 | DEBUG | Starting new HTTPS connection (1): www.w3schools.com:443
2026-03-30 16:53:47 | DEBUG | https://www.w3schools.com:443 "GET /sql/sql_datatypes.asp HTTP/1.1" 200 47192
2026-03-30 16:53:49 | DEBUG | Starting new HTTPS connection (1): www.w3schools.com:443
2026-03-30 16:53:51 | DEBUG | https://www.w3schools.com:443 "GET /sql/sql_ref_add.asp HTTP/1.1" 200 43282
2026-03-30 16:53:52 | DEBUG | Starting new HTTPS connection (1): www.w3schools.com:443
2026-03-30 16:53:53 | DEBUG | https://www.w3schools.com:443 "GET /sql/sql_ref_add_constraint.asp HTTP/1.1" 200 43343
2026-03-30 16:53:54 | DEBUG | Starting new HTTPS connection (1): www.w3schools.com:443
2026-03-30 16:53:57 | DEBUG | https://www.w3schools.com:443 "GET /sql/sql_ref_all.asp HTTP/1.1" 200 43405
2026-03-30 16:53:58 | DEBUG | Starting new HTTPS connection (1): www.w3schools.com:443
2026-03-30 16:54:00 | DEBUG | https://www.w3schools.com:443 "GET /sql/sql_ref_alter.asp HTTP/1.1" 200 43451
2026-03-30 16:54:01 | DEBUG | Starting new HTTPS connection (1): www.w3schools.com:443
2026-03-30 16:54:03 | DEBUG | https://www.w3schools.com:443 "GET /sql/sql_ref_alter_column.asp HTTP/1.1" 200 43328
2026-03-30 16:54:04 | DEBUG | Starting new HTTPS connection (1): www.w3schools.com:443
2026-03-30 16:54:06 | DEBUG | https://www.w3schools.com:443 "GET /sql/sql_ref_alter_table.asp HTTP/1.1" 200 43358
2026-03-30 16:54:07 | DEBUG | Starting new HTTPS connection (1): www.w3schools.com:443
2026-03-30 16:54:09 | DEBUG | https://www.w3schools.com:443 "GET /sql/sql_ref_alter_view.asp HTTP/1.1" 200 43386
2026-03-30 16:54:10 | DEBUG | Starting new HTTPS connection (1): www.w3schools.com:443
2026-03-30 16:54:12 | DEBUG | https://www.w3schools.com:443 "GET /sql/sql_ref_and.asp HTTP/1.1" 200 43395
2026-03-30 16:54:13 | DEBUG | Starting new HTTPS connection (1): www.w3schools.com:443
2026-03-30 16:54:15 | DEBUG | https://www.w3schools.com:443 "GET /sql/sql_ref_any.asp HTTP/1.1" 200 43441
2026-03-30 16:54:16 | DEBUG | Starting new HTTPS connection (1): www.w3schools.com:443
2026-03-30 16:54:19 | DEBUG | https://www.w3schools.com:443 "GET /sql/sql_ref_as.asp HTTP/1.1" 200 43877
2026-03-30 16:54:20 | DEBUG | Starting new HTTPS connection (1): www.w3schools.com:443
2026-03-30 16:54:22 | DEBUG | https://www.w3schools.com:443 "GET /sql/sql_ref_asc.asp HTTP/1.1" 200 43369
2026-03-30 16:54:23 | DEBUG | Starting new HTTPS connection (1): www.w3schools.com:443
2026-03-30 16:54:24 | DEBUG | https://www.w3schools.com:443 "GET /sql/sql_ref_backup_database.asp HTTP/1.1" 200 43545
2026-03-30 16:54:25 | DEBUG | Starting new HTTPS connection (1): www.w3schools.com:443
2026-03-30 16:54:27 | DEBUG | https://www.w3schools.com:443 "GET /sql/sql_ref_between.asp HTTP/1.1" 200 43541
2026-03-30 16:54:28 | DEBUG | Starting new HTTPS connection (1): www.w3schools.com:443
2026-03-30 16:54:30 | DEBUG | https://www.w3schools.com:443 "GET /sql/sql_ref_case.asp HTTP/1.1" 200 43565
2026-03-30 16:54:31 | DEBUG | Starting new HTTPS connection (1): www.w3schools.com:443
2026-03-30 16:54:33 | DEBUG | https://www.w3schools.com:443 "GET /sql/sql_ref_check.asp HTTP/1.1" 200 43620
2026-03-30 16:54:34 | DEBUG | Starting new HTTPS connection (1): www.w3schools.com:443
2026-03-30 16:54:36 | DEBUG | https://www.w3schools.com:443 "GET /sql/sql_ref_column.asp HTTP/1.1" 200 43393
2026-03-30 16:54:37 | DEBUG | Starting new HTTPS connection (1): www.w3schools.com:443
2026-03-30 16:54:39 | DEBUG | https://www.w3schools.com:443 "GET /sql/sql_ref_constraint.asp HTTP/1.1" 200 43556
2026-03-30 16:54:40 | DEBUG | Starting new HTTPS connection (1): www.w3schools.com:443
2026-03-30 16:54:42 | DEBUG | https://www.w3schools.com:443 "GET /sql/sql_ref_create.asp HTTP/1.1" 200 44475
2026-03-30 16:54:43 | DEBUG | Starting new HTTPS connection (1): www.w3schools.com:443
2026-03-30 16:54:44 | DEBUG | https://www.w3schools.com:443 "GET /sql/sql_ref_create_database.asp HTTP/1.1" 200 43393
2026-03-30 16:54:46 | DEBUG | Starting new HTTPS connection (1): www.w3schools.com:443
2026-03-30 16:54:47 | DEBUG | https://www.w3schools.com:443 "GET /sql/sql_ref_create_index.asp HTTP/1.1" 200 43652
2026-03-30 16:54:48 | DEBUG | Starting new HTTPS connection (1): www.w3schools.com:443
2026-03-30 16:54:50 | DEBUG | https://www.w3schools.com:443 "GET /sql/sql_ref_create_or_replace_view.asp HTTP/1.1" 200 43401
2026-03-30 16:54:51 | DEBUG | Starting new HTTPS connection (1): www.w3schools.com:443
2026-03-30 16:54:53 | DEBUG | https://www.w3schools.com:443 "GET /sql/sql_ref_create_table.asp HTTP/1.1" 200 43478
2026-03-30 16:54:54 | DEBUG | Starting new HTTPS connection (1): www.w3schools.com:443
2026-03-30 16:54:56 | DEBUG | https://www.w3schools.com:443 "GET /sql/sql_ref_create_procedure.asp HTTP/1.1" 200 43404
2026-03-30 16:54:57 | DEBUG | Starting new HTTPS connection (1): www.w3schools.com:443
2026-03-30 16:54:58 | DEBUG | https://www.w3schools.com:443 "GET /sql/sql_ref_create_unique_index.asp HTTP/1.1" 200 43587
2026-03-30 16:54:59 | DEBUG | Starting new HTTPS connection (1): www.w3schools.com:443
2026-03-30 16:55:01 | DEBUG | https://www.w3schools.com:443 "GET /sql/sql_ref_create_view.asp HTTP/1.1" 200 43406
2026-03-30 16:55:02 | DEBUG | Starting new HTTPS connection (1): www.w3schools.com:443
2026-03-30 16:55:03 | DEBUG | https://www.w3schools.com:443 "GET /sql/sql_ref_database.asp HTTP/1.1" 200 43498
2026-03-30 16:55:04 | DEBUG | Starting new HTTPS connection (1): www.w3schools.com:443
2026-03-30 16:55:06 | DEBUG | https://www.w3schools.com:443 "GET /sql/sql_ref_default.asp HTTP/1.1" 200 43635
2026-03-30 16:55:07 | DEBUG | Starting new HTTPS connection (1): www.w3schools.com:443
2026-03-30 16:55:08 | DEBUG | https://www.w3schools.com:443 "GET /sql/sql_ref_delete.asp HTTP/1.1" 200 43545
2026-03-30 16:55:09 | DEBUG | Starting new HTTPS connection (1): www.w3schools.com:443
2026-03-30 16:55:10 | DEBUG | https://www.w3schools.com:443 "GET /sql/sql_ref_desc.asp HTTP/1.1" 200 43376
2026-03-30 16:55:11 | DEBUG | Starting new HTTPS connection (1): www.w3schools.com:443
2026-03-30 16:55:12 | DEBUG | https://www.w3schools.com:443 "GET /sql/sql_ref_distinct.asp HTTP/1.1" 200 43359
2026-03-30 16:55:13 | DEBUG | Starting new HTTPS connection (1): www.w3schools.com:443
2026-03-30 16:55:14 | DEBUG | https://www.w3schools.com:443 "GET /sql/sql_ref_drop.asp HTTP/1.1" 200 43916
2026-03-30 16:55:16 | DEBUG | Starting new HTTPS connection (1): www.w3schools.com:443
2026-03-30 16:55:17 | DEBUG | https://www.w3schools.com:443 "GET /sql/sql_ref_drop_column.asp HTTP/1.1" 200 43303
2026-03-30 16:55:18 | DEBUG | Starting new HTTPS connection (1): www.w3schools.com:443
2026-03-30 16:55:21 | DEBUG | https://www.w3schools.com:443 "GET /sql/sql_ref_drop_constraint.asp HTTP/1.1" 200 43429
2026-03-30 16:55:22 | DEBUG | Starting new HTTPS connection (1): www.w3schools.com:443
2026-03-30 16:55:23 | DEBUG | https://www.w3schools.com:443 "GET /sql/sql_ref_drop_database.asp HTTP/1.1" 200 43365
2026-03-30 16:55:24 | DEBUG | Starting new HTTPS connection (1): www.w3schools.com:443
2026-03-30 16:55:26 | DEBUG | https://www.w3schools.com:443 "GET /sql/sql_ref_drop_default.asp HTTP/1.1" 200 43307
2026-03-30 16:55:27 | DEBUG | Starting new HTTPS connection (1): www.w3schools.com:443
2026-03-30 16:55:29 | DEBUG | https://www.w3schools.com:443 "GET /sql/sql_ref_drop_index.asp HTTP/1.1" 200 43311
2026-03-30 16:55:30 | DEBUG | Starting new HTTPS connection (1): www.w3schools.com:443
2026-03-30 16:55:32 | DEBUG | https://www.w3schools.com:443 "GET /sql/sql_ref_drop_table.asp HTTP/1.1" 200 43435
2026-03-30 16:55:33 | DEBUG | Starting new HTTPS connection (1): www.w3schools.com:443
2026-03-30 16:55:35 | DEBUG | https://www.w3schools.com:443 "GET /sql/sql_ref_drop_view.asp HTTP/1.1" 200 43264
2026-03-30 16:55:37 | DEBUG | Starting new HTTPS connection (1): www.w3schools.com:443
2026-03-30 16:55:39 | DEBUG | https://www.w3schools.com:443 "GET /sql/sql_ref_exec.asp HTTP/1.1" 200 43265
2026-03-30 16:55:40 | DEBUG | Starting new HTTPS connection (1): www.w3schools.com:443
2026-03-30 16:55:42 | DEBUG | https://www.w3schools.com:443 "GET /sql/sql_ref_exists.asp HTTP/1.1" 200 43452
2026-03-30 16:55:44 | DEBUG | Starting new HTTPS connection (1): www.w3schools.com:443
2026-03-30 16:55:46 | DEBUG | https://www.w3schools.com:443 "GET /sql/sql_ref_foreign_key.asp HTTP/1.1" 200 43667
2026-03-30 16:55:47 | DEBUG | Starting new HTTPS connection (1): www.w3schools.com:443
2026-03-30 16:55:49 | DEBUG | https://www.w3schools.com:443 "GET /sql/sql_ref_from.asp HTTP/1.1" 200 43444
2026-03-30 16:55:50 | DEBUG | Starting new HTTPS connection (1): www.w3schools.com:443
2026-03-30 16:55:52 | DEBUG | https://www.w3schools.com:443 "GET /sql/sql_ref_full_outer_join.asp HTTP/1.1" 200 43469
2026-03-30 16:55:54 | DEBUG | Starting new HTTPS connection (1): www.w3schools.com:443
2026-03-30 16:55:56 | DEBUG | https://www.w3schools.com:443 "GET /sql/sql_ref_group_by.asp HTTP/1.1" 200 43431
2026-03-30 16:55:57 | DEBUG | Starting new HTTPS connection (1): www.w3schools.com:443
2026-03-30 16:55:59 | DEBUG | https://www.w3schools.com:443 "GET /sql/sql_ref_having.asp HTTP/1.1" 200 43450
2026-03-30 16:56:01 | DEBUG | Starting new HTTPS connection (1): www.w3schools.com:443
2026-03-30 16:56:03 | DEBUG | https://www.w3schools.com:443 "GET /sql/sql_ref_in.asp HTTP/1.1" 200 43570
2026-03-30 16:56:04 | DEBUG | Starting new HTTPS connection (1): www.w3schools.com:443
2026-03-30 16:56:06 | DEBUG | https://www.w3schools.com:443 "GET /sql/sql_ref_index.asp HTTP/1.1" 200 43760
2026-03-30 16:56:07 | DEBUG | Starting new HTTPS connection (1): www.w3schools.com:443
2026-03-30 16:56:09 | DEBUG | https://www.w3schools.com:443 "GET /sql/sql_ref_inner_join.asp HTTP/1.1" 200 43561
2026-03-30 16:56:11 | DEBUG | Starting new HTTPS connection (1): www.w3schools.com:443
2026-03-30 16:56:12 | DEBUG | https://www.w3schools.com:443 "GET /sql/sql_ref_insert_into.asp HTTP/1.1" 200 43457
2026-03-30 16:56:13 | DEBUG | Starting new HTTPS connection (1): www.w3schools.com:443
2026-03-30 16:56:14 | DEBUG | https://www.w3schools.com:443 "GET /sql/sql_ref_insert_into_select.asp HTTP/1.1" 200 43448
2026-03-30 16:56:15 | DEBUG | Starting new HTTPS connection (1): www.w3schools.com:443
2026-03-30 16:56:16 | DEBUG | https://www.w3schools.com:443 "GET /sql/sql_ref_is_null.asp HTTP/1.1" 200 43500
2026-03-30 16:56:17 | DEBUG | Starting new HTTPS connection (1): www.w3schools.com:443
2026-03-30 16:56:18 | DEBUG | https://www.w3schools.com:443 "GET /sql/sql_ref_is_not_null.asp HTTP/1.1" 200 43374
2026-03-30 16:56:20 | DEBUG | Starting new HTTPS connection (1): www.w3schools.com:443
2026-03-30 16:56:21 | DEBUG | https://www.w3schools.com:443 "GET /sql/sql_ref_join.asp HTTP/1.1" 200 44030
2026-03-30 16:56:22 | DEBUG | Starting new HTTPS connection (1): www.w3schools.com:443
2026-03-30 16:56:22 | DEBUG | https://www.w3schools.com:443 "GET /sql/sql_ref_left_join.asp HTTP/1.1" 200 43493
2026-03-30 16:56:24 | DEBUG | Starting new HTTPS connection (1): www.w3schools.com:443
2026-03-30 16:56:24 | DEBUG | https://www.w3schools.com:443 "GET /sql/sql_ref_like.asp HTTP/1.1" 200 43606
2026-03-30 16:56:26 | DEBUG | Starting new HTTPS connection (1): www.w3schools.com:443
2026-03-30 16:56:28 | DEBUG | https://www.w3schools.com:443 "GET /sql/sql_ref_limit.asp HTTP/1.1" 200 43548
2026-03-30 16:56:29 | DEBUG | Starting new HTTPS connection (1): www.w3schools.com:443
2026-03-30 16:56:30 | DEBUG | https://www.w3schools.com:443 "GET /sql/sql_ref_not.asp HTTP/1.1" 200 43379
2026-03-30 16:56:31 | DEBUG | Starting new HTTPS connection (1): www.w3schools.com:443
2026-03-30 16:56:33 | DEBUG | https://www.w3schools.com:443 "GET /sql/sql_ref_not_null.asp HTTP/1.1" 200 43479
2026-03-30 16:56:34 | DEBUG | Starting new HTTPS connection (1): www.w3schools.com:443
2026-03-30 16:56:36 | DEBUG | https://www.w3schools.com:443 "GET /sql/sql_ref_or.asp HTTP/1.1" 200 43433
2026-03-30 16:56:38 | DEBUG | Starting new HTTPS connection (1): www.w3schools.com:443
2026-03-30 16:56:39 | DEBUG | https://www.w3schools.com:443 "GET /sql/sql_ref_order_by.asp HTTP/1.1" 200 43500
2026-03-30 16:56:41 | DEBUG | Starting new HTTPS connection (1): www.w3schools.com:443
2026-03-30 16:56:43 | DEBUG | https://www.w3schools.com:443 "GET /sql/sql_ref_outer_join.asp HTTP/1.1" 200 43472
2026-03-30 16:56:44 | DEBUG | Starting new HTTPS connection (1): www.w3schools.com:443
2026-03-30 16:56:46 | DEBUG | https://www.w3schools.com:443 "GET /sql/sql_ref_primary_key.asp HTTP/1.1" 200 43804
2026-03-30 16:56:47 | DEBUG | Starting new HTTPS connection (1): www.w3schools.com:443
2026-03-30 16:56:50 | DEBUG | https://www.w3schools.com:443 "GET /sql/sql_ref_procedure.asp HTTP/1.1" 200 43408
2026-03-30 16:56:51 | DEBUG | Starting new HTTPS connection (1): www.w3schools.com:443
2026-03-30 16:56:53 | DEBUG | https://www.w3schools.com:443 "GET /sql/sql_ref_right_join.asp HTTP/1.1" 200 43510
2026-03-30 16:56:54 | DEBUG | Starting new HTTPS connection (1): www.w3schools.com:443
2026-03-30 16:56:56 | DEBUG | https://www.w3schools.com:443 "GET /sql/sql_ref_rownum.asp HTTP/1.1" 200 43550
2026-03-30 16:56:57 | DEBUG | Starting new HTTPS connection (1): www.w3schools.com:443
2026-03-30 16:56:59 | DEBUG | https://www.w3schools.com:443 "GET /sql/sql_ref_select.asp HTTP/1.1" 200 43404
2026-03-30 16:57:01 | DEBUG | Starting new HTTPS connection (1): www.w3schools.com:443
2026-03-30 16:57:03 | DEBUG | https://www.w3schools.com:443 "GET /sql/sql_ref_select_distinct.asp HTTP/1.1" 200 43357
2026-03-30 16:57:04 | DEBUG | Starting new HTTPS connection (1): www.w3schools.com:443
2026-03-30 16:57:06 | DEBUG | https://www.w3schools.com:443 "GET /sql/sql_ref_select_into.asp HTTP/1.1" 200 43491
2026-03-30 16:57:07 | DEBUG | Starting new HTTPS connection (1): www.w3schools.com:443
2026-03-30 16:57:09 | DEBUG | https://www.w3schools.com:443 "GET /sql/sql_ref_select_top.asp HTTP/1.1" 200 43547
2026-03-30 16:57:10 | DEBUG | Starting new HTTPS connection (1): www.w3schools.com:443
2026-03-30 16:57:11 | DEBUG | https://www.w3schools.com:443 "GET /sql/sql_ref_set.asp HTTP/1.1" 200 43562
2026-03-30 16:57:13 | DEBUG | Starting new HTTPS connection (1): www.w3schools.com:443
2026-03-30 16:57:15 | DEBUG | https://www.w3schools.com:443 "GET /sql/sql_ref_table.asp HTTP/1.1" 200 43849
2026-03-30 16:57:16 | DEBUG | Starting new HTTPS connection (1): www.w3schools.com:443
2026-03-30 16:57:18 | DEBUG | https://www.w3schools.com:443 "GET /sql/sql_ref_top.asp HTTP/1.1" 200 43548
2026-03-30 16:57:20 | DEBUG | Starting new HTTPS connection (1): www.w3schools.com:443
2026-03-30 16:57:22 | DEBUG | https://www.w3schools.com:443 "GET /sql/sql_ref_truncate_table.asp HTTP/1.1" 200 43431
2026-03-30 16:57:23 | DEBUG | Starting new HTTPS connection (1): www.w3schools.com:443
2026-03-30 16:57:25 | DEBUG | https://www.w3schools.com:443 "GET /sql/sql_ref_union.asp HTTP/1.1" 200 43390
2026-03-30 16:57:26 | DEBUG | Starting new HTTPS connection (1): www.w3schools.com:443
2026-03-30 16:57:29 | DEBUG | https://www.w3schools.com:443 "GET /sql/sql_ref_union_all.asp HTTP/1.1" 200 43399
2026-03-30 16:57:30 | DEBUG | Starting new HTTPS connection (1): www.w3schools.com:443
2026-03-30 16:57:32 | DEBUG | https://www.w3schools.com:443 "GET /sql/sql_ref_unique.asp HTTP/1.1" 200 43587
2026-03-30 16:57:33 | DEBUG | Starting new HTTPS connection (1): www.w3schools.com:443
2026-03-30 16:57:34 | DEBUG | https://www.w3schools.com:443 "GET /sql/sql_ref_update.asp HTTP/1.1" 200 43550
2026-03-30 16:57:35 | DEBUG | Starting new HTTPS connection (1): www.w3schools.com:443
2026-03-30 16:57:37 | DEBUG | https://www.w3schools.com:443 "GET /sql/sql_ref_values.asp HTTP/1.1" 200 43450
2026-03-30 16:57:38 | DEBUG | Starting new HTTPS connection (1): www.w3schools.com:443
2026-03-30 16:57:40 | DEBUG | https://www.w3schools.com:443 "GET /sql/sql_ref_view.asp HTTP/1.1" 200 43526
2026-03-30 16:57:41 | DEBUG | Starting new HTTPS connection (1): www.w3schools.com:443
2026-03-30 16:57:43 | DEBUG | https://www.w3schools.com:443 "GET /sql/sql_ref_where.asp HTTP/1.1" 200 43832
2026-03-30 16:57:44 | DEBUG | Starting new HTTPS connection (1): www.w3schools.com:443
2026-03-30 16:57:46 | DEBUG | https://www.w3schools.com:443 "GET /sql/sql_ref_mysql.asp HTTP/1.1" 200 45673
2026-03-30 16:57:47 | DEBUG | Starting new HTTPS connection (1): www.w3schools.com:443
2026-03-30 16:57:49 | DEBUG | https://www.w3schools.com:443 "GET /sql/sql_ref_sqlserver.asp HTTP/1.1" 200 45003
2026-03-30 16:57:50 | DEBUG | Starting new HTTPS connection (1): www.w3schools.com:443
2026-03-30 16:57:52 | DEBUG | https://www.w3schools.com:443 "GET /sql/sql_ref_msaccess.asp HTTP/1.1" 200 44544
2026-03-30 16:57:53 | DEBUG | Starting new HTTPS connection (1): www.w3schools.com:443
2026-03-30 16:57:55 | DEBUG | https://www.w3schools.com:443 "GET /sql/sql_quickref.asp HTTP/1.1" 200 44071
2026-03-30 16:57:57 | DEBUG | Starting new HTTPS connection (1): www.w3schools.com:443
2026-03-30 16:57:58 | DEBUG | https://www.w3schools.com:443 "GET /sql/sql_editor.asp HTTP/1.1" 200 44279
2026-03-30 16:57:59 | DEBUG | Starting new HTTPS connection (1): www.w3schools.com:443
2026-03-30 16:58:01 | DEBUG | https://www.w3schools.com:443 "GET /sql/sql_server.asp HTTP/1.1" 200 53644
2026-03-30 16:58:02 | DEBUG | Starting new HTTPS connection (1): www.w3schools.com:443
2026-03-30 16:58:04 | DEBUG | https://www.w3schools.com:443 "GET /sql/sql_syllabus.asp HTTP/1.1" 200 45665
2026-03-30 16:58:06 | DEBUG | Starting new HTTPS connection (1): www.w3schools.com:443
2026-03-30 16:58:08 | DEBUG | https://www.w3schools.com:443 "GET /sql/sql_study_plan.asp HTTP/1.1" 200 45243
2026-03-30 16:58:09 | DEBUG | Starting new HTTPS connection (1): www.w3schools.com:443
2026-03-30 16:58:11 | DEBUG | https://www.w3schools.com:443 "GET /sql/sql_exam.asp HTTP/1.1" 200 46216
2026-03-30 16:58:13 | DEBUG | Starting new HTTPS connection (1): www.w3schools.com:443
2026-03-30 16:58:15 | DEBUG | https://www.w3schools.com:443 "GET /sql/sql_training.asp HTTP/1.1" 200 45765
2026-03-30 16:58:16 | DEBUG | Starting new HTTPS connection (1): www.w3schools.com:443
2026-03-30 16:58:17 | DEBUG | https://www.w3schools.com:443 "GET /react/react_intro.asp HTTP/1.1" 200 40489
2026-03-30 16:58:18 | DEBUG | Starting new HTTPS connection (1): www.w3schools.com:443
2026-03-30 16:58:20 | DEBUG | https://www.w3schools.com:443 "GET /react/react_getstarted.asp HTTP/1.1" 200 41052
2026-03-30 16:58:21 | DEBUG | Starting new HTTPS connection (1): www.w3schools.com:443
2026-03-30 16:58:23 | DEBUG | https://www.w3schools.com:443 "GET /react/react_first_app.asp HTTP/1.1" 200 40790
2026-03-30 16:58:24 | DEBUG | Starting new HTTPS connection (1): www.w3schools.com:443
2026-03-30 16:58:26 | DEBUG | https://www.w3schools.com:443 "GET /react/react_render.asp HTTP/1.1" 200 41747
2026-03-30 16:58:28 | DEBUG | Starting new HTTPS connection (1): www.w3schools.com:443
2026-03-30 16:58:29 | DEBUG | https://www.w3schools.com:443 "GET /react/react_upgrade.asp HTTP/1.1" 200 40294
2026-03-30 16:58:30 | DEBUG | Starting new HTTPS connection (1): www.w3schools.com:443
2026-03-30 16:58:32 | DEBUG | https://www.w3schools.com:443 "GET /react/react_es6.asp HTTP/1.1" 200 40092
2026-03-30 16:58:33 | DEBUG | Starting new HTTPS connection (1): www.w3schools.com:443
2026-03-30 16:58:35 | DEBUG | https://www.w3schools.com:443 "GET /react/react_es6_classes.asp HTTP/1.1" 200 40816
2026-03-30 16:58:37 | DEBUG | Starting new HTTPS connection (1): www.w3schools.com:443
2026-03-30 16:58:39 | DEBUG | https://www.w3schools.com:443 "GET /react/react_es6_arrow.asp HTTP/1.1" 200 41027
2026-03-30 16:58:40 | DEBUG | Starting new HTTPS connection (1): www.w3schools.com:443
2026-03-30 16:58:42 | DEBUG | https://www.w3schools.com:443 "GET /react/react_es6_variables.asp HTTP/1.1" 200 40556
2026-03-30 16:58:43 | DEBUG | Starting new HTTPS connection (1): www.w3schools.com:443
2026-03-30 16:58:45 | DEBUG | https://www.w3schools.com:443 "GET /react/react_es6_array_map.asp HTTP/1.1" 200 40729
2026-03-30 16:58:46 | DEBUG | Starting new HTTPS connection (1): www.w3schools.com:443
2026-03-30 16:58:48 | DEBUG | https://www.w3schools.com:443 "GET /react/react_es6_destructuring.asp HTTP/1.1" 200 41682
2026-03-30 16:58:50 | DEBUG | Starting new HTTPS connection (1): www.w3schools.com:443
2026-03-30 16:58:51 | DEBUG | https://www.w3schools.com:443 "GET /react/react_es6_spread.asp HTTP/1.1" 200 40415
2026-03-30 16:58:52 | DEBUG | Starting new HTTPS connection (1): www.w3schools.com:443
2026-03-30 16:58:55 | DEBUG | https://www.w3schools.com:443 "GET /react/react_es6_modules.asp HTTP/1.1" 200 40600
2026-03-30 16:58:56 | DEBUG | Starting new HTTPS connection (1): www.w3schools.com:443
2026-03-30 16:58:57 | DEBUG | https://www.w3schools.com:443 "GET /react/react_es6_ternary.asp HTTP/1.1" 200 40127
2026-03-30 16:58:59 | DEBUG | Starting new HTTPS connection (1): www.w3schools.com:443
2026-03-30 16:59:01 | DEBUG | https://www.w3schools.com:443 "GET /react/react_es6_template_strings.asp HTTP/1.1" 200 41419
2026-03-30 16:59:02 | DEBUG | Starting new HTTPS connection (1): www.w3schools.com:443
2026-03-30 16:59:04 | DEBUG | https://www.w3schools.com:443 "GET /react/react_jsx.asp HTTP/1.1" 200 41745
2026-03-30 16:59:05 | DEBUG | Starting new HTTPS connection (1): www.w3schools.com:443
2026-03-30 16:59:07 | DEBUG | https://www.w3schools.com:443 "GET /react/react_jsx_expressions.asp HTTP/1.1" 200 40457
2026-03-30 16:59:09 | DEBUG | Starting new HTTPS connection (1): www.w3schools.com:443
2026-03-30 16:59:11 | DEBUG | https://www.w3schools.com:443 "GET /react/react_jsx_attributes.asp HTTP/1.1" 200 41013
2026-03-30 16:59:12 | DEBUG | Starting new HTTPS connection (1): www.w3schools.com:443
2026-03-30 16:59:14 | DEBUG | https://www.w3schools.com:443 "GET /react/react_jsx_if_statements.asp HTTP/1.1" 200 40351
2026-03-30 16:59:15 | DEBUG | Starting new HTTPS connection (1): www.w3schools.com:443
2026-03-30 16:59:16 | DEBUG | https://www.w3schools.com:443 "GET /react/react_components.asp HTTP/1.1" 200 41415
2026-03-30 16:59:17 | DEBUG | Starting new HTTPS connection (1): www.w3schools.com:443
2026-03-30 16:59:18 | DEBUG | https://www.w3schools.com:443 "GET /react/react_class.asp HTTP/1.1" 200 44763
2026-03-30 16:59:19 | DEBUG | Starting new HTTPS connection (1): www.w3schools.com:443
2026-03-30 16:59:22 | DEBUG | https://www.w3schools.com:443 "GET /react/react_props.asp HTTP/1.1" 200 41257
2026-03-30 16:59:23 | DEBUG | Starting new HTTPS connection (1): www.w3schools.com:443
2026-03-30 16:59:25 | DEBUG | https://www.w3schools.com:443 "GET /react/react_props_destructuring.asp HTTP/1.1" 200 40663
2026-03-30 16:59:26 | DEBUG | Starting new HTTPS connection (1): www.w3schools.com:443
2026-03-30 16:59:28 | DEBUG | https://www.w3schools.com:443 "GET /react/react_props_children.asp HTTP/1.1" 200 40326
2026-03-30 16:59:29 | DEBUG | Starting new HTTPS connection (1): www.w3schools.com:443
2026-03-30 16:59:31 | DEBUG | https://www.w3schools.com:443 "GET /react/react_events.asp HTTP/1.1" 200 40689
2026-03-30 16:59:33 | DEBUG | Starting new HTTPS connection (1): www.w3schools.com:443
2026-03-30 16:59:35 | DEBUG | https://www.w3schools.com:443 "GET /react/react_conditional_rendering.asp HTTP/1.1" 200 40769
2026-03-30 16:59:36 | DEBUG | Starting new HTTPS connection (1): www.w3schools.com:443
2026-03-30 16:59:37 | DEBUG | https://www.w3schools.com:443 "GET /react/react_lists.asp HTTP/1.1" 200 40821
2026-03-30 16:59:38 | DEBUG | Starting new HTTPS connection (1): www.w3schools.com:443
2026-03-30 16:59:39 | DEBUG | https://www.w3schools.com:443 "GET /react/react_forms.asp HTTP/1.1" 200 41252
2026-03-30 16:59:40 | DEBUG | Starting new HTTPS connection (1): www.w3schools.com:443
2026-03-30 16:59:40 | DEBUG | https://www.w3schools.com:443 "GET /react/react_forms_submit.asp HTTP/1.1" 200 40260
2026-03-30 16:59:42 | DEBUG | Starting new HTTPS connection (1): www.w3schools.com:443
2026-03-30 16:59:43 | DEBUG | https://www.w3schools.com:443 "GET /react/react_forms_textarea.asp HTTP/1.1" 200 40425
2026-03-30 16:59:44 | DEBUG | Starting new HTTPS connection (1): www.w3schools.com:443
2026-03-30 16:59:45 | DEBUG | https://www.w3schools.com:443 "GET /react/react_forms_select.asp HTTP/1.1" 200 40378
2026-03-30 16:59:46 | DEBUG | Starting new HTTPS connection (1): www.w3schools.com:443
2026-03-30 16:59:47 | DEBUG | https://www.w3schools.com:443 "GET /react/react_forms_multiple_inputs.asp HTTP/1.1" 200 40983
2026-03-30 16:59:48 | DEBUG | Starting new HTTPS connection (1): www.w3schools.com:443
2026-03-30 16:59:49 | DEBUG | https://www.w3schools.com:443 "GET /react/react_forms_checkbox.asp HTTP/1.1" 200 40756
2026-03-30 16:59:50 | DEBUG | Starting new HTTPS connection (1): www.w3schools.com:443
2026-03-30 16:59:51 | DEBUG | https://www.w3schools.com:443 "GET /react/react_forms_radio.asp HTTP/1.1" 200 40476
2026-03-30 16:59:51 | DEBUG | Starting new HTTPS connection (1): www.w3schools.com:443
2026-03-30 16:59:52 | DEBUG | https://www.w3schools.com:443 "GET /react/react_portals.asp HTTP/1.1" 200 41905
2026-03-30 16:59:53 | DEBUG | Starting new HTTPS connection (1): www.w3schools.com:443
2026-03-30 16:59:54 | DEBUG | https://www.w3schools.com:443 "GET /react/react_suspense.asp HTTP/1.1" 200 40929
2026-03-30 16:59:55 | DEBUG | Starting new HTTPS connection (1): www.w3schools.com:443
2026-03-30 16:59:56 | DEBUG | https://www.w3schools.com:443 "GET /react/react_css_styling.asp HTTP/1.1" 200 41356
2026-03-30 16:59:57 | DEBUG | Starting new HTTPS connection (1): www.w3schools.com:443
2026-03-30 16:59:58 | DEBUG | https://www.w3schools.com:443 "GET /react/react_css_modules.asp HTTP/1.1" 200 41648
2026-03-30 16:59:59 | DEBUG | Starting new HTTPS connection (1): www.w3schools.com:443
2026-03-30 17:00:00 | DEBUG | https://www.w3schools.com:443 "GET /react/react_css_js.asp HTTP/1.1" 200 41494
2026-03-30 17:00:01 | DEBUG | Starting new HTTPS connection (1): www.w3schools.com:443
2026-03-30 17:00:02 | DEBUG | https://www.w3schools.com:443 "GET /react/react_router.asp HTTP/1.1" 200 42734
2026-03-30 17:00:03 | DEBUG | Starting new HTTPS connection (1): www.w3schools.com:443
2026-03-30 17:00:04 | DEBUG | https://www.w3schools.com:443 "GET /react/react_transitions.asp HTTP/1.1" 200 41085
2026-03-30 17:00:05 | DEBUG | Starting new HTTPS connection (1): www.w3schools.com:443
2026-03-30 17:00:06 | DEBUG | https://www.w3schools.com:443 "GET /react/react_forward_ref.asp HTTP/1.1" 200 40522
2026-03-30 17:00:07 | DEBUG | Starting new HTTPS connection (1): www.w3schools.com:443
2026-03-30 17:00:08 | DEBUG | https://www.w3schools.com:443 "GET /react/react_hoc.asp HTTP/1.1" 200 40725
2026-03-30 17:00:09 | DEBUG | Starting new HTTPS connection (1): www.w3schools.com:443
2026-03-30 17:00:10 | DEBUG | https://www.w3schools.com:443 "GET /react/react_sass_styling.asp HTTP/1.1" 200 40778
2026-03-30 17:00:11 | DEBUG | Starting new HTTPS connection (1): www.w3schools.com:443
2026-03-30 17:00:12 | DEBUG | https://www.w3schools.com:443 "GET /react/react_hooks.asp HTTP/1.1" 200 40720
2026-03-30 17:00:13 | DEBUG | Starting new HTTPS connection (1): www.w3schools.com:443
2026-03-30 17:00:14 | DEBUG | https://www.w3schools.com:443 "GET /react/react_usestate.asp HTTP/1.1" 200 41670
2026-03-30 17:00:15 | DEBUG | Starting new HTTPS connection (1): www.w3schools.com:443
2026-03-30 17:00:16 | DEBUG | https://www.w3schools.com:443 "GET /react/react_useeffect.asp HTTP/1.1" 200 41195
2026-03-30 17:00:17 | DEBUG | Starting new HTTPS connection (1): www.w3schools.com:443
2026-03-30 17:00:18 | DEBUG | https://www.w3schools.com:443 "GET /react/react_usecontext.asp HTTP/1.1" 200 40946
2026-03-30 17:00:19 | DEBUG | Starting new HTTPS connection (1): www.w3schools.com:443
2026-03-30 17:00:20 | DEBUG | https://www.w3schools.com:443 "GET /react/react_useref.asp HTTP/1.1" 200 41148
2026-03-30 17:00:21 | DEBUG | Starting new HTTPS connection (1): www.w3schools.com:443
2026-03-30 17:00:22 | DEBUG | https://www.w3schools.com:443 "GET /react/react_usereducer.asp HTTP/1.1" 200 40715
2026-03-30 17:00:23 | DEBUG | Starting new HTTPS connection (1): www.w3schools.com:443
2026-03-30 17:00:25 | DEBUG | https://www.w3schools.com:443 "GET /react/react_usecallback.asp HTTP/1.1" 200 41039
2026-03-30 17:00:26 | DEBUG | Starting new HTTPS connection (1): www.w3schools.com:443
2026-03-30 17:00:28 | DEBUG | https://www.w3schools.com:443 "GET /react/react_usememo.asp HTTP/1.1" 200 41033
2026-03-30 17:00:29 | DEBUG | Starting new HTTPS connection (1): www.w3schools.com:443
2026-03-30 17:00:31 | DEBUG | https://www.w3schools.com:443 "GET /react/react_customhooks.asp HTTP/1.1" 200 41024
2026-03-30 17:00:33 | DEBUG | Starting new HTTPS connection (1): www.w3schools.com:443
2026-03-30 17:00:34 | DEBUG | https://www.w3schools.com:443 "GET /react/react_compiler.asp HTTP/1.1" 200 41366
2026-03-30 17:00:36 | DEBUG | Starting new HTTPS connection (1): www.w3schools.com:443
2026-03-30 17:00:38 | DEBUG | https://www.w3schools.com:443 "GET /react/react_syllabus.asp HTTP/1.1" 200 42698
2026-03-30 17:00:39 | DEBUG | Starting new HTTPS connection (1): www.w3schools.com:443
2026-03-30 17:00:41 | DEBUG | https://www.w3schools.com:443 "GET /react/react_study_plan.asp HTTP/1.1" 200 42006
2026-03-30 17:00:43 | DEBUG | Starting new HTTPS connection (1): www.w3schools.com:443
2026-03-30 17:00:43 | DEBUG | https://www.w3schools.com:443 "GET /react/react_server.asp HTTP/1.1" 200 50390
2026-03-30 17:00:45 | DEBUG | Starting new HTTPS connection (1): www.w3schools.com:443
2026-03-30 17:00:46 | DEBUG | https://www.w3schools.com:443 "GET /react/react_interview_prep.asp HTTP/1.1" 200 41979
2026-03-30 17:00:47 | DEBUG | Starting new HTTPS connection (1): www.w3schools.com:443
2026-03-30 17:00:48 | DEBUG | https://www.w3schools.com:443 "GET /react/react_exam.asp HTTP/1.1" 200 43026
2026-03-30 17:00:49 | DEBUG | Starting new HTTPS connection (1): www.w3schools.com:443
2026-03-30 17:00:51 | DEBUG | https://www.w3schools.com:443 "GET /html/HTML_exam.asp HTTP/1.1" 200 43405
2026-03-30 17:00:52 | DEBUG | Starting new HTTPS connection (1): www.w3schools.com:443
2026-03-30 17:00:53 | DEBUG | https://www.w3schools.com:443 "GET /html/HTML_syllabus.asp HTTP/1.1" 200 43406
2026-03-30 17:00:55 | DEBUG | Starting new HTTPS connection (1): www.w3schools.com:443
2026-03-30 17:00:57 | DEBUG | https://www.w3schools.com:443 "GET /html/html_study_plan.png HTTP/1.1" 200 330038
2026-03-30 17:00:58 | DEBUG | Encoding detection: Unable to determine any suitable charset.
2026-03-30 17:00:59 | DEBUG | Starting new HTTPS connection (1): www.w3schools.com:443
2026-03-30 17:01:01 | DEBUG | https://www.w3schools.com:443 "GET /css/css_icons_fontawesome.asp HTTP/1.1" 404 9496
2026-03-30 17:01:01 | WARNING | Attempt 1 failed for https://www.w3schools.com/css/css_icons_fontawesome.asp: 404 Client Error: Not Found for url: https://www.w3schools.com/css/css_icons_fontawesome.asp
2026-03-30 17:01:03 | DEBUG | Starting new HTTPS connection (1): www.w3schools.com:443
2026-03-30 17:01:04 | DEBUG | https://www.w3schools.com:443 "GET /css/css_icons_fontawesome.asp HTTP/1.1" 404 9496
2026-03-30 17:01:04 | WARNING | Attempt 2 failed for https://www.w3schools.com/css/css_icons_fontawesome.asp: 404 Client Error: Not Found for url: https://www.w3schools.com/css/css_icons_fontawesome.asp
2026-03-30 17:01:06 | DEBUG | Starting new HTTPS connection (1): www.w3schools.com:443
2026-03-30 17:01:08 | DEBUG | https://www.w3schools.com:443 "GET /css/css_icons_fontawesome.asp HTTP/1.1" 404 9496
2026-03-30 17:01:08 | WARNING | Attempt 3 failed for https://www.w3schools.com/css/css_icons_fontawesome.asp: 404 Client Error: Not Found for url: https://www.w3schools.com/css/css_icons_fontawesome.asp
2026-03-30 17:01:08 | ERROR | All retries exhausted for https://www.w3schools.com/css/css_icons_fontawesome.asp
2026-03-30 17:01:08 | DEBUG | Recorded failed URL https://www.w3schools.com/css/css_icons_fontawesome.asp
2026-03-30 17:01:09 | DEBUG | Starting new HTTPS connection (1): www.w3schools.com:443
2026-03-30 17:01:11 | DEBUG | https://www.w3schools.com:443 "GET /css/css_link_states.asp HTTP/1.1" 404 9496
2026-03-30 17:01:11 | WARNING | Attempt 1 failed for https://www.w3schools.com/css/css_link_states.asp: 404 Client Error: Not Found for url: https://www.w3schools.com/css/css_link_states.asp
2026-03-30 17:01:13 | DEBUG | Starting new HTTPS connection (1): www.w3schools.com:443
2026-03-30 17:01:15 | DEBUG | https://www.w3schools.com:443 "GET /css/css_link_states.asp HTTP/1.1" 404 9496
2026-03-30 17:01:15 | WARNING | Attempt 2 failed for https://www.w3schools.com/css/css_link_states.asp: 404 Client Error: Not Found for url: https://www.w3schools.com/css/css_link_states.asp
2026-03-30 17:01:17 | DEBUG | Starting new HTTPS connection (1): www.w3schools.com:443
2026-03-30 17:01:17 | DEBUG | https://www.w3schools.com:443 "GET /css/css_link_states.asp HTTP/1.1" 404 9496
2026-03-30 17:01:17 | WARNING | Attempt 3 failed for https://www.w3schools.com/css/css_link_states.asp: 404 Client Error: Not Found for url: https://www.w3schools.com/css/css_link_states.asp
2026-03-30 17:01:17 | ERROR | All retries exhausted for https://www.w3schools.com/css/css_link_states.asp
2026-03-30 17:01:17 | DEBUG | Recorded failed URL https://www.w3schools.com/css/css_link_states.asp
2026-03-30 17:01:18 | DEBUG | Starting new HTTPS connection (1): www.w3schools.com:443
2026-03-30 17:01:19 | DEBUG | https://www.w3schools.com:443 "GET /css/css_list_markers.asp HTTP/1.1" 200 43845
2026-03-30 17:01:20 | DEBUG | Starting new HTTPS connection (1): www.w3schools.com:443
2026-03-30 17:01:21 | DEBUG | https://www.w3schools.com:443 "GET /sql/sql_and_or.asp HTTP/1.1" 301 84
2026-03-30 17:01:21 | DEBUG | https://www.w3schools.com:443 "GET /sql/sql_and.asp HTTP/1.1" 200 44740
2026-03-30 17:01:22 | DEBUG | Starting new HTTPS connection (1): www.w3schools.com:443
2026-03-30 17:01:23 | DEBUG | https://www.w3schools.com:443 "GET /sql/sql_count_avg_sum.asp HTTP/1.1" 200 44239
2026-03-30 17:01:24 | DEBUG | Starting new HTTPS connection (1): www.w3schools.com:443
2026-03-30 17:01:26 | DEBUG | https://www.w3schools.com:443 "GET /css/css_challenges_min_max.asp HTTP/1.1" 200 46329
2026-03-30 17:01:27 | DEBUG | Starting new HTTPS connection (1): www.w3schools.com:443
2026-03-30 17:01:28 | DEBUG | https://www.w3schools.com:443 "GET /css/css_positioning.asp HTTP/1.1" 301 84
2026-03-30 17:01:28 | DEBUG | https://www.w3schools.com:443 "GET /css/css_position.asp HTTP/1.1" 200 43429
2026-03-30 17:01:29 | DEBUG | Starting new HTTPS connection (1): www.w3schools.com:443
2026-03-30 17:01:31 | DEBUG | https://www.w3schools.com:443 "GET /css/css_navbar_horizontal_fixed.asp HTTP/1.1" 200 44051
2026-03-30 17:01:32 | DEBUG | Starting new HTTPS connection (1): www.w3schools.com:443
2026-03-30 17:01:33 | DEBUG | https://www.w3schools.com:443 "GET /css/css_form.asp HTTP/1.1" 200 43623
2026-03-30 17:01:34 | DEBUG | Starting new HTTPS connection (1): www.w3schools.com:443
2026-03-30 17:01:35 | DEBUG | https://www.w3schools.com:443 "GET /css/css_form_styling.asp HTTP/1.1" 200 45479
2026-03-30 17:01:36 | DEBUG | Starting new HTTPS connection (1): www.w3schools.com:443
2026-03-30 17:01:38 | DEBUG | https://www.w3schools.com:443 "GET /css/css_challenges_grid_item_order.asp HTTP/1.1" 200 46324
2026-03-30 17:01:40 | DEBUG | Starting new HTTPS connection (1): www.w3schools.com:443
2026-03-30 17:01:42 | DEBUG | https://www.w3schools.com:443 "GET /css/CSS_exam.asp HTTP/1.1" 200 45607
2026-03-30 17:01:43 | DEBUG | Starting new HTTPS connection (1): www.w3schools.com:443
2026-03-30 17:01:45 | DEBUG | https://www.w3schools.com:443 "GET /css/CSS_syllabus.asp HTTP/1.1" 200 45224
2026-03-30 17:01:46 | DEBUG | Starting new HTTPS connection (1): www.w3schools.com:443
2026-03-30 17:01:48 | DEBUG | https://www.w3schools.com:443 "GET /css/css_study_plan.png HTTP/1.1" 200 847694
2026-03-30 17:01:50 | DEBUG | Encoding detection: Unable to determine any suitable charset.
2026-03-30 17:01:51 | DEBUG | Starting new HTTPS connection (1): www.w3schools.com:443
2026-03-30 17:01:53 | DEBUG | https://www.w3schools.com:443 "GET /js/js_object_constructor.asp HTTP/1.1" 301 85
2026-03-30 17:01:53 | DEBUG | https://www.w3schools.com:443 "GET /js/js_object_constructors.asp HTTP/1.1" 200 43876
2026-03-30 17:01:54 | DEBUG | Starting new HTTPS connection (1): www.w3schools.com:443
2026-03-30 17:01:56 | DEBUG | https://www.w3schools.com:443 "GET /js/js_news.asp HTTP/1.1" 301 85
2026-03-30 17:01:56 | DEBUG | https://www.w3schools.com:443 "GET /js/js_versions.asp HTTP/1.1" 200 43527
2026-03-30 17:01:57 | DEBUG | Starting new HTTPS connection (1): www.w3schools.com:443
2026-03-30 17:01:58 | DEBUG | https://www.w3schools.com:443 "GET /js/js_loop_forin.asp HTTP/1.1" 200 43456
2026-03-30 17:01:59 | DEBUG | Starting new HTTPS connection (1): www.w3schools.com:443
2026-03-30 17:02:01 | DEBUG | https://www.w3schools.com:443 "GET /js/js_object_maps.asp HTTP/1.1" 301 85
2026-03-30 17:02:01 | DEBUG | https://www.w3schools.com:443 "GET /js/js_maps.asp HTTP/1.1" 200 43727
2026-03-30 17:02:02 | DEBUG | Starting new HTTPS connection (1): www.w3schools.com:443
2026-03-30 17:02:03 | DEBUG | https://www.w3schools.com:443 "GET /js/js_object_sets.asp HTTP/1.1" 301 85
2026-03-30 17:02:03 | DEBUG | https://www.w3schools.com:443 "GET /js/js_sets.asp HTTP/1.1" 200 43196
2026-03-30 17:02:04 | DEBUG | Starting new HTTPS connection (1): www.w3schools.com:443
2026-03-30 17:02:06 | DEBUG | https://www.w3schools.com:443 "GET /js/js_temporal_plainyearmont.asp HTTP/1.1" 404 9496
2026-03-30 17:02:06 | WARNING | Attempt 1 failed for https://www.w3schools.com/js/js_temporal_plainyearmont.asp: 404 Client Error: Not Found for url: https://www.w3schools.com/js/js_temporal_plainyearmont.asp
2026-03-30 17:02:08 | DEBUG | Starting new HTTPS connection (1): www.w3schools.com:443
2026-03-30 17:02:09 | DEBUG | https://www.w3schools.com:443 "GET /js/js_temporal_plainyearmont.asp HTTP/1.1" 404 9496
2026-03-30 17:02:09 | WARNING | Attempt 2 failed for https://www.w3schools.com/js/js_temporal_plainyearmont.asp: 404 Client Error: Not Found for url: https://www.w3schools.com/js/js_temporal_plainyearmont.asp
2026-03-30 17:02:11 | DEBUG | Starting new HTTPS connection (1): www.w3schools.com:443
2026-03-30 17:02:12 | DEBUG | https://www.w3schools.com:443 "GET /js/js_temporal_plainyearmont.asp HTTP/1.1" 404 9496
2026-03-30 17:02:12 | WARNING | Attempt 3 failed for https://www.w3schools.com/js/js_temporal_plainyearmont.asp: 404 Client Error: Not Found for url: https://www.w3schools.com/js/js_temporal_plainyearmont.asp
2026-03-30 17:02:12 | ERROR | All retries exhausted for https://www.w3schools.com/js/js_temporal_plainyearmont.asp
2026-03-30 17:02:12 | DEBUG | Recorded failed URL https://www.w3schools.com/js/js_temporal_plainyearmont.asp
2026-03-30 17:02:13 | DEBUG | Starting new HTTPS connection (1): www.w3schools.com:443
2026-03-30 17:02:14 | DEBUG | https://www.w3schools.com:443 "GET /js/js_asynC_fetch.asp HTTP/1.1" 200 43787
2026-03-30 17:02:16 | DEBUG | Starting new HTTPS connection (1): www.w3schools.com:443
2026-03-30 17:02:17 | DEBUG | https://www.w3schools.com:443 "GET /js/js_data_types.asp HTTP/1.1" 404 9496
2026-03-30 17:02:17 | WARNING | Attempt 1 failed for https://www.w3schools.com/js/js_data_types.asp: 404 Client Error: Not Found for url: https://www.w3schools.com/js/js_data_types.asp
2026-03-30 17:02:19 | DEBUG | Starting new HTTPS connection (1): www.w3schools.com:443
2026-03-30 17:02:20 | DEBUG | https://www.w3schools.com:443 "GET /js/js_data_types.asp HTTP/1.1" 404 9496
2026-03-30 17:02:20 | WARNING | Attempt 2 failed for https://www.w3schools.com/js/js_data_types.asp: 404 Client Error: Not Found for url: https://www.w3schools.com/js/js_data_types.asp
2026-03-30 17:02:22 | DEBUG | Starting new HTTPS connection (1): www.w3schools.com:443
2026-03-30 17:02:23 | DEBUG | https://www.w3schools.com:443 "GET /js/js_data_types.asp HTTP/1.1" 404 9496
2026-03-30 17:02:23 | WARNING | Attempt 3 failed for https://www.w3schools.com/js/js_data_types.asp: 404 Client Error: Not Found for url: https://www.w3schools.com/js/js_data_types.asp
2026-03-30 17:02:23 | ERROR | All retries exhausted for https://www.w3schools.com/js/js_data_types.asp
2026-03-30 17:02:23 | DEBUG | Recorded failed URL https://www.w3schools.com/js/js_data_types.asp
2026-03-30 17:02:24 | DEBUG | Starting new HTTPS connection (1): www.w3schools.com:443
2026-03-30 17:02:25 | DEBUG | https://www.w3schools.com:443 "GET /js/js_style_guide.asp HTTP/1.1" 404 9496
2026-03-30 17:02:25 | WARNING | Attempt 1 failed for https://www.w3schools.com/js/js_style_guide.asp: 404 Client Error: Not Found for url: https://www.w3schools.com/js/js_style_guide.asp
2026-03-30 17:02:27 | DEBUG | Starting new HTTPS connection (1): www.w3schools.com:443
2026-03-30 17:02:29 | DEBUG | https://www.w3schools.com:443 "GET /js/js_style_guide.asp HTTP/1.1" 404 9496
2026-03-30 17:02:29 | WARNING | Attempt 2 failed for https://www.w3schools.com/js/js_style_guide.asp: 404 Client Error: Not Found for url: https://www.w3schools.com/js/js_style_guide.asp
2026-03-30 17:02:31 | DEBUG | Starting new HTTPS connection (1): www.w3schools.com:443
2026-03-30 17:02:33 | DEBUG | https://www.w3schools.com:443 "GET /js/js_style_guide.asp HTTP/1.1" 404 9496
2026-03-30 17:02:33 | WARNING | Attempt 3 failed for https://www.w3schools.com/js/js_style_guide.asp: 404 Client Error: Not Found for url: https://www.w3schools.com/js/js_style_guide.asp
2026-03-30 17:02:33 | ERROR | All retries exhausted for https://www.w3schools.com/js/js_style_guide.asp
2026-03-30 17:02:33 | DEBUG | Recorded failed URL https://www.w3schools.com/js/js_style_guide.asp
2026-03-30 17:02:34 | DEBUG | Starting new HTTPS connection (1): www.w3schools.com:443
2026-03-30 17:02:36 | DEBUG | https://www.w3schools.com:443 "GET /js/js_class_intro.asp HTTP/1.1" 301 85
2026-03-30 17:02:37 | DEBUG | https://www.w3schools.com:443 "GET /js/js_classes.asp HTTP/1.1" 200 43501
2026-03-30 17:02:38 | DEBUG | Starting new HTTPS connection (1): www.w3schools.com:443
2026-03-30 17:02:40 | DEBUG | https://www.w3schools.com:443 "GET /js/js_study_plan.png HTTP/1.1" 200 867220
2026-03-30 17:02:42 | DEBUG | Encoding detection: Unable to determine any suitable charset.
2026-03-30 17:02:43 | DEBUG | Starting new HTTPS connection (1): www.w3schools.com:443
2026-03-30 17:02:45 | DEBUG | https://www.w3schools.com:443 "GET /python/python_challenges_dsa_basics.asp HTTP/1.1" 200 48418
2026-03-30 17:02:46 | DEBUG | Starting new HTTPS connection (1): www.w3schools.com:443
2026-03-30 17:02:47 | DEBUG | https://www.w3schools.com:443 "GET /python/python_study_plan.png HTTP/1.1" 200 293902
2026-03-30 17:02:48 | DEBUG | Encoding detection: Unable to determine any suitable charset.
2026-03-30 17:02:49 | DEBUG | Starting new HTTPS connection (1): www.w3schools.com:443
2026-03-30 17:02:51 | DEBUG | https://www.w3schools.com:443 "GET /sql/SQL_syllabus.asp HTTP/1.1" 200 45665
2026-03-30 17:02:53 | DEBUG | Starting new HTTPS connection (1): www.w3schools.com:443
2026-03-30 17:02:55 | DEBUG | https://www.w3schools.com:443 "GET /sql/sql_study_plan.png HTTP/1.1" 200 809761
2026-03-30 17:02:56 | DEBUG | Encoding detection: Unable to determine any suitable charset.
2026-03-30 17:02:57 | DEBUG | Starting new HTTPS connection (1): www.w3schools.com:443
2026-03-30 17:02:59 | DEBUG | https://www.w3schools.com:443 "GET /react/react_es6_array_methods.asp HTTP/1.1" 200 40181
2026-03-30 17:03:00 | DEBUG | Starting new HTTPS connection (1): www.w3schools.com:443
2026-03-30 17:03:02 | DEBUG | https://www.w3schools.com:443 "GET /react/react_memo.asp HTTP/1.1" 200 40725
2026-03-30 17:03:03 | DEBUG | Starting new HTTPS connection (1): www.w3schools.com:443
2026-03-30 17:03:04 | DEBUG | https://www.w3schools.com:443 "GET /react/react_study_plan.png HTTP/1.1" 200 313477
2026-03-30 17:03:04 | DEBUG | Encoding detection: Unable to determine any suitable charset.
2026-03-30 17:03:05 | DEBUG | Starting new HTTPS connection (1): www.w3schools.com:443
2026-03-30 17:03:06 | DEBUG | https://www.w3schools.com:443 "GET /css/css_list_styling.asp HTTP/1.1" 200 43342
2026-03-30 17:03:07 | DEBUG | Starting new HTTPS connection (1): www.w3schools.com:443
2026-03-30 17:03:09 | DEBUG | https://www.w3schools.com:443 "GET /css/css_min_max.asp HTTP/1.1" 404 9496
2026-03-30 17:03:09 | WARNING | Attempt 1 failed for https://www.w3schools.com/css/css_min_max.asp: 404 Client Error: Not Found for url: https://www.w3schools.com/css/css_min_max.asp
2026-03-30 17:03:11 | DEBUG | Starting new HTTPS connection (1): www.w3schools.com:443
2026-03-30 17:03:13 | DEBUG | https://www.w3schools.com:443 "GET /css/css_min_max.asp HTTP/1.1" 404 9496
2026-03-30 17:03:13 | WARNING | Attempt 2 failed for https://www.w3schools.com/css/css_min_max.asp: 404 Client Error: Not Found for url: https://www.w3schools.com/css/css_min_max.asp
2026-03-30 17:03:15 | DEBUG | Starting new HTTPS connection (1): www.w3schools.com:443
2026-03-30 17:03:16 | DEBUG | https://www.w3schools.com:443 "GET /css/css_min_max.asp HTTP/1.1" 404 9496
2026-03-30 17:03:16 | WARNING | Attempt 3 failed for https://www.w3schools.com/css/css_min_max.asp: 404 Client Error: Not Found for url: https://www.w3schools.com/css/css_min_max.asp
2026-03-30 17:03:16 | ERROR | All retries exhausted for https://www.w3schools.com/css/css_min_max.asp
2026-03-30 17:03:16 | DEBUG | Recorded failed URL https://www.w3schools.com/css/css_min_max.asp
2026-03-30 17:03:17 | DEBUG | Starting new HTTPS connection (1): www.w3schools.com:443
2026-03-30 17:03:19 | DEBUG | https://www.w3schools.com:443 "GET /css/css_challenges_forms.asp HTTP/1.1" 200 46317
2026-03-30 17:03:21 | DEBUG | Starting new HTTPS connection (1): www.w3schools.com:443
2026-03-30 17:03:21 | DEBUG | https://www.w3schools.com:443 "GET /js/js_loop_forof.asp HTTP/1.1" 200 42636
2026-03-30 17:24:55 | INFO | Starting scrape for 1 seeds
2026-03-30 17:24:55 | DEBUG | Starting new HTTPS connection (1): www.w3schools.com:443
2026-03-30 17:24:56 | DEBUG | https://www.w3schools.com:443 "GET /html/ HTTP/1.1" 200 46267
2026-03-30 17:24:57 | DEBUG | Starting new HTTPS connection (1): www.w3schools.com:443
2026-03-30 17:24:58 | DEBUG | https://www.w3schools.com:443 "GET /css/css_rwd_intro.asp HTTP/1.1" 200 43009
2026-03-30 17:25:00 | DEBUG | Starting new HTTPS connection (1): www.w3schools.com:443
2026-03-30 17:25:01 | DEBUG | https://www.w3schools.com:443 "GET /python/python_ml_getting_started.asp HTTP/1.1" 200 44556
2026-03-30 17:25:02 | DEBUG | Starting new HTTPS connection (1): www.w3schools.com:443
2026-03-30 17:25:04 | DEBUG | https://www.w3schools.com:443 "GET /js/js_json_intro.asp HTTP/1.1" 301 85
2026-03-30 17:25:05 | DEBUG | https://www.w3schools.com:443 "GET /js/js_json.asp HTTP/1.1" 200 44001
2026-03-30 17:25:06 | DEBUG | Starting new HTTPS connection (1): www.w3schools.com:443
2026-03-30 17:25:07 | DEBUG | https://www.w3schools.com:443 "GET /js/js_ajax_intro.asp HTTP/1.1" 200 43432
2026-03-30 17:25:08 | DEBUG | Starting new HTTPS connection (1): www.w3schools.com:443
2026-03-30 17:25:10 | DEBUG | https://www.w3schools.com:443 "GET /python/python_reference.asp HTTP/1.1" 200 43409
2026-03-30 17:25:11 | DEBUG | Starting new HTTPS connection (1): www.w3schools.com:443
2026-03-30 17:25:12 | DEBUG | https://www.w3schools.com:443 "GET /sql/sql_ref_keywords.asp HTTP/1.1" 200 45068
2026-03-30 17:25:13 | DEBUG | Starting new HTTPS connection (1): www.w3schools.com:443
2026-03-30 17:25:15 | DEBUG | https://www.w3schools.com:443 "GET /html/html_challenges.asp HTTP/1.1" 200 44007
2026-03-30 17:25:16 | DEBUG | Starting new HTTPS connection (1): www.w3schools.com:443
2026-03-30 17:25:17 | DEBUG | https://www.w3schools.com:443 "GET /css/css_challenges.asp HTTP/1.1" 200 46341
2026-03-30 17:25:18 | DEBUG | Starting new HTTPS connection (1): www.w3schools.com:443
2026-03-30 17:25:20 | DEBUG | https://www.w3schools.com:443 "GET /python/python_challenges.asp HTTP/1.1" 200 46947
2026-03-30 17:25:21 | DEBUG | Starting new HTTPS connection (1): www.w3schools.com:443
2026-03-30 17:25:22 | DEBUG | https://www.w3schools.com:443 "GET /html/html_intro.asp HTTP/1.1" 200 42458
2026-03-30 17:25:23 | DEBUG | Starting new HTTPS connection (1): www.w3schools.com:443
2026-03-30 17:25:24 | DEBUG | https://www.w3schools.com:443 "GET /html/html_editors.asp HTTP/1.1" 200 42160
2026-03-30 17:25:25 | DEBUG | Starting new HTTPS connection (1): www.w3schools.com:443
2026-03-30 17:25:26 | DEBUG | https://www.w3schools.com:443 "GET /html/html_basic.asp HTTP/1.1" 200 41520
2026-03-30 17:25:27 | DEBUG | Starting new HTTPS connection (1): www.w3schools.com:443
2026-03-30 17:25:28 | DEBUG | https://www.w3schools.com:443 "GET /html/html_challenges_basic.asp HTTP/1.1" 200 44013
2026-03-30 17:25:29 | DEBUG | Starting new HTTPS connection (1): www.w3schools.com:443
2026-03-30 17:25:30 | DEBUG | https://www.w3schools.com:443 "GET /html/html_elements.asp HTTP/1.1" 200 42186
2026-03-30 17:25:31 | DEBUG | Starting new HTTPS connection (1): www.w3schools.com:443
2026-03-30 17:25:32 | DEBUG | https://www.w3schools.com:443 "GET /html/html_challenges_elements.asp HTTP/1.1" 200 44025
2026-03-30 17:25:33 | DEBUG | Starting new HTTPS connection (1): www.w3schools.com:443
2026-03-30 17:25:34 | DEBUG | https://www.w3schools.com:443 "GET /html/html_attributes.asp HTTP/1.1" 200 43053
2026-03-30 17:25:35 | DEBUG | Starting new HTTPS connection (1): www.w3schools.com:443
2026-03-30 17:25:36 | DEBUG | https://www.w3schools.com:443 "GET /html/html_challenges_attributes.asp HTTP/1.1" 200 44020
2026-03-30 17:25:37 | DEBUG | Starting new HTTPS connection (1): www.w3schools.com:443
2026-03-30 17:25:38 | DEBUG | https://www.w3schools.com:443 "GET /html/html_headings.asp HTTP/1.1" 200 41728
2026-03-30 17:25:39 | DEBUG | Starting new HTTPS connection (1): www.w3schools.com:443
2026-03-30 17:25:40 | DEBUG | https://www.w3schools.com:443 "GET /html/html_challenges_headings.asp HTTP/1.1" 200 44023
2026-03-30 17:25:41 | DEBUG | Starting new HTTPS connection (1): www.w3schools.com:443
2026-03-30 17:25:42 | DEBUG | https://www.w3schools.com:443 "GET /html/html_paragraphs.asp HTTP/1.1" 200 41866
2026-03-30 17:25:43 | DEBUG | Starting new HTTPS connection (1): www.w3schools.com:443
2026-03-30 17:25:45 | DEBUG | https://www.w3schools.com:443 "GET /html/html_challenges_paragraphs.asp HTTP/1.1" 200 44037
2026-03-30 17:25:46 | DEBUG | Starting new HTTPS connection (1): www.w3schools.com:443
2026-03-30 17:25:47 | DEBUG | https://www.w3schools.com:443 "GET /html/html_styles.asp HTTP/1.1" 200 41510
2026-03-30 17:25:48 | DEBUG | Starting new HTTPS connection (1): www.w3schools.com:443
2026-03-30 17:25:49 | DEBUG | https://www.w3schools.com:443 "GET /html/html_challenges_styles.asp HTTP/1.1" 200 44018
2026-03-30 17:25:50 | DEBUG | Starting new HTTPS connection (1): www.w3schools.com:443
2026-03-30 17:25:51 | DEBUG | https://www.w3schools.com:443 "GET /html/html_formatting.asp HTTP/1.1" 200 42162
2026-03-30 17:25:52 | DEBUG | Starting new HTTPS connection (1): www.w3schools.com:443
2026-03-30 17:25:54 | DEBUG | https://www.w3schools.com:443 "GET /html/html_challenges_formatting.asp HTTP/1.1" 200 44017
2026-03-30 17:25:55 | DEBUG | Starting new HTTPS connection (1): www.w3schools.com:443
2026-03-30 17:25:57 | DEBUG | https://www.w3schools.com:443 "GET /html/html_quotation_elements.asp HTTP/1.1" 200 42143
2026-03-30 17:25:58 | DEBUG | Starting new HTTPS connection (1): www.w3schools.com:443
2026-03-30 17:26:00 | DEBUG | https://www.w3schools.com:443 "GET /html/html_challenges_quotations.asp HTTP/1.1" 200 44032
2026-03-30 17:26:01 | DEBUG | Starting new HTTPS connection (1): www.w3schools.com:443
2026-03-30 17:26:03 | DEBUG | https://www.w3schools.com:443 "GET /html/html_comments.asp HTTP/1.1" 200 41374
2026-03-30 17:26:04 | DEBUG | Starting new HTTPS connection (1): www.w3schools.com:443
2026-03-30 17:26:06 | DEBUG | https://www.w3schools.com:443 "GET /html/html_challenges_comments.asp HTTP/1.1" 200 44014
2026-03-30 17:26:07 | DEBUG | Starting new HTTPS connection (1): www.w3schools.com:443
2026-03-30 17:26:08 | DEBUG | https://www.w3schools.com:443 "GET /html/html_colors.asp HTTP/1.1" 200 41948
2026-03-30 17:26:10 | DEBUG | Starting new HTTPS connection (1): www.w3schools.com:443
2026-03-30 17:26:11 | DEBUG | https://www.w3schools.com:443 "GET /html/html_colors_rgb.asp HTTP/1.1" 200 42276
2026-03-30 17:26:12 | DEBUG | Starting new HTTPS connection (1): www.w3schools.com:443
2026-03-30 17:26:14 | DEBUG | https://www.w3schools.com:443 "GET /html/html_colors_hex.asp HTTP/1.1" 200 41556
2026-03-30 17:26:16 | DEBUG | Starting new HTTPS connection (1): www.w3schools.com:443
2026-03-30 17:26:18 | DEBUG | https://www.w3schools.com:443 "GET /html/html_colors_hsl.asp HTTP/1.1" 200 42417
2026-03-30 17:26:20 | DEBUG | Starting new HTTPS connection (1): www.w3schools.com:443
2026-03-30 17:26:22 | DEBUG | https://www.w3schools.com:443 "GET /html/html_challenges_colors.asp HTTP/1.1" 200 44011
2026-03-30 17:26:23 | DEBUG | Starting new HTTPS connection (1): www.w3schools.com:443
2026-03-30 17:26:24 | DEBUG | https://www.w3schools.com:443 "GET /html/html_css.asp HTTP/1.1" 200 43279
2026-03-30 17:26:25 | DEBUG | Starting new HTTPS connection (1): www.w3schools.com:443
2026-03-30 17:26:26 | DEBUG | https://www.w3schools.com:443 "GET /html/html_challenges_css.asp HTTP/1.1" 200 44016
2026-03-30 17:26:27 | DEBUG | Starting new HTTPS connection (1): www.w3schools.com:443
2026-03-30 17:26:28 | DEBUG | https://www.w3schools.com:443 "GET /html/html_links.asp HTTP/1.1" 200 42785
2026-03-30 17:26:29 | DEBUG | Starting new HTTPS connection (1): www.w3schools.com:443
2026-03-30 17:26:30 | DEBUG | https://www.w3schools.com:443 "GET /html/html_links_colors.asp HTTP/1.1" 200 41199
2026-03-30 17:26:31 | DEBUG | Starting new HTTPS connection (1): www.w3schools.com:443
2026-03-30 17:26:32 | DEBUG | https://www.w3schools.com:443 "GET /html/html_links_bookmarks.asp HTTP/1.1" 200 41078
2026-03-30 17:26:33 | DEBUG | Starting new HTTPS connection (1): www.w3schools.com:443
2026-03-30 17:26:34 | DEBUG | https://www.w3schools.com:443 "GET /html/html_challenges_links.asp HTTP/1.1" 200 44019
2026-03-30 17:26:35 | DEBUG | Starting new HTTPS connection (1): www.w3schools.com:443
2026-03-30 17:26:36 | DEBUG | https://www.w3schools.com:443 "GET /html/html_images.asp HTTP/1.1" 200 43389
2026-03-30 17:26:37 | DEBUG | Starting new HTTPS connection (1): www.w3schools.com:443
2026-03-30 17:26:38 | DEBUG | https://www.w3schools.com:443 "GET /html/html_images_imagemap.asp HTTP/1.1" 200 42815
2026-03-30 17:26:39 | DEBUG | Starting new HTTPS connection (1): www.w3schools.com:443
2026-03-30 17:26:40 | DEBUG | https://www.w3schools.com:443 "GET /html/html_images_background.asp HTTP/1.1" 200 41281
2026-03-30 17:26:40 | DEBUG | Starting new HTTPS connection (1): www.w3schools.com:443
2026-03-30 17:26:41 | DEBUG | https://www.w3schools.com:443 "GET /html/html_images_picture.asp HTTP/1.1" 200 41433
2026-03-30 17:26:42 | DEBUG | Starting new HTTPS connection (1): www.w3schools.com:443
2026-03-30 17:26:45 | DEBUG | https://www.w3schools.com:443 "GET /html/html_challenges_images.asp HTTP/1.1" 200 44016
2026-03-30 17:26:46 | DEBUG | Starting new HTTPS connection (1): www.w3schools.com:443
2026-03-30 17:26:47 | DEBUG | https://www.w3schools.com:443 "GET /html/html_favicon.asp HTTP/1.1" 200 41257
2026-03-30 17:26:48 | DEBUG | Starting new HTTPS connection (1): www.w3schools.com:443
2026-03-30 17:26:49 | DEBUG | https://www.w3schools.com:443 "GET /html/html_page_title.asp HTTP/1.1" 200 40918
2026-03-30 17:26:50 | DEBUG | Starting new HTTPS connection (1): www.w3schools.com:443
2026-03-30 17:26:51 | DEBUG | https://www.w3schools.com:443 "GET /html/html_tables.asp HTTP/1.1" 200 42749
2026-03-30 17:26:52 | DEBUG | Starting new HTTPS connection (1): www.w3schools.com:443
2026-03-30 17:26:53 | DEBUG | https://www.w3schools.com:443 "GET /html/html_table_borders.asp HTTP/1.1" 200 41583
2026-03-30 17:26:54 | DEBUG | Starting new HTTPS connection (1): www.w3schools.com:443
2026-03-30 17:26:55 | DEBUG | https://www.w3schools.com:443 "GET /html/html_table_sizes.asp HTTP/1.1" 200 41261
2026-03-30 17:26:56 | DEBUG | Starting new HTTPS connection (1): www.w3schools.com:443
2026-03-30 17:26:56 | DEBUG | https://www.w3schools.com:443 "GET /html/html_table_headers.asp HTTP/1.1" 200 41864
2026-03-30 17:26:58 | DEBUG | Starting new HTTPS connection (1): www.w3schools.com:443
2026-03-30 17:26:58 | DEBUG | https://www.w3schools.com:443 "GET /html/html_table_padding_spacing.asp HTTP/1.1" 200 41067
2026-03-30 17:26:59 | DEBUG | Starting new HTTPS connection (1): www.w3schools.com:443
2026-03-30 17:27:00 | DEBUG | https://www.w3schools.com:443 "GET /html/html_table_colspan_rowspan.asp HTTP/1.1" 200 40999
2026-03-30 17:27:01 | DEBUG | Starting new HTTPS connection (1): www.w3schools.com:443
2026-03-30 17:27:02 | DEBUG | https://www.w3schools.com:443 "GET /html/html_table_styling.asp HTTP/1.1" 200 41844
2026-03-30 17:27:03 | DEBUG | Starting new HTTPS connection (1): www.w3schools.com:443
2026-03-30 17:27:04 | DEBUG | https://www.w3schools.com:443 "GET /html/html_table_colgroup.asp HTTP/1.1" 200 41848
2026-03-30 17:27:05 | DEBUG | Starting new HTTPS connection (1): www.w3schools.com:443
2026-03-30 17:27:06 | DEBUG | https://www.w3schools.com:443 "GET /html/html_challenges_tables.asp HTTP/1.1" 200 44019
2026-03-30 17:27:07 | DEBUG | Starting new HTTPS connection (1): www.w3schools.com:443
2026-03-30 17:27:07 | DEBUG | https://www.w3schools.com:443 "GET /html/html_lists.asp HTTP/1.1" 200 41367
2026-03-30 17:27:08 | DEBUG | Starting new HTTPS connection (1): www.w3schools.com:443
2026-03-30 17:27:10 | DEBUG | https://www.w3schools.com:443 "GET /html/html_lists_unordered.asp HTTP/1.1" 200 41763
2026-03-30 17:27:11 | DEBUG | Starting new HTTPS connection (1): www.w3schools.com:443
2026-03-30 17:27:12 | DEBUG | https://www.w3schools.com:443 "GET /html/html_lists_ordered.asp HTTP/1.1" 200 41446
2026-03-30 17:27:14 | DEBUG | Starting new HTTPS connection (1): www.w3schools.com:443
2026-03-30 17:27:15 | DEBUG | https://www.w3schools.com:443 "GET /html/html_lists_other.asp HTTP/1.1" 200 40865
2026-03-30 17:27:16 | DEBUG | Starting new HTTPS connection (1): www.w3schools.com:443
2026-03-30 17:27:18 | DEBUG | https://www.w3schools.com:443 "GET /html/html_challenges_lists.asp HTTP/1.1" 200 44016
2026-03-30 17:27:19 | DEBUG | Starting new HTTPS connection (1): www.w3schools.com:443
2026-03-30 17:27:20 | DEBUG | https://www.w3schools.com:443 "GET /html/html_blocks.asp HTTP/1.1" 200 42668
2026-03-30 17:27:21 | DEBUG | Starting new HTTPS connection (1): www.w3schools.com:443
2026-03-30 17:27:23 | DEBUG | https://www.w3schools.com:443 "GET /html/html_challenges_blocks.asp HTTP/1.1" 200 44024
2026-03-30 17:27:25 | DEBUG | Starting new HTTPS connection (1): www.w3schools.com:443
2026-03-30 17:27:27 | DEBUG | https://www.w3schools.com:443 "GET /html/html_div.asp HTTP/1.1" 200 42552
2026-03-30 17:27:28 | DEBUG | Starting new HTTPS connection (1): www.w3schools.com:443
2026-03-30 17:27:30 | DEBUG | https://www.w3schools.com:443 "GET /html/html_challenges_div.asp HTTP/1.1" 200 44023
2026-03-30 17:27:31 | DEBUG | Starting new HTTPS connection (1): www.w3schools.com:443
2026-03-30 17:27:32 | DEBUG | https://www.w3schools.com:443 "GET /html/html_classes.asp HTTP/1.1" 200 42350
2026-03-30 17:27:33 | DEBUG | Starting new HTTPS connection (1): www.w3schools.com:443
2026-03-30 17:27:34 | DEBUG | https://www.w3schools.com:443 "GET /html/html_challenges_classes.asp HTTP/1.1" 200 44021
2026-03-30 17:27:35 | DEBUG | Starting new HTTPS connection (1): www.w3schools.com:443
2026-03-30 17:27:36 | DEBUG | https://www.w3schools.com:443 "GET /html/html_id.asp HTTP/1.1" 200 42343
2026-03-30 17:27:37 | DEBUG | Starting new HTTPS connection (1): www.w3schools.com:443
2026-03-30 17:27:39 | DEBUG | https://www.w3schools.com:443 "GET /html/html_challenges_id.asp HTTP/1.1" 200 44024
2026-03-30 17:27:41 | DEBUG | Starting new HTTPS connection (1): www.w3schools.com:443
2026-03-30 17:27:42 | DEBUG | https://www.w3schools.com:443 "GET /html/html_buttons.asp HTTP/1.1" 200 41409
2026-03-30 17:27:43 | DEBUG | Starting new HTTPS connection (1): www.w3schools.com:443
2026-03-30 17:27:45 | DEBUG | https://www.w3schools.com:443 "GET /html/html_challenges_buttons.asp HTTP/1.1" 200 44024
2026-03-30 17:27:46 | DEBUG | Starting new HTTPS connection (1): www.w3schools.com:443
2026-03-30 17:27:47 | DEBUG | https://www.w3schools.com:443 "GET /html/html_iframe.asp HTTP/1.1" 200 41697
2026-03-30 17:27:49 | DEBUG | Starting new HTTPS connection (1): www.w3schools.com:443
2026-03-30 17:27:51 | DEBUG | https://www.w3schools.com:443 "GET /html/html_challenges_iframes.asp HTTP/1.1" 200 44016
2026-03-30 17:27:52 | DEBUG | Starting new HTTPS connection (1): www.w3schools.com:443
2026-03-30 17:27:53 | DEBUG | https://www.w3schools.com:443 "GET /html/html_scripts.asp HTTP/1.1" 200 41599
2026-03-30 17:27:55 | DEBUG | Starting new HTTPS connection (1): www.w3schools.com:443
2026-03-30 17:27:57 | DEBUG | https://www.w3schools.com:443 "GET /html/html_challenges_scripts.asp HTTP/1.1" 200 44022
2026-03-30 17:27:58 | DEBUG | Starting new HTTPS connection (1): www.w3schools.com:443
2026-03-30 17:27:59 | DEBUG | https://www.w3schools.com:443 "GET /html/html_filepaths.asp HTTP/1.1" 200 41031
2026-03-30 17:28:00 | DEBUG | Starting new HTTPS connection (1): www.w3schools.com:443
2026-03-30 17:28:01 | DEBUG | https://www.w3schools.com:443 "GET /html/html_challenges_filepaths.asp HTTP/1.1" 200 44023
2026-03-30 17:28:02 | DEBUG | Starting new HTTPS connection (1): www.w3schools.com:443
2026-03-30 17:28:03 | DEBUG | https://www.w3schools.com:443 "GET /html/html_head.asp HTTP/1.1" 200 43303
2026-03-30 17:28:04 | DEBUG | Starting new HTTPS connection (1): www.w3schools.com:443
2026-03-30 17:28:05 | DEBUG | https://www.w3schools.com:443 "GET /html/html_challenges_head.asp HTTP/1.1" 200 44021
2026-03-30 17:28:06 | DEBUG | Starting new HTTPS connection (1): www.w3schools.com:443
2026-03-30 17:28:07 | DEBUG | https://www.w3schools.com:443 "GET /html/html_layout.asp HTTP/1.1" 200 42713
2026-03-30 17:28:08 | DEBUG | Starting new HTTPS connection (1): www.w3schools.com:443
2026-03-30 17:28:09 | DEBUG | https://www.w3schools.com:443 "GET /html/html_challenges_layout.asp HTTP/1.1" 200 44025
2026-03-30 17:28:10 | DEBUG | Starting new HTTPS connection (1): www.w3schools.com:443
2026-03-30 17:28:11 | DEBUG | https://www.w3schools.com:443 "GET /html/html_responsive.asp HTTP/1.1" 200 43785
2026-03-30 17:28:12 | DEBUG | Starting new HTTPS connection (1): www.w3schools.com:443
2026-03-30 17:28:17 | DEBUG | https://www.w3schools.com:443 "GET /html/html_challenges_responsive.asp HTTP/1.1" 200 44028
2026-03-30 17:28:19 | DEBUG | Starting new HTTPS connection (1): www.w3schools.com:443
2026-03-30 17:28:20 | DEBUG | https://www.w3schools.com:443 "GET /html/html_computercode_elements.asp HTTP/1.1" 200 41594
2026-03-30 17:28:21 | DEBUG | Starting new HTTPS connection (1): www.w3schools.com:443
2026-03-30 17:28:22 | DEBUG | https://www.w3schools.com:443 "GET /html/html_challenges_computercode.asp HTTP/1.1" 200 44028
2026-03-30 17:28:23 | DEBUG | Starting new HTTPS connection (1): www.w3schools.com:443
2026-03-30 17:28:25 | DEBUG | https://www.w3schools.com:443 "GET /html/html_challenges_semantics.asp HTTP/1.1" 200 44021
2026-03-30 17:28:26 | DEBUG | Starting new HTTPS connection (1): www.w3schools.com:443
2026-03-30 17:28:28 | DEBUG | https://www.w3schools.com:443 "GET /html/html_entities.asp HTTP/1.1" 200 41935
2026-03-30 17:28:29 | DEBUG | Starting new HTTPS connection (1): www.w3schools.com:443
2026-03-30 17:28:30 | DEBUG | https://www.w3schools.com:443 "GET /html/html_challenges_entities.asp HTTP/1.1" 200 44015
2026-03-30 17:28:31 | DEBUG | Starting new HTTPS connection (1): www.w3schools.com:443
2026-03-30 17:28:33 | DEBUG | https://www.w3schools.com:443 "GET /html/html_symbols.asp HTTP/1.1" 200 42874
2026-03-30 17:28:34 | DEBUG | Starting new HTTPS connection (1): www.w3schools.com:443
2026-03-30 17:28:36 | DEBUG | https://www.w3schools.com:443 "GET /html/html_emojis.asp HTTP/1.1" 200 42132
2026-03-30 17:28:37 | DEBUG | Starting new HTTPS connection (1): www.w3schools.com:443
2026-03-30 17:28:38 | DEBUG | https://www.w3schools.com:443 "GET /html/html_charset.asp HTTP/1.1" 200 41810
2026-03-30 17:28:39 | DEBUG | Starting new HTTPS connection (1): www.w3schools.com:443
2026-03-30 17:28:41 | DEBUG | https://www.w3schools.com:443 "GET /html/html_urlencode.asp HTTP/1.1" 200 41741
2026-03-30 17:28:42 | DEBUG | Starting new HTTPS connection (1): www.w3schools.com:443
2026-03-30 17:28:43 | DEBUG | https://www.w3schools.com:443 "GET /html/html_xhtml.asp HTTP/1.1" 200 41840
2026-03-30 17:28:44 | DEBUG | Starting new HTTPS connection (1): www.w3schools.com:443
2026-03-30 17:28:45 | DEBUG | https://www.w3schools.com:443 "GET /html/html_forms.asp HTTP/1.1" 200 42728
2026-03-30 17:28:46 | DEBUG | Starting new HTTPS connection (1): www.w3schools.com:443
2026-03-30 17:28:47 | DEBUG | https://www.w3schools.com:443 "GET /html/html_challenges_forms.asp HTTP/1.1" 200 44011
2026-03-30 17:28:48 | DEBUG | Starting new HTTPS connection (1): www.w3schools.com:443
2026-03-30 17:28:49 | DEBUG | https://www.w3schools.com:443 "GET /html/html_forms_attributes.asp HTTP/1.1" 200 42193
2026-03-30 17:28:50 | DEBUG | Starting new HTTPS connection (1): www.w3schools.com:443
2026-03-30 17:28:51 | DEBUG | https://www.w3schools.com:443 "GET /html/html_form_elements.asp HTTP/1.1" 200 42939
2026-03-30 17:28:52 | DEBUG | Starting new HTTPS connection (1): www.w3schools.com:443
2026-03-30 17:28:53 | DEBUG | https://www.w3schools.com:443 "GET /html/html_challenges_form_elements.asp HTTP/1.1" 200 44026
2026-03-30 17:28:54 | DEBUG | Starting new HTTPS connection (1): www.w3schools.com:443
2026-03-30 17:28:55 | DEBUG | https://www.w3schools.com:443 "GET /html/html_form_input_types.asp HTTP/1.1" 200 44531
2026-03-30 17:28:57 | DEBUG | Starting new HTTPS connection (1): www.w3schools.com:443
2026-03-30 17:28:57 | DEBUG | https://www.w3schools.com:443 "GET /html/html_challenges_input_types.asp HTTP/1.1" 200 44030
2026-03-30 17:28:59 | DEBUG | Starting new HTTPS connection (1): www.w3schools.com:443
2026-03-30 17:28:59 | DEBUG | https://www.w3schools.com:443 "GET /html/html_form_attributes.asp HTTP/1.1" 200 43650
2026-03-30 17:29:00 | DEBUG | Starting new HTTPS connection (1): www.w3schools.com:443
2026-03-30 17:29:01 | DEBUG | https://www.w3schools.com:443 "GET /html/html_form_attributes_form.asp HTTP/1.1" 200 42241
2026-03-30 17:29:02 | DEBUG | Starting new HTTPS connection (1): www.w3schools.com:443
2026-03-30 17:29:03 | DEBUG | https://www.w3schools.com:443 "GET /html/html_challenges_canvas.asp HTTP/1.1" 200 44023
2026-03-30 17:29:04 | DEBUG | Starting new HTTPS connection (1): www.w3schools.com:443
2026-03-30 17:29:07 | DEBUG | https://www.w3schools.com:443 "GET /html/html_challenges_svg.asp HTTP/1.1" 200 44017
2026-03-30 17:29:08 | DEBUG | Starting new HTTPS connection (1): www.w3schools.com:443
2026-03-30 17:29:09 | DEBUG | https://www.w3schools.com:443 "GET /html/html_media.asp HTTP/1.1" 200 41980
2026-03-30 17:29:10 | DEBUG | Starting new HTTPS connection (1): www.w3schools.com:443
2026-03-30 17:29:12 | DEBUG | https://www.w3schools.com:443 "GET /html/html_challenges_video.asp HTTP/1.1" 200 44023
2026-03-30 17:29:14 | DEBUG | Starting new HTTPS connection (1): www.w3schools.com:443
2026-03-30 17:29:16 | DEBUG | https://www.w3schools.com:443 "GET /html/html_challenges_audio.asp HTTP/1.1" 200 44028
2026-03-30 17:29:17 | DEBUG | Starting new HTTPS connection (1): www.w3schools.com:443
2026-03-30 17:29:18 | DEBUG | https://www.w3schools.com:443 "GET /html/html_object.asp HTTP/1.1" 200 41102
2026-03-30 17:29:20 | DEBUG | Starting new HTTPS connection (1): www.w3schools.com:443
2026-03-30 17:29:21 | DEBUG | https://www.w3schools.com:443 "GET /html/html_youtube.asp HTTP/1.1" 200 41347
2026-03-30 17:29:22 | DEBUG | Starting new HTTPS connection (1): www.w3schools.com:443
2026-03-30 17:29:24 | DEBUG | https://www.w3schools.com:443 "GET /html/html_examples.asp HTTP/1.1" 200 44421
2026-03-30 17:29:25 | DEBUG | Starting new HTTPS connection (1): www.w3schools.com:443
2026-03-30 17:29:26 | DEBUG | https://www.w3schools.com:443 "GET /html/html_editor.asp HTTP/1.1" 200 41221
2026-03-30 17:29:26 | DEBUG | Starting new HTTPS connection (1): www.w3schools.com:443
2026-03-30 17:29:27 | DEBUG | https://www.w3schools.com:443 "GET /html/html_website.asp HTTP/1.1" 200 50763
2026-03-30 17:29:29 | DEBUG | Starting new HTTPS connection (1): www.w3schools.com:443
2026-03-30 17:29:29 | DEBUG | https://www.w3schools.com:443 "GET /html/html_syllabus.asp HTTP/1.1" 200 43406
2026-03-30 17:29:30 | DEBUG | Starting new HTTPS connection (1): www.w3schools.com:443
2026-03-30 17:29:31 | DEBUG | https://www.w3schools.com:443 "GET /html/html_study_plan.asp HTTP/1.1" 200 42390
2026-03-30 17:29:32 | DEBUG | Starting new HTTPS connection (1): www.w3schools.com:443
2026-03-30 17:29:33 | DEBUG | https://www.w3schools.com:443 "GET /html/html_interview_prep.asp HTTP/1.1" 200 42425
2026-03-30 17:29:35 | DEBUG | Starting new HTTPS connection (1): www.w3schools.com:443
2026-03-30 17:29:35 | DEBUG | https://www.w3schools.com:443 "GET /html/html_exam.asp HTTP/1.1" 200 43405
2026-03-30 17:29:36 | DEBUG | Starting new HTTPS connection (1): www.w3schools.com:443
2026-03-30 17:29:38 | DEBUG | https://www.w3schools.com:443 "GET /html/html_summary.asp HTTP/1.1" 200 44063
2026-03-30 17:29:39 | DEBUG | Starting new HTTPS connection (1): www.w3schools.com:443
2026-03-30 17:29:40 | DEBUG | https://www.w3schools.com:443 "GET /html/html_accessibility.asp HTTP/1.1" 200 42428
2026-03-30 17:29:41 | DEBUG | Starting new HTTPS connection (1): www.w3schools.com:443
2026-03-30 17:29:42 | DEBUG | https://www.w3schools.com:443 "GET /css/css_examples.asp HTTP/1.1" 200 53376
2026-03-30 17:29:43 | DEBUG | Starting new HTTPS connection (1): www.w3schools.com:443
2026-03-30 17:29:44 | DEBUG | https://www.w3schools.com:443 "GET /js/js_examples.asp HTTP/1.1" 200 48601
2026-03-30 17:29:45 | DEBUG | Starting new HTTPS connection (1): www.w3schools.com:443
2026-03-30 17:29:46 | DEBUG | https://www.w3schools.com:443 "GET /sql/sql_examples.asp HTTP/1.1" 200 47356
2026-03-30 17:29:47 | DEBUG | Starting new HTTPS connection (1): www.w3schools.com:443
2026-03-30 17:29:49 | DEBUG | https://www.w3schools.com:443 "GET /python/python_examples.asp HTTP/1.1" 200 47059
2026-03-30 17:29:50 | DEBUG | Starting new HTTPS connection (1): www.w3schools.com:443
2026-03-30 17:29:51 | DEBUG | https://www.w3schools.com:443 "GET /css/css_intro.asp HTTP/1.1" 200 43485
2026-03-30 17:29:53 | DEBUG | Starting new HTTPS connection (1): www.w3schools.com:443
2026-03-30 17:29:54 | DEBUG | https://www.w3schools.com:443 "GET /css/css_syntax.asp HTTP/1.1" 200 43353
2026-03-30 17:29:55 | DEBUG | Starting new HTTPS connection (1): www.w3schools.com:443
2026-03-30 17:29:57 | DEBUG | https://www.w3schools.com:443 "GET /css/css_selectors.asp HTTP/1.1" 200 43497
2026-03-30 17:29:58 | DEBUG | Starting new HTTPS connection (1): www.w3schools.com:443
2026-03-30 17:29:59 | DEBUG | https://www.w3schools.com:443 "GET /css/css_selectors_grouping.asp HTTP/1.1" 200 43509
2026-03-30 17:30:01 | DEBUG | Starting new HTTPS connection (1): www.w3schools.com:443
2026-03-30 17:30:02 | DEBUG | https://www.w3schools.com:443 "GET /css/css_challenges_selectors.asp HTTP/1.1" 200 46332
2026-03-30 17:30:03 | DEBUG | Starting new HTTPS connection (1): www.w3schools.com:443
2026-03-30 17:30:04 | DEBUG | https://www.w3schools.com:443 "GET /css/css_howto.asp HTTP/1.1" 200 43568
2026-03-30 17:30:05 | DEBUG | Starting new HTTPS connection (1): www.w3schools.com:443
2026-03-30 17:30:06 | DEBUG | https://www.w3schools.com:443 "GET /css/css_howto_internal.asp HTTP/1.1" 200 42864
2026-03-30 17:30:07 | DEBUG | Starting new HTTPS connection (1): www.w3schools.com:443
2026-03-30 17:30:08 | DEBUG | https://www.w3schools.com:443 "GET /css/css_howto_inline.asp HTTP/1.1" 200 42943
2026-03-30 17:30:09 | DEBUG | Starting new HTTPS connection (1): www.w3schools.com:443
2026-03-30 17:30:10 | DEBUG | https://www.w3schools.com:443 "GET /css/css_howto_multiple_cascade.asp HTTP/1.1" 200 43267
2026-03-30 17:30:11 | DEBUG | Starting new HTTPS connection (1): www.w3schools.com:443
2026-03-30 17:30:12 | DEBUG | https://www.w3schools.com:443 "GET /css/css_challenges_howto.asp HTTP/1.1" 200 46319
2026-03-30 17:30:13 | DEBUG | Starting new HTTPS connection (1): www.w3schools.com:443
2026-03-30 17:30:13 | DEBUG | https://www.w3schools.com:443 "GET /css/css_comments.asp HTTP/1.1" 200 43547
2026-03-30 17:30:15 | DEBUG | Starting new HTTPS connection (1): www.w3schools.com:443
2026-03-30 17:30:16 | DEBUG | https://www.w3schools.com:443 "GET /css/css_errors.asp HTTP/1.1" 200 43176
2026-03-30 17:30:17 | DEBUG | Starting new HTTPS connection (1): www.w3schools.com:443
2026-03-30 17:30:17 | DEBUG | https://www.w3schools.com:443 "GET /css/css_colors.asp HTTP/1.1" 200 44055
2026-03-30 17:30:19 | DEBUG | Starting new HTTPS connection (1): www.w3schools.com:443
2026-03-30 17:30:19 | DEBUG | https://www.w3schools.com:443 "GET /css/css_colors_rgb.asp HTTP/1.1" 200 44614
2026-03-30 17:30:21 | DEBUG | Starting new HTTPS connection (1): www.w3schools.com:443
2026-03-30 17:30:22 | DEBUG | https://www.w3schools.com:443 "GET /css/css_colors_hex.asp HTTP/1.1" 200 44281
2026-03-30 17:30:23 | DEBUG | Starting new HTTPS connection (1): www.w3schools.com:443
2026-03-30 17:30:25 | DEBUG | https://www.w3schools.com:443 "GET /css/css_colors_hsl.asp HTTP/1.1" 200 44916
2026-03-30 17:30:26 | DEBUG | Starting new HTTPS connection (1): www.w3schools.com:443
2026-03-30 17:30:28 | DEBUG | https://www.w3schools.com:443 "GET /css/css_challenges_colors.asp HTTP/1.1" 200 46315
2026-03-30 17:30:29 | DEBUG | Starting new HTTPS connection (1): www.w3schools.com:443
2026-03-30 17:30:30 | DEBUG | https://www.w3schools.com:443 "GET /css/css_background.asp HTTP/1.1" 200 44267
2026-03-30 17:30:31 | DEBUG | Starting new HTTPS connection (1): www.w3schools.com:443
2026-03-30 17:30:32 | DEBUG | https://www.w3schools.com:443 "GET /css/css_background_image.asp HTTP/1.1" 200 43337
2026-03-30 17:30:33 | DEBUG | Starting new HTTPS connection (1): www.w3schools.com:443
2026-03-30 17:30:34 | DEBUG | https://www.w3schools.com:443 "GET /css/css_background_repeat.asp HTTP/1.1" 200 43601
2026-03-30 17:30:35 | DEBUG | Starting new HTTPS connection (1): www.w3schools.com:443
2026-03-30 17:30:36 | DEBUG | https://www.w3schools.com:443 "GET /css/css_background_attachment.asp HTTP/1.1" 200 43216
2026-03-30 17:30:37 | DEBUG | Starting new HTTPS connection (1): www.w3schools.com:443
2026-03-30 17:30:38 | DEBUG | https://www.w3schools.com:443 "GET /css/css_background_shorthand.asp HTTP/1.1" 200 43623
2026-03-30 17:30:40 | DEBUG | Starting new HTTPS connection (1): www.w3schools.com:443
2026-03-30 17:30:40 | DEBUG | https://www.w3schools.com:443 "GET /css/css_challenges_background.asp HTTP/1.1" 200 46320
2026-03-30 17:30:42 | DEBUG | Starting new HTTPS connection (1): www.w3schools.com:443
2026-03-30 17:30:42 | DEBUG | https://www.w3schools.com:443 "GET /css/css_border.asp HTTP/1.1" 200 43438
2026-03-30 17:30:43 | DEBUG | Starting new HTTPS connection (1): www.w3schools.com:443
2026-03-30 17:30:44 | DEBUG | https://www.w3schools.com:443 "GET /css/css_border_width.asp HTTP/1.1" 200 43153
2026-03-30 17:30:45 | DEBUG | Starting new HTTPS connection (1): www.w3schools.com:443
2026-03-30 17:30:46 | DEBUG | https://www.w3schools.com:443 "GET /css/css_border_color.asp HTTP/1.1" 200 43375
2026-03-30 17:30:47 | DEBUG | Starting new HTTPS connection (1): www.w3schools.com:443
2026-03-30 17:30:49 | DEBUG | https://www.w3schools.com:443 "GET /css/css_border_sides.asp HTTP/1.1" 200 43386
2026-03-30 17:30:50 | DEBUG | Starting new HTTPS connection (1): www.w3schools.com:443
2026-03-30 17:30:52 | DEBUG | https://www.w3schools.com:443 "GET /css/css_border_shorthand.asp HTTP/1.1" 200 43031
2026-03-30 17:30:53 | DEBUG | Starting new HTTPS connection (1): www.w3schools.com:443
2026-03-30 17:30:54 | DEBUG | https://www.w3schools.com:443 "GET /css/css_border_rounded.asp HTTP/1.1" 200 43338
2026-03-30 17:30:56 | DEBUG | Starting new HTTPS connection (1): www.w3schools.com:443
2026-03-30 17:30:56 | DEBUG | https://www.w3schools.com:443 "GET /css/css_challenges_border.asp HTTP/1.1" 200 46317
2026-03-30 17:30:58 | DEBUG | Starting new HTTPS connection (1): www.w3schools.com:443
2026-03-30 17:30:59 | DEBUG | https://www.w3schools.com:443 "GET /css/css_margin.asp HTTP/1.1" 200 44001
2026-03-30 17:31:00 | DEBUG | Starting new HTTPS connection (1): www.w3schools.com:443
2026-03-30 17:31:01 | DEBUG | https://www.w3schools.com:443 "GET /css/css_margin_collapse.asp HTTP/1.1" 200 43238
2026-03-30 17:31:02 | DEBUG | Starting new HTTPS connection (1): www.w3schools.com:443
2026-03-30 17:31:02 | DEBUG | https://www.w3schools.com:443 "GET /css/css_challenges_margin.asp HTTP/1.1" 200 46317
2026-03-30 17:31:04 | DEBUG | Starting new HTTPS connection (1): www.w3schools.com:443
2026-03-30 17:31:05 | DEBUG | https://www.w3schools.com:443 "GET /css/css_padding.asp HTTP/1.1" 200 43667
2026-03-30 17:31:06 | DEBUG | Starting new HTTPS connection (1): www.w3schools.com:443
2026-03-30 17:31:06 | DEBUG | https://www.w3schools.com:443 "GET /css/css_padding_box-sizing.asp HTTP/1.1" 200 43453
2026-03-30 17:31:08 | DEBUG | Starting new HTTPS connection (1): www.w3schools.com:443
2026-03-30 17:31:09 | DEBUG | https://www.w3schools.com:443 "GET /css/css_challenges_padding.asp HTTP/1.1" 200 46311
2026-03-30 17:31:10 | DEBUG | Starting new HTTPS connection (1): www.w3schools.com:443
2026-03-30 17:31:11 | DEBUG | https://www.w3schools.com:443 "GET /css/css_height_width.asp HTTP/1.1" 200 43368
2026-03-30 17:31:13 | DEBUG | Starting new HTTPS connection (1): www.w3schools.com:443
2026-03-30 17:31:15 | DEBUG | https://www.w3schools.com:443 "GET /css/css_height_width_min_max.asp HTTP/1.1" 200 43634
2026-03-30 17:31:16 | DEBUG | Starting new HTTPS connection (1): www.w3schools.com:443
2026-03-30 17:31:18 | DEBUG | https://www.w3schools.com:443 "GET /css/css_challenges_height_width.asp HTTP/1.1" 200 46328
2026-03-30 17:31:20 | DEBUG | Starting new HTTPS connection (1): www.w3schools.com:443
2026-03-30 17:31:21 | DEBUG | https://www.w3schools.com:443 "GET /css/css_boxmodel.asp HTTP/1.1" 200 44091
2026-03-30 17:31:22 | DEBUG | Starting new HTTPS connection (1): www.w3schools.com:443
2026-03-30 17:31:24 | DEBUG | https://www.w3schools.com:443 "GET /css/css_challenges_boxmodel.asp HTTP/1.1" 200 46317
2026-03-30 17:31:25 | DEBUG | Starting new HTTPS connection (1): www.w3schools.com:443
2026-03-30 17:31:27 | DEBUG | https://www.w3schools.com:443 "GET /css/css_outline.asp HTTP/1.1" 200 44010
2026-03-30 17:31:28 | DEBUG | Starting new HTTPS connection (1): www.w3schools.com:443
2026-03-30 17:31:29 | DEBUG | https://www.w3schools.com:443 "GET /css/css_outline_width.asp HTTP/1.1" 200 42973
2026-03-30 17:31:30 | DEBUG | Starting new HTTPS connection (1): www.w3schools.com:443
2026-03-30 17:31:32 | DEBUG | https://www.w3schools.com:443 "GET /css/css_outline_color.asp HTTP/1.1" 200 43336
2026-03-30 17:31:34 | DEBUG | Starting new HTTPS connection (1): www.w3schools.com:443
2026-03-30 17:31:36 | DEBUG | https://www.w3schools.com:443 "GET /css/css_outline_shorthand.asp HTTP/1.1" 200 43209
2026-03-30 17:31:37 | DEBUG | Starting new HTTPS connection (1): www.w3schools.com:443
2026-03-30 17:31:38 | DEBUG | https://www.w3schools.com:443 "GET /css/css_outline_offset.asp HTTP/1.1" 200 43238
2026-03-30 17:31:39 | DEBUG | Starting new HTTPS connection (1): www.w3schools.com:443
2026-03-30 17:31:40 | DEBUG | https://www.w3schools.com:443 "GET /css/css_challenges_outline.asp HTTP/1.1" 200 46315
2026-03-30 17:31:41 | DEBUG | Starting new HTTPS connection (1): www.w3schools.com:443
2026-03-30 17:31:42 | DEBUG | https://www.w3schools.com:443 "GET /css/css_text.asp HTTP/1.1" 200 43438
2026-03-30 17:31:44 | DEBUG | Starting new HTTPS connection (1): www.w3schools.com:443
2026-03-30 17:31:45 | DEBUG | https://www.w3schools.com:443 "GET /css/css_text_align.asp HTTP/1.1" 200 43966
2026-03-30 17:31:46 | DEBUG | Starting new HTTPS connection (1): www.w3schools.com:443
2026-03-30 17:31:48 | DEBUG | https://www.w3schools.com:443 "GET /css/css_text_decoration.asp HTTP/1.1" 200 43255
2026-03-30 17:31:49 | DEBUG | Starting new HTTPS connection (1): www.w3schools.com:443
2026-03-30 17:31:51 | DEBUG | https://www.w3schools.com:443 "GET /css/css_text_decoration_styles.asp HTTP/1.1" 200 43288
2026-03-30 17:31:52 | DEBUG | Starting new HTTPS connection (1): www.w3schools.com:443
2026-03-30 17:31:54 | DEBUG | https://www.w3schools.com:443 "GET /css/css_text_transformation.asp HTTP/1.1" 200 43041
2026-03-30 17:31:55 | DEBUG | Starting new HTTPS connection (1): www.w3schools.com:443
2026-03-30 17:31:57 | DEBUG | https://www.w3schools.com:443 "GET /css/css_text_spacing.asp HTTP/1.1" 200 43446
2026-03-30 17:31:59 | DEBUG | Starting new HTTPS connection (1): www.w3schools.com:443
2026-03-30 17:32:00 | DEBUG | https://www.w3schools.com:443 "GET /css/css_text_shadow.asp HTTP/1.1" 200 43473
2026-03-30 17:32:01 | DEBUG | Starting new HTTPS connection (1): www.w3schools.com:443
2026-03-30 17:32:03 | DEBUG | https://www.w3schools.com:443 "GET /css/css_challenges_text.asp HTTP/1.1" 200 46312
2026-03-30 17:32:04 | DEBUG | Starting new HTTPS connection (1): www.w3schools.com:443
2026-03-30 17:32:05 | DEBUG | https://www.w3schools.com:443 "GET /css/css_font.asp HTTP/1.1" 200 43933
2026-03-30 17:32:06 | DEBUG | Starting new HTTPS connection (1): www.w3schools.com:443
2026-03-30 17:32:08 | DEBUG | https://www.w3schools.com:443 "GET /css/css_font_websafe.asp HTTP/1.1" 200 44242
2026-03-30 17:32:09 | DEBUG | Starting new HTTPS connection (1): www.w3schools.com:443
2026-03-30 17:32:10 | DEBUG | https://www.w3schools.com:443 "GET /css/css_font_fallbacks.asp HTTP/1.1" 200 43236
2026-03-30 17:32:11 | DEBUG | Starting new HTTPS connection (1): www.w3schools.com:443
2026-03-30 17:32:14 | DEBUG | https://www.w3schools.com:443 "GET /css/css_font_style.asp HTTP/1.1" 200 43216
2026-03-30 17:32:15 | DEBUG | Starting new HTTPS connection (1): www.w3schools.com:443
2026-03-30 17:32:16 | DEBUG | https://www.w3schools.com:443 "GET /css/css_font_size.asp HTTP/1.1" 200 44225
2026-03-30 17:32:18 | DEBUG | Starting new HTTPS connection (1): www.w3schools.com:443
2026-03-30 17:32:20 | DEBUG | https://www.w3schools.com:443 "GET /css/css_font_google.asp HTTP/1.1" 200 44088
2026-03-30 17:32:21 | DEBUG | Starting new HTTPS connection (1): www.w3schools.com:443
2026-03-30 17:32:22 | DEBUG | https://www.w3schools.com:443 "GET /css/css_font_pairings.asp HTTP/1.1" 200 44592
2026-03-30 17:32:24 | DEBUG | Starting new HTTPS connection (1): www.w3schools.com:443
2026-03-30 17:32:25 | DEBUG | https://www.w3schools.com:443 "GET /css/css_font_shorthand.asp HTTP/1.1" 200 43347
2026-03-30 17:32:26 | DEBUG | Starting new HTTPS connection (1): www.w3schools.com:443
2026-03-30 17:32:27 | DEBUG | https://www.w3schools.com:443 "GET /css/css_challenges_font.asp HTTP/1.1" 200 46314
2026-03-30 17:32:28 | DEBUG | Starting new HTTPS connection (1): www.w3schools.com:443
2026-03-30 17:32:29 | DEBUG | https://www.w3schools.com:443 "GET /css/css_icons.asp HTTP/1.1" 200 43390
2026-03-30 17:32:30 | DEBUG | Starting new HTTPS connection (1): www.w3schools.com:443
2026-03-30 17:32:32 | DEBUG | https://www.w3schools.com:443 "GET /css/css_icons_bootstrap.asp HTTP/1.1" 200 42956
2026-03-30 17:32:33 | DEBUG | Starting new HTTPS connection (1): www.w3schools.com:443
2026-03-30 17:32:35 | DEBUG | https://www.w3schools.com:443 "GET /css/css_icons_google.asp HTTP/1.1" 200 43000
2026-03-30 17:32:36 | DEBUG | Starting new HTTPS connection (1): www.w3schools.com:443
2026-03-30 17:32:38 | DEBUG | https://www.w3schools.com:443 "GET /css/css_challenges_icons.asp HTTP/1.1" 200 46310
2026-03-30 17:32:39 | DEBUG | Starting new HTTPS connection (1): www.w3schools.com:443
2026-03-30 17:32:41 | DEBUG | https://www.w3schools.com:443 "GET /css/css_link.asp HTTP/1.1" 200 43735
2026-03-30 17:32:42 | DEBUG | Starting new HTTPS connection (1): www.w3schools.com:443
2026-03-30 17:32:44 | DEBUG | https://www.w3schools.com:443 "GET /css/css_link_buttons.asp HTTP/1.1" 200 43110
2026-03-30 17:32:45 | DEBUG | Starting new HTTPS connection (1): www.w3schools.com:443
2026-03-30 17:32:47 | DEBUG | https://www.w3schools.com:443 "GET /css/css_challenges_link.asp HTTP/1.1" 200 46315
2026-03-30 17:32:49 | DEBUG | Starting new HTTPS connection (1): www.w3schools.com:443
2026-03-30 17:32:51 | DEBUG | https://www.w3schools.com:443 "GET /css/css_list.asp HTTP/1.1" 200 44442
2026-03-30 17:32:52 | DEBUG | Starting new HTTPS connection (1): www.w3schools.com:443
2026-03-30 17:32:54 | DEBUG | https://www.w3schools.com:443 "GET /css/css_challenges_list.asp HTTP/1.1" 200 46315
2026-03-30 17:32:56 | DEBUG | Starting new HTTPS connection (1): www.w3schools.com:443
2026-03-30 17:32:57 | DEBUG | https://www.w3schools.com:443 "GET /css/css_table.asp HTTP/1.1" 200 44458
2026-03-30 17:32:58 | DEBUG | Starting new HTTPS connection (1): www.w3schools.com:443
2026-03-30 17:32:59 | DEBUG | https://www.w3schools.com:443 "GET /css/css_table_size.asp HTTP/1.1" 200 43383
2026-03-30 17:33:00 | DEBUG | Starting new HTTPS connection (1): www.w3schools.com:443
2026-03-30 17:33:02 | DEBUG | https://www.w3schools.com:443 "GET /css/css_table_align.asp HTTP/1.1" 200 43381
2026-03-30 17:33:04 | DEBUG | Starting new HTTPS connection (1): www.w3schools.com:443
2026-03-30 17:33:06 | DEBUG | https://www.w3schools.com:443 "GET /css/css_table_style.asp HTTP/1.1" 200 43535
2026-03-30 17:33:07 | DEBUG | Starting new HTTPS connection (1): www.w3schools.com:443
2026-03-30 17:33:08 | DEBUG | https://www.w3schools.com:443 "GET /css/css_table_responsive.asp HTTP/1.1" 200 43500
2026-03-30 17:33:09 | DEBUG | Starting new HTTPS connection (1): www.w3schools.com:443
2026-03-30 17:33:10 | DEBUG | https://www.w3schools.com:443 "GET /css/css_challenges_table.asp HTTP/1.1" 200 46318
2026-03-30 17:33:11 | DEBUG | Starting new HTTPS connection (1): www.w3schools.com:443
2026-03-30 17:33:12 | DEBUG | https://www.w3schools.com:443 "GET /css/css_display.asp HTTP/1.1" 200 43930
2026-03-30 17:33:13 | DEBUG | Starting new HTTPS connection (1): www.w3schools.com:443
2026-03-30 17:33:14 | DEBUG | https://www.w3schools.com:443 "GET /css/css_display_hide.asp HTTP/1.1" 200 43884
2026-03-30 17:33:15 | DEBUG | Starting new HTTPS connection (1): www.w3schools.com:443
2026-03-30 17:33:16 | DEBUG | https://www.w3schools.com:443 "GET /css/css_challenges_display.asp HTTP/1.1" 200 46314
2026-03-30 17:33:17 | DEBUG | Starting new HTTPS connection (1): www.w3schools.com:443
2026-03-30 17:33:18 | DEBUG | https://www.w3schools.com:443 "GET /css/css_max-width.asp HTTP/1.1" 200 43359
2026-03-30 17:33:19 | DEBUG | Starting new HTTPS connection (1): www.w3schools.com:443
2026-03-30 17:33:20 | DEBUG | https://www.w3schools.com:443 "GET /css/css_challenges_max-width.asp HTTP/1.1" 200 46315
2026-03-30 17:33:21 | DEBUG | Starting new HTTPS connection (1): www.w3schools.com:443
2026-03-30 17:33:22 | DEBUG | https://www.w3schools.com:443 "GET /css/css_position.asp HTTP/1.1" 200 43429
2026-03-30 17:33:23 | DEBUG | Starting new HTTPS connection (1): www.w3schools.com:443
2026-03-30 17:33:25 | DEBUG | https://www.w3schools.com:443 "GET /css/css_positioning_fixed_absolute.asp HTTP/1.1" 200 43592
2026-03-30 17:33:26 | DEBUG | Starting new HTTPS connection (1): www.w3schools.com:443
2026-03-30 17:33:28 | DEBUG | https://www.w3schools.com:443 "GET /css/css_positioning_sticky.asp HTTP/1.1" 200 43585
2026-03-30 17:33:30 | DEBUG | Starting new HTTPS connection (1): www.w3schools.com:443
2026-03-30 17:33:32 | DEBUG | https://www.w3schools.com:443 "GET /css/css_challenges_position.asp HTTP/1.1" 200 46316
2026-03-30 17:33:33 | DEBUG | Starting new HTTPS connection (1): www.w3schools.com:443
2026-03-30 17:33:35 | DEBUG | https://www.w3schools.com:443 "GET /css/css_position_offset.asp HTTP/1.1" 200 43229
2026-03-30 17:33:36 | DEBUG | Starting new HTTPS connection (1): www.w3schools.com:443
2026-03-30 17:33:37 | DEBUG | https://www.w3schools.com:443 "GET /css/css_challenges_position_offset.asp HTTP/1.1" 200 46321
2026-03-30 17:33:39 | DEBUG | Starting new HTTPS connection (1): www.w3schools.com:443
2026-03-30 17:33:40 | DEBUG | https://www.w3schools.com:443 "GET /css/css_z-index.asp HTTP/1.1" 200 43632
2026-03-30 17:33:41 | DEBUG | Starting new HTTPS connection (1): www.w3schools.com:443
2026-03-30 17:33:43 | DEBUG | https://www.w3schools.com:443 "GET /css/css_challenges_z-index.asp HTTP/1.1" 200 46315
2026-03-30 17:33:45 | DEBUG | Starting new HTTPS connection (1): www.w3schools.com:443
2026-03-30 17:33:46 | DEBUG | https://www.w3schools.com:443 "GET /css/css_overflow.asp HTTP/1.1" 200 44193
2026-03-30 17:33:47 | DEBUG | Starting new HTTPS connection (1): www.w3schools.com:443
2026-03-30 17:33:49 | DEBUG | https://www.w3schools.com:443 "GET /css/css_overflow_xy.asp HTTP/1.1" 200 43255
2026-03-30 17:33:51 | DEBUG | Starting new HTTPS connection (1): www.w3schools.com:443
2026-03-30 17:33:52 | DEBUG | https://www.w3schools.com:443 "GET /css/css_challenges_overflow.asp HTTP/1.1" 200 46316
2026-03-30 17:33:53 | DEBUG | Starting new HTTPS connection (1): www.w3schools.com:443
2026-03-30 17:33:54 | DEBUG | https://www.w3schools.com:443 "GET /css/css_float.asp HTTP/1.1" 200 43850
2026-03-30 17:33:55 | DEBUG | Starting new HTTPS connection (1): www.w3schools.com:443
2026-03-30 17:33:55 | DEBUG | https://www.w3schools.com:443 "GET /css/css_float_clear.asp HTTP/1.1" 200 43817
2026-03-30 17:33:57 | DEBUG | Starting new HTTPS connection (1): www.w3schools.com:443
2026-03-30 17:33:57 | DEBUG | https://www.w3schools.com:443 "GET /css/css_float_examples.asp HTTP/1.1" 200 44372
2026-03-30 17:33:59 | DEBUG | Starting new HTTPS connection (1): www.w3schools.com:443
2026-03-30 17:33:59 | DEBUG | https://www.w3schools.com:443 "GET /css/css_challenges_float.asp HTTP/1.1" 200 46316
2026-03-30 17:34:00 | DEBUG | Starting new HTTPS connection (1): www.w3schools.com:443
2026-03-30 17:34:01 | DEBUG | https://www.w3schools.com:443 "GET /css/css_inline-block.asp HTTP/1.1" 200 43660
2026-03-30 17:34:03 | DEBUG | Starting new HTTPS connection (1): www.w3schools.com:443
2026-03-30 17:34:04 | DEBUG | https://www.w3schools.com:443 "GET /css/css_challenges_inline-block.asp HTTP/1.1" 200 46315
2026-03-30 17:34:05 | DEBUG | Starting new HTTPS connection (1): www.w3schools.com:443
2026-03-30 17:34:06 | DEBUG | https://www.w3schools.com:443 "GET /css/css_align.asp HTTP/1.1" 200 43076
2026-03-30 17:34:07 | DEBUG | Starting new HTTPS connection (1): www.w3schools.com:443
2026-03-30 17:34:09 | DEBUG | https://www.w3schools.com:443 "GET /css/css_align_horizontal.asp HTTP/1.1" 200 43600
2026-03-30 17:34:10 | DEBUG | Starting new HTTPS connection (1): www.w3schools.com:443
2026-03-30 17:34:11 | DEBUG | https://www.w3schools.com:443 "GET /css/css_align_vertical.asp HTTP/1.1" 200 43276
2026-03-30 17:34:13 | DEBUG | Starting new HTTPS connection (1): www.w3schools.com:443
2026-03-30 17:34:14 | DEBUG | https://www.w3schools.com:443 "GET /css/css_challenges_align.asp HTTP/1.1" 200 46313
2026-03-30 17:34:15 | DEBUG | Starting new HTTPS connection (1): www.w3schools.com:443
2026-03-30 17:34:17 | DEBUG | https://www.w3schools.com:443 "GET /css/css_combinators.asp HTTP/1.1" 200 43465
2026-03-30 17:34:18 | DEBUG | Starting new HTTPS connection (1): www.w3schools.com:443
2026-03-30 17:34:20 | DEBUG | https://www.w3schools.com:443 "GET /css/css_challenges_combinators.asp HTTP/1.1" 200 46320
2026-03-30 17:34:21 | DEBUG | Starting new HTTPS connection (1): www.w3schools.com:443
2026-03-30 17:34:23 | DEBUG | https://www.w3schools.com:443 "GET /css/css_pseudo_classes.asp HTTP/1.1" 200 43194
2026-03-30 17:34:24 | DEBUG | Starting new HTTPS connection (1): www.w3schools.com:443
2026-03-30 17:34:25 | DEBUG | https://www.w3schools.com:443 "GET /css/css_pseudo_classes_interactive.asp HTTP/1.1" 200 43816
2026-03-30 17:34:27 | DEBUG | Starting new HTTPS connection (1): www.w3schools.com:443
2026-03-30 17:34:29 | DEBUG | https://www.w3schools.com:443 "GET /css/css_pseudo_classes_structural.asp HTTP/1.1" 200 43331
2026-03-30 17:34:30 | DEBUG | Starting new HTTPS connection (1): www.w3schools.com:443
2026-03-30 17:34:32 | DEBUG | https://www.w3schools.com:443 "GET /css/css_challenges_pseudo_classes.asp HTTP/1.1" 200 46324
2026-03-30 17:34:33 | DEBUG | Starting new HTTPS connection (1): www.w3schools.com:443
2026-03-30 17:34:35 | DEBUG | https://www.w3schools.com:443 "GET /css/css_pseudo_elements.asp HTTP/1.1" 200 42999
2026-03-30 17:34:36 | DEBUG | Starting new HTTPS connection (1): www.w3schools.com:443
2026-03-30 17:34:37 | DEBUG | https://www.w3schools.com:443 "GET /css/css_pseudo_elements_text.asp HTTP/1.1" 200 43215
2026-03-30 17:34:38 | DEBUG | Starting new HTTPS connection (1): www.w3schools.com:443
2026-03-30 17:34:40 | DEBUG | https://www.w3schools.com:443 "GET /css/css_pseudo_elements_content.asp HTTP/1.1" 200 43184
2026-03-30 17:34:42 | DEBUG | Starting new HTTPS connection (1): www.w3schools.com:443
2026-03-30 17:34:44 | DEBUG | https://www.w3schools.com:443 "GET /css/css_challenges_pseudo_elements.asp HTTP/1.1" 200 46324
2026-03-30 17:34:45 | DEBUG | Starting new HTTPS connection (1): www.w3schools.com:443
2026-03-30 17:34:47 | DEBUG | https://www.w3schools.com:443 "GET /css/css_image_transparency.asp HTTP/1.1" 200 44350
2026-03-30 17:34:49 | DEBUG | Starting new HTTPS connection (1): www.w3schools.com:443
2026-03-30 17:34:51 | DEBUG | https://www.w3schools.com:443 "GET /css/css_challenges_image_transparency.asp HTTP/1.1" 200 46318
2026-03-30 17:34:52 | DEBUG | Starting new HTTPS connection (1): www.w3schools.com:443
2026-03-30 17:34:53 | DEBUG | https://www.w3schools.com:443 "GET /css/css_navbar.asp HTTP/1.1" 200 43623
2026-03-30 17:34:55 | DEBUG | Starting new HTTPS connection (1): www.w3schools.com:443
2026-03-30 17:34:56 | DEBUG | https://www.w3schools.com:443 "GET /css/css_navbar_vertical.asp HTTP/1.1" 200 44213
2026-03-30 17:34:57 | DEBUG | Starting new HTTPS connection (1): www.w3schools.com:443
2026-03-30 17:34:59 | DEBUG | https://www.w3schools.com:443 "GET /css/css_navbar_horizontal.asp HTTP/1.1" 200 45370
2026-03-30 17:35:00 | DEBUG | Starting new HTTPS connection (1): www.w3schools.com:443
2026-03-30 17:35:01 | DEBUG | https://www.w3schools.com:443 "GET /css/css_challenges_navbar.asp HTTP/1.1" 200 46320
2026-03-30 17:35:02 | DEBUG | Starting new HTTPS connection (1): www.w3schools.com:443
2026-03-30 17:35:03 | DEBUG | https://www.w3schools.com:443 "GET /css/css_dropdowns.asp HTTP/1.1" 200 44568
2026-03-30 17:35:04 | DEBUG | Starting new HTTPS connection (1): www.w3schools.com:443
2026-03-30 17:35:05 | DEBUG | https://www.w3schools.com:443 "GET /css/css_dropdowns_advanced.asp HTTP/1.1" 200 43322
2026-03-30 17:35:06 | DEBUG | Starting new HTTPS connection (1): www.w3schools.com:443
2026-03-30 17:35:07 | DEBUG | https://www.w3schools.com:443 "GET /css/css_challenges_dropdowns.asp HTTP/1.1" 200 46319
2026-03-30 17:35:08 | DEBUG | Starting new HTTPS connection (1): www.w3schools.com:443
2026-03-30 17:35:10 | DEBUG | https://www.w3schools.com:443 "GET /css/css_image_gallery.asp HTTP/1.1" 200 43887
2026-03-30 17:35:12 | DEBUG | Starting new HTTPS connection (1): www.w3schools.com:443
2026-03-30 17:35:14 | DEBUG | https://www.w3schools.com:443 "GET /css/css_challenges_image_gallery.asp HTTP/1.1" 200 46322
2026-03-30 17:35:15 | DEBUG | Starting new HTTPS connection (1): www.w3schools.com:443
2026-03-30 17:35:16 | DEBUG | https://www.w3schools.com:443 "GET /css/css_image_sprites.asp HTTP/1.1" 200 44326
2026-03-30 17:35:18 | DEBUG | Starting new HTTPS connection (1): www.w3schools.com:443
2026-03-30 17:35:20 | DEBUG | https://www.w3schools.com:443 "GET /css/css_challenges_image_sprites.asp HTTP/1.1" 200 46321
2026-03-30 17:35:22 | DEBUG | Starting new HTTPS connection (1): www.w3schools.com:443
2026-03-30 17:35:23 | DEBUG | https://www.w3schools.com:443 "GET /css/css_attribute_selectors.asp HTTP/1.1" 200 43470
2026-03-30 17:35:24 | DEBUG | Starting new HTTPS connection (1): www.w3schools.com:443
2026-03-30 17:35:26 | DEBUG | https://www.w3schools.com:443 "GET /css/css_attribute_selectors_advanced.asp HTTP/1.1" 200 43403
2026-03-30 17:35:27 | DEBUG | Starting new HTTPS connection (1): www.w3schools.com:443
2026-03-30 17:35:29 | DEBUG | https://www.w3schools.com:443 "GET /css/css_challenges_attribute_selectors.asp HTTP/1.1" 200 46324
2026-03-30 17:35:30 | DEBUG | Starting new HTTPS connection (1): www.w3schools.com:443
2026-03-30 17:35:31 | DEBUG | https://www.w3schools.com:443 "GET /css/css_forms.asp HTTP/1.1" 200 43263
2026-03-30 17:35:32 | DEBUG | Starting new HTTPS connection (1): www.w3schools.com:443
2026-03-30 17:35:33 | DEBUG | https://www.w3schools.com:443 "GET /css/css_form_inputs.asp HTTP/1.1" 200 43891
2026-03-30 17:35:34 | DEBUG | Starting new HTTPS connection (1): www.w3schools.com:443
2026-03-30 17:35:35 | DEBUG | https://www.w3schools.com:443 "GET /css/css_form_focus.asp HTTP/1.1" 200 43605
2026-03-30 17:35:36 | DEBUG | Starting new HTTPS connection (1): www.w3schools.com:443
2026-03-30 17:35:37 | DEBUG | https://www.w3schools.com:443 "GET /css/css_form_elements.asp HTTP/1.1" 200 43685
2026-03-30 17:35:38 | DEBUG | Starting new HTTPS connection (1): www.w3schools.com:443
2026-03-30 17:35:39 | DEBUG | https://www.w3schools.com:443 "GET /css/css_challenges_form_styling.asp HTTP/1.1" 200 46325
2026-03-30 17:35:40 | DEBUG | Starting new HTTPS connection (1): www.w3schools.com:443
2026-03-30 17:35:41 | DEBUG | https://www.w3schools.com:443 "GET /css/css_counters.asp HTTP/1.1" 200 43485
2026-03-30 17:35:42 | DEBUG | Starting new HTTPS connection (1): www.w3schools.com:443
2026-03-30 17:35:43 | DEBUG | https://www.w3schools.com:443 "GET /css/css_counters_nested.asp HTTP/1.1" 200 43231
2026-03-30 17:35:44 | DEBUG | Starting new HTTPS connection (1): www.w3schools.com:443
2026-03-30 17:35:45 | DEBUG | https://www.w3schools.com:443 "GET /css/css_challenges_counters.asp HTTP/1.1" 200 46315
2026-03-30 17:35:46 | DEBUG | Starting new HTTPS connection (1): www.w3schools.com:443
2026-03-30 17:35:47 | DEBUG | https://www.w3schools.com:443 "GET /css/css_units.asp HTTP/1.1" 200 43042
2026-03-30 17:35:48 | DEBUG | Starting new HTTPS connection (1): www.w3schools.com:443
2026-03-30 17:35:49 | DEBUG | https://www.w3schools.com:443 "GET /css/css_units_absolute.asp HTTP/1.1" 200 43573
2026-03-30 17:35:50 | DEBUG | Starting new HTTPS connection (1): www.w3schools.com:443
2026-03-30 17:35:52 | DEBUG | https://www.w3schools.com:443 "GET /css/css_units_relative.asp HTTP/1.1" 200 43730
2026-03-30 17:35:54 | DEBUG | Starting new HTTPS connection (1): www.w3schools.com:443
2026-03-30 17:35:56 | DEBUG | https://www.w3schools.com:443 "GET /css/css_challenges_units.asp HTTP/1.1" 200 46313
2026-03-30 17:35:57 | DEBUG | Starting new HTTPS connection (1): www.w3schools.com:443
2026-03-30 17:35:58 | DEBUG | https://www.w3schools.com:443 "GET /css/css_inheritance.asp HTTP/1.1" 200 43558
2026-03-31 14:38:00 | INFO | Starting scrape for 1 seeds
2026-03-31 14:38:00 | INFO | Already scraped, loading from disk: https://www.w3schools.com/html/
2026-03-31 14:38:01 | INFO | Already scraped, loading from disk: https://www.w3schools.com/css/css_rwd_intro.asp
2026-03-31 14:38:02 | INFO | Already scraped, loading from disk: https://www.w3schools.com/python/python_ml_getting_started.asp
2026-03-31 14:38:04 | INFO | Already scraped, loading from disk: https://www.w3schools.com/js/js_json_intro.asp
2026-03-31 14:38:05 | INFO | Already scraped, loading from disk: https://www.w3schools.com/js/js_ajax_intro.asp
2026-03-31 14:38:06 | INFO | Already scraped, loading from disk: https://www.w3schools.com/python/python_reference.asp
2026-03-31 14:38:07 | INFO | Already scraped, loading from disk: https://www.w3schools.com/sql/sql_ref_keywords.asp
2026-03-31 14:38:09 | INFO | Already scraped, loading from disk: https://www.w3schools.com/html/html_challenges.asp
2026-03-31 14:38:10 | INFO | Already scraped, loading from disk: https://www.w3schools.com/css/css_challenges.asp
2026-03-31 14:38:11 | INFO | Already scraped, loading from disk: https://www.w3schools.com/python/python_challenges.asp
2026-03-31 14:38:12 | INFO | Already scraped, loading from disk: https://www.w3schools.com/html/html_intro.asp
2026-03-31 14:38:13 | INFO | Already scraped, loading from disk: https://www.w3schools.com/html/html_editors.asp
2026-03-31 14:38:15 | INFO | Already scraped, loading from disk: https://www.w3schools.com/html/html_basic.asp
2026-03-31 14:38:16 | INFO | Already scraped, loading from disk: https://www.w3schools.com/html/html_challenges_basic.asp
2026-03-31 14:38:17 | INFO | Already scraped, loading from disk: https://www.w3schools.com/html/html_elements.asp
2026-03-31 14:38:18 | INFO | Already scraped, loading from disk: https://www.w3schools.com/html/html_challenges_elements.asp
2026-03-31 14:38:19 | INFO | Already scraped, loading from disk: https://www.w3schools.com/html/html_attributes.asp
2026-03-31 14:38:20 | INFO | Already scraped, loading from disk: https://www.w3schools.com/html/html_challenges_attributes.asp
2026-03-31 14:38:21 | INFO | Already scraped, loading from disk: https://www.w3schools.com/html/html_headings.asp
2026-03-31 14:38:22 | INFO | Already scraped, loading from disk: https://www.w3schools.com/html/html_challenges_headings.asp
2026-03-31 14:38:24 | INFO | Already scraped, loading from disk: https://www.w3schools.com/html/html_paragraphs.asp
2026-03-31 14:38:25 | INFO | Already scraped, loading from disk: https://www.w3schools.com/html/html_challenges_paragraphs.asp
2026-03-31 14:38:25 | INFO | Already scraped, loading from disk: https://www.w3schools.com/html/html_styles.asp
2026-03-31 14:38:27 | INFO | Already scraped, loading from disk: https://www.w3schools.com/html/html_challenges_styles.asp
2026-03-31 14:38:28 | INFO | Already scraped, loading from disk: https://www.w3schools.com/html/html_formatting.asp
2026-03-31 14:38:29 | INFO | Already scraped, loading from disk: https://www.w3schools.com/html/html_challenges_formatting.asp
2026-03-31 14:38:30 | INFO | Already scraped, loading from disk: https://www.w3schools.com/html/html_quotation_elements.asp
2026-03-31 14:38:31 | INFO | Already scraped, loading from disk: https://www.w3schools.com/html/html_challenges_quotations.asp
2026-03-31 14:38:32 | INFO | Already scraped, loading from disk: https://www.w3schools.com/html/html_comments.asp
2026-03-31 14:38:33 | INFO | Already scraped, loading from disk: https://www.w3schools.com/html/html_challenges_comments.asp
2026-03-31 14:38:34 | INFO | Already scraped, loading from disk: https://www.w3schools.com/html/html_colors.asp
2026-03-31 14:38:35 | INFO | Already scraped, loading from disk: https://www.w3schools.com/html/html_colors_rgb.asp
2026-03-31 14:38:36 | INFO | Already scraped, loading from disk: https://www.w3schools.com/html/html_colors_hex.asp
2026-03-31 14:38:38 | INFO | Already scraped, loading from disk: https://www.w3schools.com/html/html_colors_hsl.asp
2026-03-31 14:38:39 | INFO | Already scraped, loading from disk: https://www.w3schools.com/html/html_challenges_colors.asp
2026-03-31 14:38:40 | INFO | Already scraped, loading from disk: https://www.w3schools.com/html/html_css.asp
2026-03-31 14:38:41 | INFO | Already scraped, loading from disk: https://www.w3schools.com/html/html_challenges_css.asp
2026-03-31 14:38:42 | INFO | Already scraped, loading from disk: https://www.w3schools.com/html/html_links.asp
2026-03-31 14:38:43 | INFO | Already scraped, loading from disk: https://www.w3schools.com/html/html_links_colors.asp
2026-03-31 14:38:44 | INFO | Already scraped, loading from disk: https://www.w3schools.com/html/html_links_bookmarks.asp
2026-03-31 14:38:45 | INFO | Already scraped, loading from disk: https://www.w3schools.com/html/html_challenges_links.asp
2026-03-31 14:38:46 | INFO | Already scraped, loading from disk: https://www.w3schools.com/html/html_images.asp
2026-03-31 14:38:47 | INFO | Already scraped, loading from disk: https://www.w3schools.com/html/html_images_imagemap.asp
2026-03-31 14:38:48 | INFO | Already scraped, loading from disk: https://www.w3schools.com/html/html_images_background.asp
2026-03-31 14:38:49 | INFO | Already scraped, loading from disk: https://www.w3schools.com/html/html_images_picture.asp
2026-03-31 14:38:50 | INFO | Already scraped, loading from disk: https://www.w3schools.com/html/html_challenges_images.asp
2026-03-31 14:38:52 | INFO | Already scraped, loading from disk: https://www.w3schools.com/html/html_favicon.asp
2026-03-31 14:38:53 | INFO | Already scraped, loading from disk: https://www.w3schools.com/html/html_page_title.asp
2026-03-31 14:38:54 | INFO | Already scraped, loading from disk: https://www.w3schools.com/html/html_tables.asp
2026-03-31 14:38:55 | INFO | Already scraped, loading from disk: https://www.w3schools.com/html/html_table_borders.asp
2026-03-31 14:38:56 | INFO | Already scraped, loading from disk: https://www.w3schools.com/html/html_table_sizes.asp
2026-03-31 14:38:58 | INFO | Already scraped, loading from disk: https://www.w3schools.com/html/html_table_headers.asp
2026-03-31 14:38:59 | INFO | Already scraped, loading from disk: https://www.w3schools.com/html/html_table_padding_spacing.asp
2026-03-31 14:39:00 | INFO | Already scraped, loading from disk: https://www.w3schools.com/html/html_table_colspan_rowspan.asp
2026-03-31 14:39:01 | INFO | Already scraped, loading from disk: https://www.w3schools.com/html/html_table_styling.asp
2026-03-31 14:39:02 | INFO | Already scraped, loading from disk: https://www.w3schools.com/html/html_table_colgroup.asp
2026-03-31 14:39:03 | INFO | Already scraped, loading from disk: https://www.w3schools.com/html/html_challenges_tables.asp
2026-03-31 14:39:04 | INFO | Already scraped, loading from disk: https://www.w3schools.com/html/html_lists.asp
2026-03-31 14:39:06 | INFO | Already scraped, loading from disk: https://www.w3schools.com/html/html_lists_unordered.asp
2026-03-31 14:39:07 | INFO | Already scraped, loading from disk: https://www.w3schools.com/html/html_lists_ordered.asp
2026-03-31 14:39:08 | INFO | Already scraped, loading from disk: https://www.w3schools.com/html/html_lists_other.asp
2026-03-31 14:39:09 | INFO | Already scraped, loading from disk: https://www.w3schools.com/html/html_challenges_lists.asp
2026-03-31 14:39:10 | INFO | Already scraped, loading from disk: https://www.w3schools.com/html/html_blocks.asp
2026-03-31 14:39:11 | INFO | Already scraped, loading from disk: https://www.w3schools.com/html/html_challenges_blocks.asp
2026-03-31 14:39:12 | INFO | Already scraped, loading from disk: https://www.w3schools.com/html/html_div.asp
2026-03-31 14:39:14 | INFO | Already scraped, loading from disk: https://www.w3schools.com/html/html_challenges_div.asp
2026-03-31 14:39:15 | INFO | Already scraped, loading from disk: https://www.w3schools.com/html/html_classes.asp
2026-03-31 14:39:16 | INFO | Already scraped, loading from disk: https://www.w3schools.com/html/html_challenges_classes.asp
2026-03-31 14:39:17 | INFO | Already scraped, loading from disk: https://www.w3schools.com/html/html_id.asp
2026-03-31 14:39:18 | INFO | Already scraped, loading from disk: https://www.w3schools.com/html/html_challenges_id.asp
2026-03-31 14:39:20 | INFO | Already scraped, loading from disk: https://www.w3schools.com/html/html_buttons.asp
2026-03-31 14:39:21 | INFO | Already scraped, loading from disk: https://www.w3schools.com/html/html_challenges_buttons.asp
2026-03-31 14:39:22 | INFO | Already scraped, loading from disk: https://www.w3schools.com/html/html_iframe.asp
2026-03-31 14:39:23 | INFO | Already scraped, loading from disk: https://www.w3schools.com/html/html_challenges_iframes.asp
2026-03-31 14:39:25 | INFO | Already scraped, loading from disk: https://www.w3schools.com/html/html_scripts.asp
2026-03-31 14:39:26 | INFO | Already scraped, loading from disk: https://www.w3schools.com/html/html_challenges_scripts.asp
2026-03-31 14:39:27 | INFO | Already scraped, loading from disk: https://www.w3schools.com/html/html_filepaths.asp
2026-03-31 14:39:28 | INFO | Already scraped, loading from disk: https://www.w3schools.com/html/html_challenges_filepaths.asp
2026-03-31 14:39:29 | INFO | Already scraped, loading from disk: https://www.w3schools.com/html/html_head.asp
2026-03-31 14:39:30 | INFO | Already scraped, loading from disk: https://www.w3schools.com/html/html_challenges_head.asp
2026-03-31 14:39:31 | INFO | Already scraped, loading from disk: https://www.w3schools.com/html/html_layout.asp
2026-03-31 14:39:33 | INFO | Already scraped, loading from disk: https://www.w3schools.com/html/html_challenges_layout.asp
2026-03-31 14:39:33 | INFO | Already scraped, loading from disk: https://www.w3schools.com/html/html_responsive.asp
2026-03-31 14:39:34 | INFO | Already scraped, loading from disk: https://www.w3schools.com/html/html_challenges_responsive.asp
2026-03-31 14:39:36 | INFO | Already scraped, loading from disk: https://www.w3schools.com/html/html_computercode_elements.asp
2026-03-31 14:39:37 | INFO | Already scraped, loading from disk: https://www.w3schools.com/html/html_challenges_computercode.asp
2026-03-31 14:39:38 | INFO | Already scraped, loading from disk: https://www.w3schools.com/html/html_challenges_semantics.asp
2026-03-31 14:39:39 | INFO | Already scraped, loading from disk: https://www.w3schools.com/html/html_entities.asp
2026-03-31 14:39:40 | INFO | Already scraped, loading from disk: https://www.w3schools.com/html/html_challenges_entities.asp
2026-03-31 14:39:41 | INFO | Already scraped, loading from disk: https://www.w3schools.com/html/html_symbols.asp
2026-03-31 14:39:42 | INFO | Already scraped, loading from disk: https://www.w3schools.com/html/html_emojis.asp
2026-03-31 14:39:44 | INFO | Already scraped, loading from disk: https://www.w3schools.com/html/html_charset.asp
2026-03-31 14:39:45 | INFO | Already scraped, loading from disk: https://www.w3schools.com/html/html_urlencode.asp
2026-03-31 14:39:46 | INFO | Already scraped, loading from disk: https://www.w3schools.com/html/html_xhtml.asp
2026-03-31 14:39:47 | INFO | Already scraped, loading from disk: https://www.w3schools.com/html/html_forms.asp
2026-03-31 14:39:48 | INFO | Already scraped, loading from disk: https://www.w3schools.com/html/html_challenges_forms.asp
2026-03-31 14:39:49 | INFO | Already scraped, loading from disk: https://www.w3schools.com/html/html_forms_attributes.asp
2026-03-31 14:39:51 | INFO | Already scraped, loading from disk: https://www.w3schools.com/html/html_form_elements.asp
2026-03-31 14:39:52 | INFO | Already scraped, loading from disk: https://www.w3schools.com/html/html_challenges_form_elements.asp
2026-03-31 14:39:53 | INFO | Already scraped, loading from disk: https://www.w3schools.com/html/html_form_input_types.asp
2026-03-31 14:39:54 | INFO | Already scraped, loading from disk: https://www.w3schools.com/html/html_challenges_input_types.asp
2026-03-31 14:39:55 | INFO | Already scraped, loading from disk: https://www.w3schools.com/html/html_form_attributes.asp
2026-03-31 14:39:56 | INFO | Already scraped, loading from disk: https://www.w3schools.com/html/html_form_attributes_form.asp
2026-03-31 14:39:57 | INFO | Already scraped, loading from disk: https://www.w3schools.com/html/html_challenges_canvas.asp
2026-03-31 14:39:58 | INFO | Already scraped, loading from disk: https://www.w3schools.com/html/html_challenges_svg.asp
2026-03-31 14:40:00 | INFO | Already scraped, loading from disk: https://www.w3schools.com/html/html_media.asp
2026-03-31 14:40:01 | INFO | Already scraped, loading from disk: https://www.w3schools.com/html/html_challenges_video.asp
2026-03-31 14:40:02 | INFO | Already scraped, loading from disk: https://www.w3schools.com/html/html_challenges_audio.asp
2026-03-31 14:40:03 | INFO | Already scraped, loading from disk: https://www.w3schools.com/html/html_object.asp
2026-03-31 14:40:04 | INFO | Already scraped, loading from disk: https://www.w3schools.com/html/html_youtube.asp
2026-03-31 14:40:05 | INFO | Already scraped, loading from disk: https://www.w3schools.com/html/html_examples.asp
2026-03-31 14:40:06 | INFO | Already scraped, loading from disk: https://www.w3schools.com/html/html_editor.asp
2026-03-31 14:40:07 | INFO | Already scraped, loading from disk: https://www.w3schools.com/html/html_website.asp
2026-03-31 14:40:08 | INFO | Already scraped, loading from disk: https://www.w3schools.com/html/html_syllabus.asp
2026-03-31 14:40:10 | INFO | Already scraped, loading from disk: https://www.w3schools.com/html/html_study_plan.asp
2026-03-31 14:40:11 | INFO | Already scraped, loading from disk: https://www.w3schools.com/html/html_interview_prep.asp
2026-03-31 14:40:11 | INFO | Already scraped, loading from disk: https://www.w3schools.com/html/html_exam.asp
2026-03-31 14:40:13 | INFO | Already scraped, loading from disk: https://www.w3schools.com/html/html_summary.asp
2026-03-31 14:40:14 | INFO | Already scraped, loading from disk: https://www.w3schools.com/html/html_accessibility.asp
2026-03-31 14:40:15 | INFO | Already scraped, loading from disk: https://www.w3schools.com/css/css_examples.asp
2026-03-31 14:40:16 | INFO | Already scraped, loading from disk: https://www.w3schools.com/js/js_examples.asp
2026-03-31 14:40:17 | INFO | Already scraped, loading from disk: https://www.w3schools.com/sql/sql_examples.asp
2026-03-31 14:40:18 | INFO | Already scraped, loading from disk: https://www.w3schools.com/python/python_examples.asp
2026-03-31 14:40:19 | INFO | Already scraped, loading from disk: https://www.w3schools.com/css/css_intro.asp
2026-03-31 14:40:20 | INFO | Already scraped, loading from disk: https://www.w3schools.com/css/css_syntax.asp
2026-03-31 14:40:21 | INFO | Already scraped, loading from disk: https://www.w3schools.com/css/css_selectors.asp
2026-03-31 14:40:22 | INFO | Already scraped, loading from disk: https://www.w3schools.com/css/css_selectors_grouping.asp
2026-03-31 14:40:23 | INFO | Already scraped, loading from disk: https://www.w3schools.com/css/css_challenges_selectors.asp
2026-03-31 14:40:24 | INFO | Already scraped, loading from disk: https://www.w3schools.com/css/css_howto.asp
2026-03-31 14:40:26 | INFO | Already scraped, loading from disk: https://www.w3schools.com/css/css_howto_internal.asp
2026-03-31 14:40:27 | INFO | Already scraped, loading from disk: https://www.w3schools.com/css/css_howto_inline.asp
2026-03-31 14:40:28 | INFO | Already scraped, loading from disk: https://www.w3schools.com/css/css_howto_multiple_cascade.asp
2026-03-31 14:40:29 | INFO | Already scraped, loading from disk: https://www.w3schools.com/css/css_challenges_howto.asp
2026-03-31 14:40:30 | INFO | Already scraped, loading from disk: https://www.w3schools.com/css/css_comments.asp
2026-03-31 14:40:31 | INFO | Already scraped, loading from disk: https://www.w3schools.com/css/css_errors.asp
2026-03-31 14:40:32 | INFO | Already scraped, loading from disk: https://www.w3schools.com/css/css_colors.asp
2026-03-31 14:40:34 | INFO | Already scraped, loading from disk: https://www.w3schools.com/css/css_colors_rgb.asp
2026-03-31 14:40:34 | INFO | Already scraped, loading from disk: https://www.w3schools.com/css/css_colors_hex.asp
2026-03-31 14:40:36 | INFO | Already scraped, loading from disk: https://www.w3schools.com/css/css_colors_hsl.asp
2026-03-31 14:40:37 | INFO | Already scraped, loading from disk: https://www.w3schools.com/css/css_challenges_colors.asp
2026-03-31 14:40:38 | INFO | Already scraped, loading from disk: https://www.w3schools.com/css/css_background.asp
2026-03-31 14:40:39 | INFO | Already scraped, loading from disk: https://www.w3schools.com/css/css_background_image.asp
2026-03-31 14:40:40 | INFO | Already scraped, loading from disk: https://www.w3schools.com/css/css_background_repeat.asp
2026-03-31 14:40:41 | INFO | Already scraped, loading from disk: https://www.w3schools.com/css/css_background_attachment.asp
2026-03-31 14:40:43 | INFO | Already scraped, loading from disk: https://www.w3schools.com/css/css_background_shorthand.asp
2026-03-31 14:40:44 | INFO | Already scraped, loading from disk: https://www.w3schools.com/css/css_challenges_background.asp
2026-03-31 14:40:45 | INFO | Already scraped, loading from disk: https://www.w3schools.com/css/css_border.asp
2026-03-31 14:40:46 | INFO | Already scraped, loading from disk: https://www.w3schools.com/css/css_border_width.asp
2026-03-31 14:40:47 | INFO | Already scraped, loading from disk: https://www.w3schools.com/css/css_border_color.asp
2026-03-31 14:40:48 | INFO | Already scraped, loading from disk: https://www.w3schools.com/css/css_border_sides.asp
2026-03-31 14:40:50 | INFO | Already scraped, loading from disk: https://www.w3schools.com/css/css_border_shorthand.asp
2026-03-31 14:40:51 | INFO | Already scraped, loading from disk: https://www.w3schools.com/css/css_border_rounded.asp
2026-03-31 14:40:52 | INFO | Already scraped, loading from disk: https://www.w3schools.com/css/css_challenges_border.asp
2026-03-31 14:40:53 | INFO | Already scraped, loading from disk: https://www.w3schools.com/css/css_margin.asp
2026-03-31 14:40:54 | INFO | Already scraped, loading from disk: https://www.w3schools.com/css/css_margin_collapse.asp
2026-03-31 14:40:55 | INFO | Already scraped, loading from disk: https://www.w3schools.com/css/css_challenges_margin.asp
2026-03-31 14:40:56 | INFO | Already scraped, loading from disk: https://www.w3schools.com/css/css_padding.asp
2026-03-31 14:40:57 | INFO | Already scraped, loading from disk: https://www.w3schools.com/css/css_padding_box-sizing.asp
2026-03-31 14:40:58 | INFO | Already scraped, loading from disk: https://www.w3schools.com/css/css_challenges_padding.asp
2026-03-31 14:40:59 | INFO | Already scraped, loading from disk: https://www.w3schools.com/css/css_height_width.asp
2026-03-31 14:41:00 | INFO | Already scraped, loading from disk: https://www.w3schools.com/css/css_height_width_min_max.asp
2026-03-31 14:41:01 | INFO | Already scraped, loading from disk: https://www.w3schools.com/css/css_challenges_height_width.asp
2026-03-31 14:41:03 | INFO | Already scraped, loading from disk: https://www.w3schools.com/css/css_boxmodel.asp
2026-03-31 14:41:04 | INFO | Already scraped, loading from disk: https://www.w3schools.com/css/css_challenges_boxmodel.asp
2026-03-31 14:41:05 | INFO | Already scraped, loading from disk: https://www.w3schools.com/css/css_outline.asp
2026-03-31 14:41:06 | INFO | Already scraped, loading from disk: https://www.w3schools.com/css/css_outline_width.asp
2026-03-31 14:41:07 | INFO | Already scraped, loading from disk: https://www.w3schools.com/css/css_outline_color.asp
2026-03-31 14:41:08 | INFO | Already scraped, loading from disk: https://www.w3schools.com/css/css_outline_shorthand.asp
2026-03-31 14:41:09 | INFO | Already scraped, loading from disk: https://www.w3schools.com/css/css_outline_offset.asp
2026-03-31 14:41:10 | INFO | Already scraped, loading from disk: https://www.w3schools.com/css/css_challenges_outline.asp
2026-03-31 14:41:11 | INFO | Already scraped, loading from disk: https://www.w3schools.com/css/css_text.asp
2026-03-31 14:41:12 | INFO | Already scraped, loading from disk: https://www.w3schools.com/css/css_text_align.asp
2026-03-31 14:41:13 | INFO | Already scraped, loading from disk: https://www.w3schools.com/css/css_text_decoration.asp
2026-03-31 14:41:14 | INFO | Already scraped, loading from disk: https://www.w3schools.com/css/css_text_decoration_styles.asp
2026-03-31 14:41:15 | INFO | Already scraped, loading from disk: https://www.w3schools.com/css/css_text_transformation.asp
2026-03-31 14:41:17 | INFO | Already scraped, loading from disk: https://www.w3schools.com/css/css_text_spacing.asp
2026-03-31 14:41:18 | INFO | Already scraped, loading from disk: https://www.w3schools.com/css/css_text_shadow.asp
2026-03-31 14:41:19 | INFO | Already scraped, loading from disk: https://www.w3schools.com/css/css_challenges_text.asp
2026-03-31 14:41:20 | INFO | Already scraped, loading from disk: https://www.w3schools.com/css/css_font.asp
2026-03-31 14:41:21 | INFO | Already scraped, loading from disk: https://www.w3schools.com/css/css_font_websafe.asp
2026-03-31 14:41:22 | INFO | Already scraped, loading from disk: https://www.w3schools.com/css/css_font_fallbacks.asp
2026-03-31 14:41:23 | INFO | Already scraped, loading from disk: https://www.w3schools.com/css/css_font_style.asp
2026-03-31 14:41:24 | INFO | Already scraped, loading from disk: https://www.w3schools.com/css/css_font_size.asp
2026-03-31 14:41:25 | INFO | Already scraped, loading from disk: https://www.w3schools.com/css/css_font_google.asp
2026-03-31 14:41:26 | INFO | Already scraped, loading from disk: https://www.w3schools.com/css/css_font_pairings.asp
2026-03-31 14:41:27 | INFO | Already scraped, loading from disk: https://www.w3schools.com/css/css_font_shorthand.asp
2026-03-31 14:41:28 | INFO | Already scraped, loading from disk: https://www.w3schools.com/css/css_challenges_font.asp
2026-03-31 14:41:29 | INFO | Already scraped, loading from disk: https://www.w3schools.com/css/css_icons.asp
2026-03-31 14:41:30 | INFO | Already scraped, loading from disk: https://www.w3schools.com/css/css_icons_bootstrap.asp
2026-03-31 14:41:32 | INFO | Already scraped, loading from disk: https://www.w3schools.com/css/css_icons_google.asp
2026-03-31 14:41:32 | INFO | Already scraped, loading from disk: https://www.w3schools.com/css/css_challenges_icons.asp
2026-03-31 14:41:34 | INFO | Already scraped, loading from disk: https://www.w3schools.com/css/css_link.asp
2026-03-31 14:41:35 | INFO | Already scraped, loading from disk: https://www.w3schools.com/css/css_link_buttons.asp
2026-03-31 14:41:36 | INFO | Already scraped, loading from disk: https://www.w3schools.com/css/css_challenges_link.asp
2026-03-31 14:41:37 | INFO | Already scraped, loading from disk: https://www.w3schools.com/css/css_list.asp
2026-03-31 14:41:38 | INFO | Already scraped, loading from disk: https://www.w3schools.com/css/css_challenges_list.asp
2026-03-31 14:41:39 | INFO | Already scraped, loading from disk: https://www.w3schools.com/css/css_table.asp
2026-03-31 14:41:40 | INFO | Already scraped, loading from disk: https://www.w3schools.com/css/css_table_size.asp
2026-03-31 14:41:42 | INFO | Already scraped, loading from disk: https://www.w3schools.com/css/css_table_align.asp
2026-03-31 14:41:43 | INFO | Already scraped, loading from disk: https://www.w3schools.com/css/css_table_style.asp
2026-03-31 14:41:44 | INFO | Already scraped, loading from disk: https://www.w3schools.com/css/css_table_responsive.asp
2026-03-31 14:41:45 | INFO | Already scraped, loading from disk: https://www.w3schools.com/css/css_challenges_table.asp
2026-03-31 14:41:46 | INFO | Already scraped, loading from disk: https://www.w3schools.com/css/css_display.asp
2026-03-31 14:41:47 | INFO | Already scraped, loading from disk: https://www.w3schools.com/css/css_display_hide.asp
2026-03-31 14:41:48 | INFO | Already scraped, loading from disk: https://www.w3schools.com/css/css_challenges_display.asp
2026-03-31 14:41:49 | INFO | Already scraped, loading from disk: https://www.w3schools.com/css/css_max-width.asp
2026-03-31 14:41:50 | INFO | Already scraped, loading from disk: https://www.w3schools.com/css/css_challenges_max-width.asp
2026-03-31 14:41:51 | INFO | Already scraped, loading from disk: https://www.w3schools.com/css/css_position.asp
2026-03-31 14:41:53 | INFO | Already scraped, loading from disk: https://www.w3schools.com/css/css_positioning_fixed_absolute.asp
2026-03-31 14:41:53 | INFO | Already scraped, loading from disk: https://www.w3schools.com/css/css_positioning_sticky.asp
2026-03-31 14:41:55 | INFO | Already scraped, loading from disk: https://www.w3schools.com/css/css_challenges_position.asp
2026-03-31 14:41:56 | INFO | Already scraped, loading from disk: https://www.w3schools.com/css/css_position_offset.asp
2026-03-31 14:41:57 | INFO | Already scraped, loading from disk: https://www.w3schools.com/css/css_challenges_position_offset.asp
2026-03-31 14:41:58 | INFO | Already scraped, loading from disk: https://www.w3schools.com/css/css_z-index.asp
2026-03-31 14:41:59 | INFO | Already scraped, loading from disk: https://www.w3schools.com/css/css_challenges_z-index.asp
2026-03-31 14:42:00 | INFO | Already scraped, loading from disk: https://www.w3schools.com/css/css_overflow.asp
2026-03-31 14:42:01 | INFO | Already scraped, loading from disk: https://www.w3schools.com/css/css_overflow_xy.asp
2026-03-31 14:42:03 | INFO | Already scraped, loading from disk: https://www.w3schools.com/css/css_challenges_overflow.asp
2026-03-31 14:42:04 | INFO | Already scraped, loading from disk: https://www.w3schools.com/css/css_float.asp
2026-03-31 14:42:05 | INFO | Already scraped, loading from disk: https://www.w3schools.com/css/css_float_clear.asp
2026-03-31 14:42:06 | INFO | Already scraped, loading from disk: https://www.w3schools.com/css/css_float_examples.asp
2026-03-31 14:42:07 | INFO | Already scraped, loading from disk: https://www.w3schools.com/css/css_challenges_float.asp
2026-03-31 14:42:08 | INFO | Already scraped, loading from disk: https://www.w3schools.com/css/css_inline-block.asp
2026-03-31 14:42:09 | INFO | Already scraped, loading from disk: https://www.w3schools.com/css/css_challenges_inline-block.asp
2026-03-31 14:42:10 | INFO | Already scraped, loading from disk: https://www.w3schools.com/css/css_align.asp
2026-03-31 14:42:12 | INFO | Already scraped, loading from disk: https://www.w3schools.com/css/css_align_horizontal.asp
2026-03-31 14:42:13 | INFO | Already scraped, loading from disk: https://www.w3schools.com/css/css_align_vertical.asp
2026-03-31 14:42:14 | INFO | Already scraped, loading from disk: https://www.w3schools.com/css/css_challenges_align.asp
2026-03-31 14:42:15 | INFO | Already scraped, loading from disk: https://www.w3schools.com/css/css_combinators.asp
2026-03-31 14:42:16 | INFO | Already scraped, loading from disk: https://www.w3schools.com/css/css_challenges_combinators.asp
2026-03-31 14:42:17 | INFO | Already scraped, loading from disk: https://www.w3schools.com/css/css_pseudo_classes.asp
2026-03-31 14:42:18 | INFO | Already scraped, loading from disk: https://www.w3schools.com/css/css_pseudo_classes_interactive.asp
2026-03-31 14:42:20 | INFO | Already scraped, loading from disk: https://www.w3schools.com/css/css_pseudo_classes_structural.asp
2026-03-31 14:42:21 | INFO | Already scraped, loading from disk: https://www.w3schools.com/css/css_challenges_pseudo_classes.asp
2026-03-31 14:42:22 | INFO | Already scraped, loading from disk: https://www.w3schools.com/css/css_pseudo_elements.asp
2026-03-31 14:42:23 | INFO | Already scraped, loading from disk: https://www.w3schools.com/css/css_pseudo_elements_text.asp
2026-03-31 14:42:24 | INFO | Already scraped, loading from disk: https://www.w3schools.com/css/css_pseudo_elements_content.asp
2026-03-31 14:42:26 | INFO | Already scraped, loading from disk: https://www.w3schools.com/css/css_challenges_pseudo_elements.asp
2026-03-31 14:42:27 | INFO | Already scraped, loading from disk: https://www.w3schools.com/css/css_image_transparency.asp
2026-03-31 14:42:28 | INFO | Already scraped, loading from disk: https://www.w3schools.com/css/css_challenges_image_transparency.asp
2026-03-31 14:42:29 | INFO | Already scraped, loading from disk: https://www.w3schools.com/css/css_navbar.asp
2026-03-31 14:42:31 | INFO | Already scraped, loading from disk: https://www.w3schools.com/css/css_navbar_vertical.asp
2026-03-31 14:42:32 | INFO | Already scraped, loading from disk: https://www.w3schools.com/css/css_navbar_horizontal.asp
2026-03-31 14:42:33 | INFO | Already scraped, loading from disk: https://www.w3schools.com/css/css_challenges_navbar.asp
2026-03-31 14:42:34 | INFO | Already scraped, loading from disk: https://www.w3schools.com/css/css_dropdowns.asp
2026-03-31 14:42:35 | INFO | Already scraped, loading from disk: https://www.w3schools.com/css/css_dropdowns_advanced.asp
2026-03-31 14:42:36 | INFO | Already scraped, loading from disk: https://www.w3schools.com/css/css_challenges_dropdowns.asp
2026-03-31 14:42:38 | INFO | Already scraped, loading from disk: https://www.w3schools.com/css/css_image_gallery.asp
2026-03-31 14:42:39 | INFO | Already scraped, loading from disk: https://www.w3schools.com/css/css_challenges_image_gallery.asp
2026-03-31 14:42:40 | INFO | Already scraped, loading from disk: https://www.w3schools.com/css/css_image_sprites.asp
2026-03-31 14:42:41 | INFO | Already scraped, loading from disk: https://www.w3schools.com/css/css_challenges_image_sprites.asp
2026-03-31 14:42:42 | INFO | Already scraped, loading from disk: https://www.w3schools.com/css/css_attribute_selectors.asp
2026-03-31 14:42:43 | INFO | Already scraped, loading from disk: https://www.w3schools.com/css/css_attribute_selectors_advanced.asp
2026-03-31 14:42:44 | INFO | Already scraped, loading from disk: https://www.w3schools.com/css/css_challenges_attribute_selectors.asp
2026-03-31 14:42:46 | INFO | Already scraped, loading from disk: https://www.w3schools.com/css/css_forms.asp
2026-03-31 14:42:47 | INFO | Already scraped, loading from disk: https://www.w3schools.com/css/css_form_inputs.asp
2026-03-31 14:42:48 | INFO | Already scraped, loading from disk: https://www.w3schools.com/css/css_form_focus.asp
2026-03-31 14:42:49 | INFO | Already scraped, loading from disk: https://www.w3schools.com/css/css_form_elements.asp
2026-03-31 14:42:50 | INFO | Already scraped, loading from disk: https://www.w3schools.com/css/css_challenges_form_styling.asp
2026-03-31 14:42:52 | INFO | Already scraped, loading from disk: https://www.w3schools.com/css/css_counters.asp
2026-03-31 14:42:53 | INFO | Already scraped, loading from disk: https://www.w3schools.com/css/css_counters_nested.asp
2026-03-31 14:42:54 | INFO | Already scraped, loading from disk: https://www.w3schools.com/css/css_challenges_counters.asp
2026-03-31 14:42:55 | INFO | Already scraped, loading from disk: https://www.w3schools.com/css/css_units.asp
2026-03-31 14:42:56 | INFO | Already scraped, loading from disk: https://www.w3schools.com/css/css_units_absolute.asp
2026-03-31 14:42:57 | INFO | Already scraped, loading from disk: https://www.w3schools.com/css/css_units_relative.asp
2026-03-31 14:42:58 | INFO | Already scraped, loading from disk: https://www.w3schools.com/css/css_challenges_units.asp
2026-03-31 14:42:59 | INFO | Already scraped, loading from disk: https://www.w3schools.com/css/css_inheritance.asp
2026-03-31 14:43:00 | DEBUG | Starting new HTTPS connection (1): www.w3schools.com:443
2026-03-31 14:43:02 | DEBUG | https://www.w3schools.com:443 "GET /css/css_challenges_inheritance.asp HTTP/1.1" 200 46321
2026-03-31 14:43:03 | DEBUG | Starting new HTTPS connection (1): www.w3schools.com:443
2026-03-31 14:43:04 | DEBUG | https://www.w3schools.com:443 "GET /css/css_specificity.asp HTTP/1.1" 200 43178
2026-03-31 14:43:05 | DEBUG | Starting new HTTPS connection (1): www.w3schools.com:443
2026-03-31 14:43:06 | DEBUG | https://www.w3schools.com:443 "GET /css/css_specificity_hierarchy.asp HTTP/1.1" 200 43798
2026-03-31 14:43:07 | DEBUG | Starting new HTTPS connection (1): www.w3schools.com:443
2026-03-31 14:43:09 | DEBUG | https://www.w3schools.com:443 "GET /css/css_challenges_specificity.asp HTTP/1.1" 200 46322
2026-03-31 14:43:10 | DEBUG | Starting new HTTPS connection (1): www.w3schools.com:443
2026-03-31 14:43:12 | DEBUG | https://www.w3schools.com:443 "GET /css/css_important.asp HTTP/1.1" 200 44165
2026-03-31 14:43:13 | DEBUG | Starting new HTTPS connection (1): www.w3schools.com:443
2026-03-31 14:43:15 | DEBUG | https://www.w3schools.com:443 "GET /css/css_challenges_important.asp HTTP/1.1" 200 46314
2026-03-31 14:43:17 | DEBUG | Starting new HTTPS connection (1): www.w3schools.com:443
2026-03-31 14:43:18 | DEBUG | https://www.w3schools.com:443 "GET /css/css_math_functions.asp HTTP/1.1" 200 43812
2026-03-31 14:43:19 | DEBUG | Starting new HTTPS connection (1): www.w3schools.com:443
2026-03-31 14:43:21 | DEBUG | https://www.w3schools.com:443 "GET /css/css_challenges_math_functions.asp HTTP/1.1" 200 46323
2026-03-31 14:43:22 | DEBUG | Starting new HTTPS connection (1): www.w3schools.com:443
2026-03-31 14:43:24 | DEBUG | https://www.w3schools.com:443 "GET /css/css_performance.asp HTTP/1.1" 200 43802
2026-03-31 14:43:25 | DEBUG | Starting new HTTPS connection (1): www.w3schools.com:443
2026-03-31 14:43:27 | DEBUG | https://www.w3schools.com:443 "GET /css/css_challenges_performance.asp HTTP/1.1" 200 46314
2026-03-31 14:43:28 | DEBUG | Starting new HTTPS connection (1): www.w3schools.com:443
2026-03-31 14:43:30 | DEBUG | https://www.w3schools.com:443 "GET /css/css_accessibility.asp HTTP/1.1" 200 44004
2026-03-31 14:43:32 | DEBUG | Starting new HTTPS connection (1): www.w3schools.com:443
2026-03-31 14:43:33 | DEBUG | https://www.w3schools.com:443 "GET /css/css_challenges_accessibility.asp HTTP/1.1" 200 46323
2026-03-31 14:43:34 | DEBUG | Starting new HTTPS connection (1): www.w3schools.com:443
2026-03-31 14:43:36 | DEBUG | https://www.w3schools.com:443 "GET /css/css_website_layout.asp HTTP/1.1" 200 44565
2026-03-31 14:43:37 | DEBUG | Starting new HTTPS connection (1): www.w3schools.com:443
2026-03-31 14:43:39 | DEBUG | https://www.w3schools.com:443 "GET /css/css_challenges_website_layout.asp HTTP/1.1" 200 46320
2026-03-31 14:43:40 | DEBUG | Starting new HTTPS connection (1): www.w3schools.com:443
2026-03-31 14:43:43 | DEBUG | https://www.w3schools.com:443 "GET /css/css_challenges_css3_rounded_corners.asp HTTP/1.1" 200 46329
2026-03-31 14:43:44 | DEBUG | Starting new HTTPS connection (1): www.w3schools.com:443
2026-03-31 14:43:47 | DEBUG | https://www.w3schools.com:443 "GET /css/css_challenges_css3_border_images.asp HTTP/1.1" 200 46324
2026-03-31 14:43:48 | DEBUG | Starting new HTTPS connection (1): www.w3schools.com:443
2026-03-31 14:43:50 | DEBUG | https://www.w3schools.com:443 "GET /css/css_challenges_css3_backgrounds.asp HTTP/1.1" 200 46323
2026-03-31 14:43:52 | DEBUG | Starting new HTTPS connection (1): www.w3schools.com:443
2026-03-31 14:43:55 | DEBUG | https://www.w3schools.com:443 "GET /css/css_colors_keywords.asp HTTP/1.1" 200 43485
2026-03-31 14:43:56 | DEBUG | Starting new HTTPS connection (1): www.w3schools.com:443
2026-03-31 14:43:59 | DEBUG | https://www.w3schools.com:443 "GET /css/css_challenges_css3_colors.asp HTTP/1.1" 200 46331
2026-03-31 14:44:00 | DEBUG | Starting new HTTPS connection (1): www.w3schools.com:443
2026-03-31 14:44:02 | DEBUG | https://www.w3schools.com:443 "GET /css/css_challenges_css3_gradients.asp HTTP/1.1" 200 46325
2026-03-31 14:44:03 | DEBUG | Starting new HTTPS connection (1): www.w3schools.com:443
2026-03-31 14:44:05 | DEBUG | https://www.w3schools.com:443 "GET /css/css_challenges_css3_shadows.asp HTTP/1.1" 200 46322
2026-03-31 14:44:07 | DEBUG | Starting new HTTPS connection (1): www.w3schools.com:443
2026-03-31 14:44:09 | DEBUG | https://www.w3schools.com:443 "GET /css/css_challenges_css3_text_effects.asp HTTP/1.1" 200 46321
2026-03-31 14:44:10 | DEBUG | Starting new HTTPS connection (1): www.w3schools.com:443
2026-03-31 14:44:13 | DEBUG | https://www.w3schools.com:443 "GET /css/css_challenges_css3_fonts.asp HTTP/1.1" 200 46319
2026-03-31 14:44:14 | DEBUG | Starting new HTTPS connection (1): www.w3schools.com:443
2026-03-31 14:44:16 | DEBUG | https://www.w3schools.com:443 "GET /css/css_challenges_css3_transforms.asp HTTP/1.1" 200 46325
2026-03-31 14:44:18 | DEBUG | Starting new HTTPS connection (1): www.w3schools.com:443
2026-03-31 14:44:19 | DEBUG | https://www.w3schools.com:443 "GET /css/css_challenges_css3_3dtransforms.asp HTTP/1.1" 200 46321
2026-03-31 14:44:21 | DEBUG | Starting new HTTPS connection (1): www.w3schools.com:443
2026-03-31 14:44:24 | DEBUG | https://www.w3schools.com:443 "GET /css/css_challenges_css3_transitions.asp HTTP/1.1" 200 46322
2026-03-31 14:44:25 | DEBUG | Starting new HTTPS connection (1): www.w3schools.com:443
2026-03-31 14:44:28 | DEBUG | https://www.w3schools.com:443 "GET /css/css_challenges_css3_animations.asp HTTP/1.1" 200 46320
2026-03-31 14:44:29 | DEBUG | Starting new HTTPS connection (1): www.w3schools.com:443
2026-03-31 14:44:32 | DEBUG | https://www.w3schools.com:443 "GET /css/css_tooltip.asp HTTP/1.1" 200 44858
2026-03-31 14:44:34 | DEBUG | Starting new HTTPS connection (1): www.w3schools.com:443
2026-03-31 14:44:36 | DEBUG | https://www.w3schools.com:443 "GET /css/css_tooltip_arrows.asp HTTP/1.1" 200 43802
2026-03-31 14:44:38 | DEBUG | Starting new HTTPS connection (1): www.w3schools.com:443
2026-03-31 14:44:40 | DEBUG | https://www.w3schools.com:443 "GET /css/css_challenges_css_tooltip.asp HTTP/1.1" 200 46313
2026-03-31 14:44:42 | DEBUG | Starting new HTTPS connection (1): www.w3schools.com:443
2026-03-31 14:44:45 | DEBUG | https://www.w3schools.com:443 "GET /css/css_challenges_css3_images.asp HTTP/1.1" 200 46322
2026-03-31 14:44:46 | DEBUG | Starting new HTTPS connection (1): www.w3schools.com:443
2026-03-31 14:44:49 | DEBUG | https://www.w3schools.com:443 "GET /css/css_challenges_imagemodal.asp HTTP/1.1" 200 46323
2026-03-31 14:44:51 | DEBUG | Starting new HTTPS connection (1): www.w3schools.com:443
2026-03-31 14:44:54 | DEBUG | https://www.w3schools.com:443 "GET /css/css_challenges_imagecenter.asp HTTP/1.1" 200 46323
2026-03-31 14:44:55 | DEBUG | Starting new HTTPS connection (1): www.w3schools.com:443
2026-03-31 14:44:58 | DEBUG | https://www.w3schools.com:443 "GET /css/css_challenges_imagefilters.asp HTTP/1.1" 200 46326
2026-03-31 14:45:00 | DEBUG | Starting new HTTPS connection (1): www.w3schools.com:443
2026-03-31 14:45:01 | DEBUG | https://www.w3schools.com:443 "GET /css/css_challenges_imageshapes.asp HTTP/1.1" 200 46323
2026-03-31 14:45:03 | DEBUG | Starting new HTTPS connection (1): www.w3schools.com:443
2026-03-31 14:45:05 | DEBUG | https://www.w3schools.com:443 "GET /css/css_challenges_objectfit.asp HTTP/1.1" 200 46316
2026-03-31 14:45:07 | DEBUG | Starting new HTTPS connection (1): www.w3schools.com:443
2026-03-31 14:45:09 | DEBUG | https://www.w3schools.com:443 "GET /css/css_challenges_objectposition.asp HTTP/1.1" 200 46319
2026-03-31 14:45:10 | DEBUG | Starting new HTTPS connection (1): www.w3schools.com:443
2026-03-31 14:45:12 | DEBUG | https://www.w3schools.com:443 "GET /css/css_challenges_css3_masking.asp HTTP/1.1" 200 46315
2026-03-31 14:45:14 | DEBUG | Starting new HTTPS connection (1): www.w3schools.com:443
2026-03-31 14:45:16 | DEBUG | https://www.w3schools.com:443 "GET /css/css_challenges_css3_buttons.asp HTTP/1.1" 200 46315
2026-03-31 14:45:18 | DEBUG | Starting new HTTPS connection (1): www.w3schools.com:443
2026-03-31 14:45:20 | DEBUG | https://www.w3schools.com:443 "GET /css/css_challenges_css3_pagination.asp HTTP/1.1" 200 46318
2026-03-31 14:45:21 | DEBUG | Starting new HTTPS connection (1): www.w3schools.com:443
2026-03-31 14:45:23 | DEBUG | https://www.w3schools.com:443 "GET /css/css_challenges_css3_columns.asp HTTP/1.1" 200 46319
2026-03-31 14:45:25 | DEBUG | Starting new HTTPS connection (1): www.w3schools.com:443
2026-03-31 14:45:27 | DEBUG | https://www.w3schools.com:443 "GET /css/css_challenges_css3_user_interface.asp HTTP/1.1" 200 46324
2026-03-31 14:45:29 | DEBUG | Starting new HTTPS connection (1): www.w3schools.com:443
2026-03-31 14:45:31 | DEBUG | https://www.w3schools.com:443 "GET /css/css_challenges_css3_variables.asp HTTP/1.1" 200 46317
2026-03-31 14:45:32 | DEBUG | Starting new HTTPS connection (1): www.w3schools.com:443
2026-03-31 14:45:34 | DEBUG | https://www.w3schools.com:443 "GET /css/css_challenges_css3_property.asp HTTP/1.1" 200 46313
2026-03-31 14:45:36 | DEBUG | Starting new HTTPS connection (1): www.w3schools.com:443
2026-03-31 14:45:38 | DEBUG | https://www.w3schools.com:443 "GET /css/css_challenges_css3_box-sizing.asp HTTP/1.1" 200 46315
2026-03-31 14:45:40 | DEBUG | Starting new HTTPS connection (1): www.w3schools.com:443
2026-03-31 14:45:43 | DEBUG | https://www.w3schools.com:443 "GET /css/css_challenges_css3_mediaqueries.asp HTTP/1.1" 200 46321
2026-03-31 14:45:44 | DEBUG | Starting new HTTPS connection (1): www.w3schools.com:443
2026-03-31 14:45:46 | DEBUG | https://www.w3schools.com:443 "GET /css/css_challenges_flexbox_intro.asp HTTP/1.1" 200 46330
2026-03-31 14:45:47 | DEBUG | Starting new HTTPS connection (1): www.w3schools.com:443
2026-03-31 14:45:49 | DEBUG | https://www.w3schools.com:443 "GET /css/css_challenges_flexbox_container.asp HTTP/1.1" 200 46323
2026-03-31 14:45:50 | DEBUG | Starting new HTTPS connection (1): www.w3schools.com:443
2026-03-31 14:45:52 | DEBUG | https://www.w3schools.com:443 "GET /css/css_challenges_flexbox_items.asp HTTP/1.1" 200 46322
2026-03-31 14:45:53 | DEBUG | Starting new HTTPS connection (1): www.w3schools.com:443
2026-03-31 14:45:55 | DEBUG | https://www.w3schools.com:443 "GET /css/css_challenges_flexbox_responsive.asp HTTP/1.1" 200 46332
2026-03-31 14:45:56 | DEBUG | Starting new HTTPS connection (1): www.w3schools.com:443
2026-03-31 14:45:58 | DEBUG | https://www.w3schools.com:443 "GET /css/css_grid.asp HTTP/1.1" 200 44617
2026-03-31 14:45:59 | DEBUG | Starting new HTTPS connection (1): www.w3schools.com:443
2026-03-31 14:46:01 | DEBUG | https://www.w3schools.com:443 "GET /css/css_challenges_grid_intro.asp HTTP/1.1" 200 46326
2026-03-31 14:46:02 | DEBUG | Starting new HTTPS connection (1): www.w3schools.com:443
2026-03-31 14:46:04 | DEBUG | https://www.w3schools.com:443 "GET /css/css_grid_container.asp HTTP/1.1" 200 43614
2026-03-31 14:46:06 | DEBUG | Starting new HTTPS connection (1): www.w3schools.com:443
2026-03-31 14:46:07 | DEBUG | https://www.w3schools.com:443 "GET /css/css_grid_tracks.asp HTTP/1.1" 200 44067
2026-03-31 14:46:09 | DEBUG | Starting new HTTPS connection (1): www.w3schools.com:443
2026-03-31 14:46:11 | DEBUG | https://www.w3schools.com:443 "GET /css/css_grid_gap.asp HTTP/1.1" 200 43539
2026-03-31 14:46:13 | DEBUG | Starting new HTTPS connection (1): www.w3schools.com:443
2026-03-31 14:46:16 | DEBUG | https://www.w3schools.com:443 "GET /css/css_grid_align.asp HTTP/1.1" 200 44137
2026-03-31 14:46:17 | DEBUG | Starting new HTTPS connection (1): www.w3schools.com:443
2026-03-31 14:46:20 | DEBUG | https://www.w3schools.com:443 "GET /css/css_challenges_grid_container.asp HTTP/1.1" 200 46319
2026-03-31 14:46:21 | DEBUG | Starting new HTTPS connection (1): www.w3schools.com:443
2026-03-31 14:46:23 | DEBUG | https://www.w3schools.com:443 "GET /css/css_grid_item.asp HTTP/1.1" 200 43915
2026-03-31 14:46:24 | DEBUG | Starting new HTTPS connection (1): www.w3schools.com:443
2026-03-31 14:46:26 | DEBUG | https://www.w3schools.com:443 "GET /css/css_grid_item_name.asp HTTP/1.1" 200 43509
2026-03-31 14:46:27 | DEBUG | Starting new HTTPS connection (1): www.w3schools.com:443
2026-03-31 14:46:30 | DEBUG | https://www.w3schools.com:443 "GET /css/css_grid_item_align.asp HTTP/1.1" 200 43544
2026-03-31 14:46:31 | DEBUG | Starting new HTTPS connection (1): www.w3schools.com:443
2026-03-31 14:46:32 | DEBUG | https://www.w3schools.com:443 "GET /css/css_grid_item_order.asp HTTP/1.1" 200 43152
2026-03-31 14:46:33 | DEBUG | Starting new HTTPS connection (1): www.w3schools.com:443
2026-03-31 14:46:35 | DEBUG | https://www.w3schools.com:443 "GET /css/css_challenges_grid_item.asp HTTP/1.1" 200 46321
2026-03-31 14:46:36 | DEBUG | Starting new HTTPS connection (1): www.w3schools.com:443
2026-03-31 14:46:38 | DEBUG | https://www.w3schools.com:443 "GET /css/css_grid_12column.asp HTTP/1.1" 200 44124
2026-03-31 14:46:39 | DEBUG | Starting new HTTPS connection (1): www.w3schools.com:443
2026-03-31 14:46:42 | DEBUG | https://www.w3schools.com:443 "GET /css/css_challenges_grid_12column.asp HTTP/1.1" 200 46332
2026-03-31 14:46:44 | DEBUG | Starting new HTTPS connection (1): www.w3schools.com:443
2026-03-31 14:46:45 | DEBUG | https://www.w3schools.com:443 "GET /css/css_supports_rule.asp HTTP/1.1" 200 43439
2026-03-31 14:46:46 | DEBUG | Starting new HTTPS connection (1): www.w3schools.com:443
2026-03-31 14:46:49 | DEBUG | https://www.w3schools.com:443 "GET /css/css_challenges_supports_rule.asp HTTP/1.1" 200 46316
2026-03-31 14:46:50 | DEBUG | Starting new HTTPS connection (1): www.w3schools.com:443
2026-03-31 14:46:53 | DEBUG | https://www.w3schools.com:443 "GET /css/css_challenges_rwd_intro.asp HTTP/1.1" 200 46331
2026-03-31 14:46:54 | DEBUG | Starting new HTTPS connection (1): www.w3schools.com:443
2026-03-31 14:46:56 | DEBUG | https://www.w3schools.com:443 "GET /css/css_rwd_viewport.asp HTTP/1.1" 200 43641
2026-03-31 14:46:58 | DEBUG | Starting new HTTPS connection (1): www.w3schools.com:443
2026-03-31 14:46:59 | DEBUG | https://www.w3schools.com:443 "GET /css/css_challenges_rwd_viewport.asp HTTP/1.1" 200 46326
2026-03-31 14:47:00 | DEBUG | Starting new HTTPS connection (1): www.w3schools.com:443
2026-03-31 14:47:02 | DEBUG | https://www.w3schools.com:443 "GET /css/css_rwd_grid.asp HTTP/1.1" 200 43917
2026-03-31 14:47:03 | DEBUG | Starting new HTTPS connection (1): www.w3schools.com:443
2026-03-31 14:47:05 | DEBUG | https://www.w3schools.com:443 "GET /css/css_challenges_rwd_grid.asp HTTP/1.1" 200 46320
2026-03-31 14:47:07 | DEBUG | Starting new HTTPS connection (1): www.w3schools.com:443
2026-03-31 14:47:08 | DEBUG | https://www.w3schools.com:443 "GET /css/css_rwd_mediaqueries.asp HTTP/1.1" 200 44119
2026-03-31 14:47:09 | DEBUG | Starting new HTTPS connection (1): www.w3schools.com:443
2026-03-31 14:47:11 | DEBUG | https://www.w3schools.com:443 "GET /css/css_challenges_rwd_mediaqueries.asp HTTP/1.1" 200 46320
2026-03-31 14:47:13 | DEBUG | Starting new HTTPS connection (1): www.w3schools.com:443
2026-03-31 14:47:15 | DEBUG | https://www.w3schools.com:443 "GET /css/css_rwd_images.asp HTTP/1.1" 200 44428
2026-03-31 14:47:16 | DEBUG | Starting new HTTPS connection (1): www.w3schools.com:443
2026-03-31 14:47:18 | DEBUG | https://www.w3schools.com:443 "GET /css/css_challenges_rwd_images.asp HTTP/1.1" 200 46320
2026-03-31 14:47:19 | DEBUG | Starting new HTTPS connection (1): www.w3schools.com:443
2026-03-31 14:47:22 | DEBUG | https://www.w3schools.com:443 "GET /css/css_rwd_videos.asp HTTP/1.1" 200 42998
2026-03-31 14:47:23 | DEBUG | Starting new HTTPS connection (1): www.w3schools.com:443
2026-03-31 14:47:26 | DEBUG | https://www.w3schools.com:443 "GET /css/css_challenges_rwd_videos.asp HTTP/1.1" 200 46321
2026-03-31 14:47:28 | DEBUG | Starting new HTTPS connection (1): www.w3schools.com:443
2026-03-31 14:47:31 | DEBUG | https://www.w3schools.com:443 "GET /css/css_rwd_frameworks.asp HTTP/1.1" 200 44007
2026-03-31 14:47:32 | DEBUG | Starting new HTTPS connection (1): www.w3schools.com:443
2026-03-31 14:47:34 | DEBUG | https://www.w3schools.com:443 "GET /css/css_rwd_templates.asp HTTP/1.1" 200 44749
2026-03-31 14:47:35 | DEBUG | Starting new HTTPS connection (1): www.w3schools.com:443
2026-03-31 14:47:37 | DEBUG | https://www.w3schools.com:443 "GET /css/css_templates.asp HTTP/1.1" 200 43097
2026-03-31 14:47:38 | DEBUG | Starting new HTTPS connection (1): www.w3schools.com:443
2026-03-31 14:47:40 | DEBUG | https://www.w3schools.com:443 "GET /css/css_editor.asp HTTP/1.1" 200 43492
2026-03-31 14:47:41 | DEBUG | Starting new HTTPS connection (1): www.w3schools.com:443
2026-03-31 14:47:44 | DEBUG | https://www.w3schools.com:443 "GET /css/css_snippets.asp HTTP/1.1" 200 43482
2026-03-31 14:47:45 | DEBUG | Starting new HTTPS connection (1): www.w3schools.com:443
2026-03-31 14:47:47 | DEBUG | https://www.w3schools.com:443 "GET /css/css_website.asp HTTP/1.1" 200 53018
2026-03-31 14:47:49 | DEBUG | Starting new HTTPS connection (1): www.w3schools.com:443
2026-03-31 14:47:52 | DEBUG | https://www.w3schools.com:443 "GET /css/css_syllabus.asp HTTP/1.1" 200 45224
2026-03-31 14:47:53 | DEBUG | Starting new HTTPS connection (1): www.w3schools.com:443
2026-03-31 14:47:56 | DEBUG | https://www.w3schools.com:443 "GET /css/css_study_plan.asp HTTP/1.1" 200 44696
2026-03-31 14:47:58 | DEBUG | Starting new HTTPS connection (1): www.w3schools.com:443
2026-03-31 14:48:00 | DEBUG | https://www.w3schools.com:443 "GET /css/css_interview_prep.asp HTTP/1.1" 200 44651
2026-03-31 14:48:02 | DEBUG | Starting new HTTPS connection (1): www.w3schools.com:443
2026-03-31 14:48:05 | DEBUG | https://www.w3schools.com:443 "GET /css/css_exam.asp HTTP/1.1" 200 45607
2026-03-31 14:48:06 | DEBUG | Starting new HTTPS connection (1): www.w3schools.com:443
2026-03-31 14:48:09 | DEBUG | https://www.w3schools.com:443 "GET /python/python_intro.asp HTTP/1.1" 200 44380
2026-03-31 14:48:10 | DEBUG | Starting new HTTPS connection (1): www.w3schools.com:443
2026-03-31 14:48:12 | DEBUG | https://www.w3schools.com:443 "GET /python/python_getstarted.asp HTTP/1.1" 200 44838
2026-03-31 14:48:13 | DEBUG | Starting new HTTPS connection (1): www.w3schools.com:443
2026-03-31 14:48:15 | DEBUG | https://www.w3schools.com:443 "GET /python/python_syntax.asp HTTP/1.1" 200 44647
2026-03-31 14:48:16 | DEBUG | Starting new HTTPS connection (1): www.w3schools.com:443
2026-03-31 14:48:18 | DEBUG | https://www.w3schools.com:443 "GET /python/python_statements.asp HTTP/1.1" 200 44251
2026-03-31 14:48:19 | DEBUG | Starting new HTTPS connection (1): www.w3schools.com:443
2026-03-31 14:48:21 | DEBUG | https://www.w3schools.com:443 "GET /python/python_challenges_statements.asp HTTP/1.1" 200 48425
2026-03-31 14:48:22 | DEBUG | Starting new HTTPS connection (1): www.w3schools.com:443
2026-03-31 14:48:24 | DEBUG | https://www.w3schools.com:443 "GET /python/python_output.asp HTTP/1.1" 200 43719
2026-03-31 14:48:25 | DEBUG | Starting new HTTPS connection (1): www.w3schools.com:443
2026-03-31 14:48:27 | DEBUG | https://www.w3schools.com:443 "GET /python/python_output_numbers.asp HTTP/1.1" 200 43483
2026-03-31 14:48:28 | DEBUG | Starting new HTTPS connection (1): www.w3schools.com:443
2026-03-31 14:48:31 | DEBUG | https://www.w3schools.com:443 "GET /python/python_challenges_output.asp HTTP/1.1" 200 48427
2026-03-31 14:48:33 | DEBUG | Starting new HTTPS connection (1): www.w3schools.com:443
2026-03-31 14:48:36 | DEBUG | https://www.w3schools.com:443 "GET /python/python_comments.asp HTTP/1.1" 200 44076
2026-03-31 14:48:37 | DEBUG | Starting new HTTPS connection (1): www.w3schools.com:443
2026-03-31 14:48:39 | DEBUG | https://www.w3schools.com:443 "GET /python/python_challenges_comments.asp HTTP/1.1" 200 48425
2026-03-31 14:48:40 | DEBUG | Starting new HTTPS connection (1): www.w3schools.com:443
2026-03-31 14:48:41 | DEBUG | https://www.w3schools.com:443 "GET /python/python_variables.asp HTTP/1.1" 200 44124
2026-03-31 14:48:43 | DEBUG | Starting new HTTPS connection (1): www.w3schools.com:443
2026-03-31 14:48:44 | DEBUG | https://www.w3schools.com:443 "GET /python/python_variables_names.asp HTTP/1.1" 200 44042
2026-03-31 14:48:46 | DEBUG | Starting new HTTPS connection (1): www.w3schools.com:443
2026-03-31 14:48:47 | DEBUG | https://www.w3schools.com:443 "GET /python/python_variables_multiple.asp HTTP/1.1" 200 43919
2026-03-31 14:48:48 | DEBUG | Starting new HTTPS connection (1): www.w3schools.com:443
2026-03-31 14:48:50 | DEBUG | https://www.w3schools.com:443 "GET /python/python_variables_output.asp HTTP/1.1" 200 44011
2026-03-31 14:48:51 | DEBUG | Starting new HTTPS connection (1): www.w3schools.com:443
2026-03-31 14:48:53 | DEBUG | https://www.w3schools.com:443 "GET /python/python_variables_global.asp HTTP/1.1" 200 44006
2026-03-31 14:48:54 | DEBUG | Starting new HTTPS connection (1): www.w3schools.com:443
2026-03-31 14:48:56 | DEBUG | https://www.w3schools.com:443 "GET /python/python_challenges_variables.asp HTTP/1.1" 200 48426
2026-03-31 14:48:57 | DEBUG | Starting new HTTPS connection (1): www.w3schools.com:443
2026-03-31 14:48:59 | DEBUG | https://www.w3schools.com:443 "GET /python/python_datatypes.asp HTTP/1.1" 200 44311
2026-03-31 14:49:00 | DEBUG | Starting new HTTPS connection (1): www.w3schools.com:443
2026-03-31 14:49:03 | DEBUG | https://www.w3schools.com:443 "GET /python/python_challenges_datatypes.asp HTTP/1.1" 200 48425
2026-03-31 14:49:04 | DEBUG | Starting new HTTPS connection (1): www.w3schools.com:443
2026-03-31 14:49:06 | DEBUG | https://www.w3schools.com:443 "GET /python/python_numbers.asp HTTP/1.1" 200 44149
2026-03-31 14:49:08 | DEBUG | Starting new HTTPS connection (1): www.w3schools.com:443
2026-03-31 14:49:11 | DEBUG | https://www.w3schools.com:443 "GET /python/python_challenges_numbers.asp HTTP/1.1" 200 48425
2026-03-31 14:49:12 | DEBUG | Starting new HTTPS connection (1): www.w3schools.com:443
2026-03-31 14:49:14 | DEBUG | https://www.w3schools.com:443 "GET /python/python_casting.asp HTTP/1.1" 200 43716
2026-03-31 14:49:15 | DEBUG | Starting new HTTPS connection (1): www.w3schools.com:443
2026-03-31 14:49:18 | DEBUG | https://www.w3schools.com:443 "GET /python/python_challenges_casting.asp HTTP/1.1" 200 48428
2026-03-31 14:49:20 | DEBUG | Starting new HTTPS connection (1): www.w3schools.com:443
2026-03-31 14:49:21 | DEBUG | https://www.w3schools.com:443 "GET /python/python_strings.asp HTTP/1.1" 200 44535
2026-03-31 14:49:23 | DEBUG | Starting new HTTPS connection (1): www.w3schools.com:443
2026-03-31 14:49:25 | DEBUG | https://www.w3schools.com:443 "GET /python/python_strings_slicing.asp HTTP/1.1" 200 43630
2026-03-31 14:49:26 | DEBUG | Starting new HTTPS connection (1): www.w3schools.com:443
2026-03-31 14:49:29 | DEBUG | https://www.w3schools.com:443 "GET /python/python_strings_modify.asp HTTP/1.1" 200 43758
2026-03-31 14:49:30 | DEBUG | Starting new HTTPS connection (1): www.w3schools.com:443
2026-03-31 14:49:31 | DEBUG | https://www.w3schools.com:443 "GET /python/python_strings_concatenate.asp HTTP/1.1" 200 43375
2026-03-31 14:49:33 | DEBUG | Starting new HTTPS connection (1): www.w3schools.com:443
2026-03-31 14:49:34 | DEBUG | https://www.w3schools.com:443 "GET /python/python_strings_format.asp HTTP/1.1" 200 44232
2026-03-31 14:49:35 | DEBUG | Starting new HTTPS connection (1): www.w3schools.com:443
2026-03-31 14:49:37 | DEBUG | https://www.w3schools.com:443 "GET /python/python_strings_escape.asp HTTP/1.1" 200 43756
2026-03-31 14:49:38 | DEBUG | Starting new HTTPS connection (1): www.w3schools.com:443
2026-03-31 14:49:40 | DEBUG | https://www.w3schools.com:443 "GET /python/python_strings_methods.asp HTTP/1.1" 200 44274
2026-03-31 14:49:41 | DEBUG | Starting new HTTPS connection (1): www.w3schools.com:443
2026-03-31 14:49:42 | DEBUG | https://www.w3schools.com:443 "GET /python/python_challenges_strings_basics.asp HTTP/1.1" 200 48434
2026-03-31 14:49:43 | DEBUG | Starting new HTTPS connection (1): www.w3schools.com:443
2026-03-31 14:49:44 | DEBUG | https://www.w3schools.com:443 "GET /python/python_booleans.asp HTTP/1.1" 200 44507
2026-03-31 14:49:45 | DEBUG | Starting new HTTPS connection (1): www.w3schools.com:443
2026-03-31 14:49:45 | DEBUG | https://www.w3schools.com:443 "GET /python/python_challenges_booleans.asp HTTP/1.1" 200 48425
2026-03-31 14:49:46 | DEBUG | Starting new HTTPS connection (1): www.w3schools.com:443
2026-03-31 14:49:47 | DEBUG | https://www.w3schools.com:443 "GET /python/python_operators.asp HTTP/1.1" 200 43489
2026-03-31 14:49:48 | DEBUG | Starting new HTTPS connection (1): www.w3schools.com:443
2026-03-31 14:49:49 | DEBUG | https://www.w3schools.com:443 "GET /python/python_operators_arithmetic.asp HTTP/1.1" 200 43708
2026-03-31 14:49:50 | DEBUG | Starting new HTTPS connection (1): www.w3schools.com:443
2026-03-31 14:49:51 | DEBUG | https://www.w3schools.com:443 "GET /python/python_operators_assign.asp HTTP/1.1" 200 43763
2026-03-31 14:49:52 | DEBUG | Starting new HTTPS connection (1): www.w3schools.com:443
2026-03-31 14:49:54 | DEBUG | https://www.w3schools.com:443 "GET /python/python_operators_comparison.asp HTTP/1.1" 200 43585
2026-03-31 14:49:55 | DEBUG | Starting new HTTPS connection (1): www.w3schools.com:443
2026-03-31 14:49:56 | DEBUG | https://www.w3schools.com:443 "GET /python/python_operators_logical.asp HTTP/1.1" 200 43567
2026-03-31 14:49:57 | DEBUG | Starting new HTTPS connection (1): www.w3schools.com:443
2026-03-31 14:49:58 | DEBUG | https://www.w3schools.com:443 "GET /python/python_operators_identity.asp HTTP/1.1" 200 43652
2026-03-31 14:49:59 | DEBUG | Starting new HTTPS connection (1): www.w3schools.com:443
2026-03-31 14:50:00 | DEBUG | https://www.w3schools.com:443 "GET /python/python_operators_membership.asp HTTP/1.1" 200 43577
2026-03-31 14:50:01 | DEBUG | Starting new HTTPS connection (1): www.w3schools.com:443
2026-03-31 14:50:01 | DEBUG | https://www.w3schools.com:443 "GET /python/python_operators_bitwise.asp HTTP/1.1" 200 43807
2026-03-31 14:50:03 | DEBUG | Starting new HTTPS connection (1): www.w3schools.com:443
2026-03-31 14:50:05 | DEBUG | https://www.w3schools.com:443 "GET /python/python_operators_precedence.asp HTTP/1.1" 200 44009
2026-03-31 14:50:06 | DEBUG | Starting new HTTPS connection (1): www.w3schools.com:443
2026-03-31 14:50:08 | DEBUG | https://www.w3schools.com:443 "GET /python/python_challenges_operators_basics.asp HTTP/1.1" 200 48430
2026-03-31 14:50:09 | DEBUG | Starting new HTTPS connection (1): www.w3schools.com:443
2026-03-31 14:50:10 | DEBUG | https://www.w3schools.com:443 "GET /python/python_lists.asp HTTP/1.1" 200 44636
2026-03-31 14:50:11 | DEBUG | Starting new HTTPS connection (1): www.w3schools.com:443
2026-03-31 14:50:12 | DEBUG | https://www.w3schools.com:443 "GET /python/python_lists_access.asp HTTP/1.1" 200 43998
2026-03-31 14:50:13 | DEBUG | Starting new HTTPS connection (1): www.w3schools.com:443
2026-03-31 14:50:15 | DEBUG | https://www.w3schools.com:443 "GET /python/python_lists_change.asp HTTP/1.1" 200 43892
2026-03-31 14:50:16 | DEBUG | Starting new HTTPS connection (1): www.w3schools.com:443
2026-03-31 14:50:17 | DEBUG | https://www.w3schools.com:443 "GET /python/python_lists_add.asp HTTP/1.1" 200 43767
2026-03-31 14:50:18 | DEBUG | Starting new HTTPS connection (1): www.w3schools.com:443
2026-03-31 14:50:19 | DEBUG | https://www.w3schools.com:443 "GET /python/python_lists_remove.asp HTTP/1.1" 200 43647
2026-03-31 14:50:21 | DEBUG | Starting new HTTPS connection (1): www.w3schools.com:443
2026-03-31 14:50:22 | DEBUG | https://www.w3schools.com:443 "GET /python/python_lists_loop.asp HTTP/1.1" 200 43850
2026-03-31 14:50:23 | DEBUG | Starting new HTTPS connection (1): www.w3schools.com:443
2026-03-31 14:50:25 | DEBUG | https://www.w3schools.com:443 "GET /python/python_lists_comprehension.asp HTTP/1.1" 200 44316
2026-03-31 14:50:26 | DEBUG | Starting new HTTPS connection (1): www.w3schools.com:443
2026-03-31 14:50:27 | DEBUG | https://www.w3schools.com:443 "GET /python/python_lists_sort.asp HTTP/1.1" 200 43991
2026-03-31 14:50:28 | DEBUG | Starting new HTTPS connection (1): www.w3schools.com:443
2026-03-31 14:50:30 | DEBUG | https://www.w3schools.com:443 "GET /python/python_lists_copy.asp HTTP/1.1" 200 43557
2026-03-31 14:50:32 | DEBUG | Starting new HTTPS connection (1): www.w3schools.com:443
2026-03-31 14:50:33 | DEBUG | https://www.w3schools.com:443 "GET /python/python_lists_join.asp HTTP/1.1" 200 43587
2026-03-31 14:50:35 | DEBUG | Starting new HTTPS connection (1): www.w3schools.com:443
2026-03-31 14:50:36 | DEBUG | https://www.w3schools.com:443 "GET /python/python_lists_methods.asp HTTP/1.1" 200 43440
2026-03-31 14:50:37 | DEBUG | Starting new HTTPS connection (1): www.w3schools.com:443
2026-03-31 14:50:39 | DEBUG | https://www.w3schools.com:443 "GET /python/python_challenges_lists_basics.asp HTTP/1.1" 200 48437
2026-03-31 14:50:40 | DEBUG | Starting new HTTPS connection (1): www.w3schools.com:443
2026-03-31 14:50:41 | DEBUG | https://www.w3schools.com:443 "GET /python/python_tuples.asp HTTP/1.1" 200 44652
2026-03-31 14:50:42 | DEBUG | Starting new HTTPS connection (1): www.w3schools.com:443
2026-03-31 14:50:44 | DEBUG | https://www.w3schools.com:443 "GET /python/python_tuples_access.asp HTTP/1.1" 200 44010
2026-03-31 14:50:45 | DEBUG | Starting new HTTPS connection (1): www.w3schools.com:443
2026-03-31 14:50:47 | DEBUG | https://www.w3schools.com:443 "GET /python/python_tuples_update.asp HTTP/1.1" 200 44104
2026-03-31 14:50:48 | DEBUG | Starting new HTTPS connection (1): www.w3schools.com:443
2026-03-31 14:50:50 | DEBUG | https://www.w3schools.com:443 "GET /python/python_tuples_unpack.asp HTTP/1.1" 200 43747
2026-03-31 14:50:51 | DEBUG | Starting new HTTPS connection (1): www.w3schools.com:443
2026-03-31 14:50:51 | DEBUG | https://www.w3schools.com:443 "GET /python/python_tuples_loop.asp HTTP/1.1" 200 43679
2026-03-31 14:50:53 | DEBUG | Starting new HTTPS connection (1): www.w3schools.com:443
2026-03-31 14:50:53 | DEBUG | https://www.w3schools.com:443 "GET /python/python_tuples_join.asp HTTP/1.1" 200 43427
2026-03-31 14:50:54 | DEBUG | Starting new HTTPS connection (1): www.w3schools.com:443
2026-03-31 14:50:55 | DEBUG | https://www.w3schools.com:443 "GET /python/python_tuples_methods.asp HTTP/1.1" 200 43274
2026-03-31 14:50:56 | DEBUG | Starting new HTTPS connection (1): www.w3schools.com:443
2026-03-31 14:50:57 | DEBUG | https://www.w3schools.com:443 "GET /python/python_challenges_tuples_basics.asp HTTP/1.1" 200 48431
2026-03-31 14:50:59 | DEBUG | Starting new HTTPS connection (1): www.w3schools.com:443
2026-03-31 14:51:00 | DEBUG | https://www.w3schools.com:443 "GET /python/python_sets.asp HTTP/1.1" 200 44770
2026-03-31 14:51:01 | DEBUG | Starting new HTTPS connection (1): www.w3schools.com:443
2026-03-31 14:51:03 | DEBUG | https://www.w3schools.com:443 "GET /python/python_sets_access.asp HTTP/1.1" 200 43540
2026-03-31 14:51:04 | DEBUG | Starting new HTTPS connection (1): www.w3schools.com:443
2026-03-31 14:51:06 | DEBUG | https://www.w3schools.com:443 "GET /python/python_sets_add.asp HTTP/1.1" 200 43616
2026-03-31 14:51:07 | DEBUG | Starting new HTTPS connection (1): www.w3schools.com:443
2026-03-31 14:51:08 | DEBUG | https://www.w3schools.com:443 "GET /python/python_sets_remove.asp HTTP/1.1" 200 43742
2026-03-31 14:51:09 | DEBUG | Starting new HTTPS connection (1): www.w3schools.com:443
2026-03-31 14:51:09 | DEBUG | https://www.w3schools.com:443 "GET /python/python_sets_loop.asp HTTP/1.1" 200 43335
2026-03-31 14:51:10 | DEBUG | Starting new HTTPS connection (1): www.w3schools.com:443
2026-03-31 14:51:12 | DEBUG | https://www.w3schools.com:443 "GET /python/python_sets_join.asp HTTP/1.1" 200 44890
2026-03-31 14:51:13 | DEBUG | Starting new HTTPS connection (1): www.w3schools.com:443
2026-03-31 14:51:15 | DEBUG | https://www.w3schools.com:443 "GET /python/python_frozenset.asp HTTP/1.1" 200 43815
2026-03-31 14:51:16 | DEBUG | Starting new HTTPS connection (1): www.w3schools.com:443
2026-03-31 14:51:18 | DEBUG | https://www.w3schools.com:443 "GET /python/python_sets_methods.asp HTTP/1.1" 200 43826
2026-03-31 14:51:19 | DEBUG | Starting new HTTPS connection (1): www.w3schools.com:443
2026-03-31 14:51:20 | DEBUG | https://www.w3schools.com:443 "GET /python/python_challenges_sets_basics.asp HTTP/1.1" 200 48437
2026-03-31 14:51:21 | DEBUG | Starting new HTTPS connection (1): www.w3schools.com:443
2026-03-31 14:51:22 | DEBUG | https://www.w3schools.com:443 "GET /python/python_dictionaries.asp HTTP/1.1" 200 44573
2026-03-31 14:51:23 | DEBUG | Starting new HTTPS connection (1): www.w3schools.com:443
2026-03-31 14:51:23 | DEBUG | https://www.w3schools.com:443 "GET /python/python_dictionaries_access.asp HTTP/1.1" 200 44124
2026-03-31 14:51:24 | DEBUG | Starting new HTTPS connection (1): www.w3schools.com:443
2026-03-31 14:51:25 | DEBUG | https://www.w3schools.com:443 "GET /python/python_dictionaries_change.asp HTTP/1.1" 200 43522
2026-03-31 14:51:26 | DEBUG | Starting new HTTPS connection (1): www.w3schools.com:443
2026-03-31 14:51:27 | DEBUG | https://www.w3schools.com:443 "GET /python/python_dictionaries_add.asp HTTP/1.1" 200 43547
2026-03-31 14:51:29 | DEBUG | Starting new HTTPS connection (1): www.w3schools.com:443
2026-03-31 14:51:30 | DEBUG | https://www.w3schools.com:443 "GET /python/python_dictionaries_remove.asp HTTP/1.1" 200 43643
2026-03-31 14:51:32 | DEBUG | Starting new HTTPS connection (1): www.w3schools.com:443
2026-03-31 14:51:33 | DEBUG | https://www.w3schools.com:443 "GET /python/python_dictionaries_loop.asp HTTP/1.1" 200 43557
2026-03-31 14:51:35 | DEBUG | Starting new HTTPS connection (1): www.w3schools.com:443
2026-03-31 14:51:37 | DEBUG | https://www.w3schools.com:443 "GET /python/python_dictionaries_copy.asp HTTP/1.1" 200 43547
2026-03-31 14:51:38 | DEBUG | Starting new HTTPS connection (1): www.w3schools.com:443
2026-03-31 14:51:39 | DEBUG | https://www.w3schools.com:443 "GET /python/python_dictionaries_nested.asp HTTP/1.1" 200 43753
2026-03-31 14:51:41 | DEBUG | Starting new HTTPS connection (1): www.w3schools.com:443
2026-03-31 14:51:43 | DEBUG | https://www.w3schools.com:443 "GET /python/python_dictionaries_methods.asp HTTP/1.1" 200 43447
2026-03-31 14:51:44 | DEBUG | Starting new HTTPS connection (1): www.w3schools.com:443
2026-03-31 14:51:44 | DEBUG | https://www.w3schools.com:443 "GET /python/python_challenges_dictionaries_basics.asp HTTP/1.1" 200 48448
2026-03-31 14:51:45 | DEBUG | Starting new HTTPS connection (1): www.w3schools.com:443
2026-03-31 14:51:46 | DEBUG | https://www.w3schools.com:443 "GET /python/python_conditions.asp HTTP/1.1" 200 44400
2026-03-31 14:51:47 | DEBUG | Starting new HTTPS connection (1): www.w3schools.com:443
2026-03-31 14:51:48 | DEBUG | https://www.w3schools.com:443 "GET /python/python_if_elif.asp HTTP/1.1" 200 44142
2026-03-31 14:51:49 | DEBUG | Starting new HTTPS connection (1): www.w3schools.com:443
2026-03-31 14:51:49 | DEBUG | https://www.w3schools.com:443 "GET /python/python_if_else.asp HTTP/1.1" 200 44168
2026-03-31 14:51:50 | DEBUG | Starting new HTTPS connection (1): www.w3schools.com:443
2026-03-31 14:51:51 | DEBUG | https://www.w3schools.com:443 "GET /python/python_if_shorthand.asp HTTP/1.1" 200 44158
2026-03-31 14:51:52 | DEBUG | Starting new HTTPS connection (1): www.w3schools.com:443
2026-03-31 14:51:52 | DEBUG | https://www.w3schools.com:443 "GET /python/python_if_logical.asp HTTP/1.1" 200 44327
2026-03-31 14:51:53 | DEBUG | Starting new HTTPS connection (1): www.w3schools.com:443
2026-03-31 14:51:53 | DEBUG | https://www.w3schools.com:443 "GET /python/python_if_nested_if.asp HTTP/1.1" 200 44255
2026-03-31 14:51:55 | DEBUG | Starting new HTTPS connection (1): www.w3schools.com:443
2026-03-31 14:51:56 | DEBUG | https://www.w3schools.com:443 "GET /python/python_if_pass.asp HTTP/1.1" 200 44243
2026-03-31 14:51:57 | DEBUG | Starting new HTTPS connection (1): www.w3schools.com:443
2026-03-31 14:51:59 | DEBUG | https://www.w3schools.com:443 "GET /python/python_challenges_if_basics.asp HTTP/1.1" 200 48439
2026-03-31 14:52:00 | DEBUG | Starting new HTTPS connection (1): www.w3schools.com:443
2026-03-31 14:52:01 | DEBUG | https://www.w3schools.com:443 "GET /python/python_match.asp HTTP/1.1" 200 44057
2026-03-31 14:52:02 | DEBUG | Starting new HTTPS connection (1): www.w3schools.com:443
2026-03-31 14:52:04 | DEBUG | https://www.w3schools.com:443 "GET /python/python_challenges_match.asp HTTP/1.1" 200 48423
2026-03-31 14:52:05 | DEBUG | Starting new HTTPS connection (1): www.w3schools.com:443
2026-03-31 14:52:06 | DEBUG | https://www.w3schools.com:443 "GET /python/python_while_loops.asp HTTP/1.1" 200 43842
2026-03-31 14:52:07 | DEBUG | Starting new HTTPS connection (1): www.w3schools.com:443
2026-03-31 14:52:08 | DEBUG | https://www.w3schools.com:443 "GET /python/python_challenges_while_loops.asp HTTP/1.1" 200 48430
2026-03-31 14:52:10 | DEBUG | Starting new HTTPS connection (1): www.w3schools.com:443
2026-03-31 14:52:11 | DEBUG | https://www.w3schools.com:443 "GET /python/python_for_loops.asp HTTP/1.1" 200 44734
2026-03-31 14:52:12 | DEBUG | Starting new HTTPS connection (1): www.w3schools.com:443
2026-03-31 14:52:14 | DEBUG | https://www.w3schools.com:443 "GET /python/python_challenges_for_loops.asp HTTP/1.1" 200 48430
2026-03-31 14:52:15 | DEBUG | Starting new HTTPS connection (1): www.w3schools.com:443
2026-03-31 14:52:16 | DEBUG | https://www.w3schools.com:443 "GET /python/python_functions.asp HTTP/1.1" 200 44462
2026-03-31 14:52:17 | DEBUG | Starting new HTTPS connection (1): www.w3schools.com:443
2026-03-31 14:52:19 | DEBUG | https://www.w3schools.com:443 "GET /python/python_arguments.asp HTTP/1.1" 200 45364
2026-03-31 14:52:21 | DEBUG | Starting new HTTPS connection (1): www.w3schools.com:443
2026-03-31 14:52:22 | DEBUG | https://www.w3schools.com:443 "GET /python/python_args_kwargs.asp HTTP/1.1" 200 45022
2026-03-31 14:52:24 | DEBUG | Starting new HTTPS connection (1): www.w3schools.com:443
2026-03-31 14:52:25 | DEBUG | https://www.w3schools.com:443 "GET /python/python_scope.asp HTTP/1.1" 200 44369
2026-03-31 14:52:27 | DEBUG | Starting new HTTPS connection (1): www.w3schools.com:443
2026-03-31 14:52:28 | DEBUG | https://www.w3schools.com:443 "GET /python/python_decorators.asp HTTP/1.1" 200 44730
2026-03-31 14:52:29 | DEBUG | Starting new HTTPS connection (1): www.w3schools.com:443
2026-03-31 14:52:30 | DEBUG | https://www.w3schools.com:443 "GET /python/python_lambda.asp HTTP/1.1" 200 44359
2026-03-31 14:52:31 | DEBUG | Starting new HTTPS connection (1): www.w3schools.com:443
2026-03-31 14:52:32 | DEBUG | https://www.w3schools.com:443 "GET /python/python_recursion.asp HTTP/1.1" 200 44499
2026-03-31 14:52:34 | DEBUG | Starting new HTTPS connection (1): www.w3schools.com:443
2026-03-31 14:52:35 | DEBUG | https://www.w3schools.com:443 "GET /python/python_generators.asp HTTP/1.1" 200 44689
2026-03-31 14:52:36 | DEBUG | Starting new HTTPS connection (1): www.w3schools.com:443
2026-03-31 14:52:38 | DEBUG | https://www.w3schools.com:443 "GET /python/python_challenges_functions_basics.asp HTTP/1.1" 200 48445
2026-03-31 14:52:39 | DEBUG | Starting new HTTPS connection (1): www.w3schools.com:443
2026-03-31 14:52:41 | DEBUG | https://www.w3schools.com:443 "GET /python/python_range.asp HTTP/1.1" 200 44321
2026-03-31 14:52:42 | DEBUG | Starting new HTTPS connection (1): www.w3schools.com:443
2026-03-31 14:52:44 | DEBUG | https://www.w3schools.com:443 "GET /python/python_challenges_range.asp HTTP/1.1" 200 48422
2026-03-31 14:52:45 | DEBUG | Starting new HTTPS connection (1): www.w3schools.com:443
2026-03-31 14:52:45 | DEBUG | https://www.w3schools.com:443 "GET /python/python_arrays.asp HTTP/1.1" 200 44587
2026-03-31 14:52:46 | DEBUG | Starting new HTTPS connection (1): www.w3schools.com:443
2026-03-31 14:52:48 | DEBUG | https://www.w3schools.com:443 "GET /python/python_challenges_arrays.asp HTTP/1.1" 200 48424
2026-03-31 14:52:49 | DEBUG | Starting new HTTPS connection (1): www.w3schools.com:443
2026-03-31 14:52:51 | DEBUG | https://www.w3schools.com:443 "GET /python/python_iterators.asp HTTP/1.1" 200 44455
2026-03-31 14:52:52 | DEBUG | Starting new HTTPS connection (1): www.w3schools.com:443
2026-03-31 14:52:54 | DEBUG | https://www.w3schools.com:443 "GET /python/python_challenges_iterators.asp HTTP/1.1" 200 48424
2026-03-31 14:52:55 | DEBUG | Starting new HTTPS connection (1): www.w3schools.com:443
2026-03-31 14:52:56 | DEBUG | https://www.w3schools.com:443 "GET /python/python_modules.asp HTTP/1.1" 200 44621
2026-03-31 14:52:57 | DEBUG | Starting new HTTPS connection (1): www.w3schools.com:443
2026-03-31 14:52:58 | DEBUG | https://www.w3schools.com:443 "GET /python/python_challenges_modules.asp HTTP/1.1" 200 48424
2026-03-31 14:52:59 | DEBUG | Starting new HTTPS connection (1): www.w3schools.com:443
2026-03-31 14:53:00 | DEBUG | https://www.w3schools.com:443 "GET /python/python_datetime.asp HTTP/1.1" 200 44914
2026-03-31 14:53:01 | DEBUG | Starting new HTTPS connection (1): www.w3schools.com:443
2026-03-31 14:53:01 | DEBUG | https://www.w3schools.com:443 "GET /python/python_challenges_datetime.asp HTTP/1.1" 200 48424
2026-03-31 14:53:02 | DEBUG | Starting new HTTPS connection (1): www.w3schools.com:443
2026-03-31 14:53:03 | DEBUG | https://www.w3schools.com:443 "GET /python/python_math.asp HTTP/1.1" 200 43970
2026-03-31 14:53:04 | DEBUG | Starting new HTTPS connection (1): www.w3schools.com:443
2026-03-31 14:53:04 | DEBUG | https://www.w3schools.com:443 "GET /python/python_challenges_math.asp HTTP/1.1" 200 48421
2026-03-31 14:53:05 | DEBUG | Starting new HTTPS connection (1): www.w3schools.com:443
2026-03-31 14:53:06 | DEBUG | https://www.w3schools.com:443 "GET /python/python_json.asp HTTP/1.1" 200 44588
2026-03-31 14:53:07 | DEBUG | Starting new HTTPS connection (1): www.w3schools.com:443
2026-03-31 14:53:08 | DEBUG | https://www.w3schools.com:443 "GET /python/python_challenges_json.asp HTTP/1.1" 200 48422
2026-03-31 14:53:10 | DEBUG | Starting new HTTPS connection (1): www.w3schools.com:443
2026-03-31 14:53:10 | DEBUG | https://www.w3schools.com:443 "GET /python/python_regex.asp HTTP/1.1" 200 46466
2026-03-31 14:53:11 | DEBUG | Starting new HTTPS connection (1): www.w3schools.com:443
2026-03-31 14:53:13 | DEBUG | https://www.w3schools.com:443 "GET /python/python_challenges_regex.asp HTTP/1.1" 200 48425
2026-03-31 14:53:14 | DEBUG | Starting new HTTPS connection (1): www.w3schools.com:443
2026-03-31 14:53:15 | DEBUG | https://www.w3schools.com:443 "GET /python/python_pip.asp HTTP/1.1" 200 44242
2026-03-31 14:53:16 | DEBUG | Starting new HTTPS connection (1): www.w3schools.com:443
2026-03-31 14:53:18 | DEBUG | https://www.w3schools.com:443 "GET /python/python_try_except.asp HTTP/1.1" 200 44426
2026-03-31 14:53:19 | DEBUG | Starting new HTTPS connection (1): www.w3schools.com:443
2026-03-31 14:53:21 | DEBUG | https://www.w3schools.com:443 "GET /python/python_challenges_try_except.asp HTTP/1.1" 200 48434
2026-03-31 14:53:22 | DEBUG | Starting new HTTPS connection (1): www.w3schools.com:443
2026-03-31 14:53:23 | DEBUG | https://www.w3schools.com:443 "GET /python/python_string_formatting.asp HTTP/1.1" 200 45794
2026-03-31 14:53:24 | DEBUG | Starting new HTTPS connection (1): www.w3schools.com:443
2026-03-31 14:53:26 | DEBUG | https://www.w3schools.com:443 "GET /python/python_challenges_string_formatting.asp HTTP/1.1" 200 48426
2026-03-31 14:53:27 | DEBUG | Starting new HTTPS connection (1): www.w3schools.com:443
2026-03-31 14:53:28 | DEBUG | https://www.w3schools.com:443 "GET /python/python_none.asp HTTP/1.1" 200 43747
2026-03-31 14:53:29 | DEBUG | Starting new HTTPS connection (1): www.w3schools.com:443
2026-03-31 14:53:30 | DEBUG | https://www.w3schools.com:443 "GET /python/python_challenges_none.asp HTTP/1.1" 200 48427
2026-03-31 14:53:31 | DEBUG | Starting new HTTPS connection (1): www.w3schools.com:443
2026-03-31 14:53:31 | DEBUG | https://www.w3schools.com:443 "GET /python/python_user_input.asp HTTP/1.1" 200 44152
2026-03-31 14:53:32 | DEBUG | Starting new HTTPS connection (1): www.w3schools.com:443
2026-03-31 14:53:33 | DEBUG | https://www.w3schools.com:443 "GET /python/python_virtualenv.asp HTTP/1.1" 200 45440
2026-03-31 14:53:34 | DEBUG | Starting new HTTPS connection (1): www.w3schools.com:443
2026-03-31 14:53:35 | DEBUG | https://www.w3schools.com:443 "GET /python/python_oop.asp HTTP/1.1" 200 43805
2026-03-31 14:53:36 | DEBUG | Starting new HTTPS connection (1): www.w3schools.com:443
2026-03-31 14:53:37 | DEBUG | https://www.w3schools.com:443 "GET /python/python_classes.asp HTTP/1.1" 200 43777
2026-03-31 14:53:38 | DEBUG | Starting new HTTPS connection (1): www.w3schools.com:443
2026-03-31 14:53:39 | DEBUG | https://www.w3schools.com:443 "GET /python/python_challenges_classes.asp HTTP/1.1" 200 48423
2026-03-31 14:53:40 | DEBUG | Starting new HTTPS connection (1): www.w3schools.com:443
2026-03-31 14:53:41 | DEBUG | https://www.w3schools.com:443 "GET /python/python_class_init.asp HTTP/1.1" 200 43931
2026-03-31 14:53:42 | DEBUG | Starting new HTTPS connection (1): www.w3schools.com:443
2026-03-31 14:53:44 | DEBUG | https://www.w3schools.com:443 "GET /python/python_challenges_classes_basics.asp HTTP/1.1" 200 48441
2026-03-31 14:53:45 | DEBUG | Starting new HTTPS connection (1): www.w3schools.com:443
2026-03-31 14:53:46 | DEBUG | https://www.w3schools.com:443 "GET /python/python_class_self.asp HTTP/1.1" 200 44089
2026-03-31 14:53:48 | DEBUG | Starting new HTTPS connection (1): www.w3schools.com:443
2026-03-31 14:53:49 | DEBUG | https://www.w3schools.com:443 "GET /python/python_challenges_class_self.asp HTTP/1.1" 200 48426
2026-03-31 14:53:50 | DEBUG | Starting new HTTPS connection (1): www.w3schools.com:443
2026-03-31 14:53:51 | DEBUG | https://www.w3schools.com:443 "GET /python/python_class_properties.asp HTTP/1.1" 200 44035
2026-03-31 14:53:52 | DEBUG | Starting new HTTPS connection (1): www.w3schools.com:443
2026-03-31 14:53:53 | DEBUG | https://www.w3schools.com:443 "GET /python/python_challenges_class_properties.asp HTTP/1.1" 200 48427
2026-03-31 14:53:55 | DEBUG | Starting new HTTPS connection (1): www.w3schools.com:443
2026-03-31 14:53:55 | DEBUG | https://www.w3schools.com:443 "GET /python/python_class_methods.asp HTTP/1.1" 200 44276
2026-03-31 14:53:56 | DEBUG | Starting new HTTPS connection (1): www.w3schools.com:443
2026-03-31 14:53:57 | DEBUG | https://www.w3schools.com:443 "GET /python/python_challenges_class_methods.asp HTTP/1.1" 200 48429
2026-03-31 14:53:58 | DEBUG | Starting new HTTPS connection (1): www.w3schools.com:443
2026-03-31 14:53:58 | DEBUG | https://www.w3schools.com:443 "GET /python/python_inheritance.asp HTTP/1.1" 200 44645
2026-03-31 14:53:59 | DEBUG | Starting new HTTPS connection (1): www.w3schools.com:443
2026-03-31 14:53:59 | DEBUG | https://www.w3schools.com:443 "GET /python/python_challenges_inheritance.asp HTTP/1.1" 200 48428
2026-03-31 14:54:00 | DEBUG | Starting new HTTPS connection (1): www.w3schools.com:443
2026-03-31 14:54:01 | DEBUG | https://www.w3schools.com:443 "GET /python/python_polymorphism.asp HTTP/1.1" 200 44488
2026-03-31 14:54:02 | DEBUG | Starting new HTTPS connection (1): www.w3schools.com:443
2026-03-31 14:54:02 | DEBUG | https://www.w3schools.com:443 "GET /python/python_challenges_polymorphism.asp HTTP/1.1" 200 48430
2026-03-31 14:54:04 | DEBUG | Starting new HTTPS connection (1): www.w3schools.com:443
2026-03-31 14:54:04 | DEBUG | https://www.w3schools.com:443 "GET /python/python_encapsulation.asp HTTP/1.1" 200 44816
2026-03-31 14:54:05 | DEBUG | Starting new HTTPS connection (1): www.w3schools.com:443
2026-03-31 14:54:07 | DEBUG | https://www.w3schools.com:443 "GET /python/python_challenges_encapsulation.asp HTTP/1.1" 200 48427
2026-03-31 14:54:09 | DEBUG | Starting new HTTPS connection (1): www.w3schools.com:443
2026-03-31 14:54:10 | DEBUG | https://www.w3schools.com:443 "GET /python/python_class_inner.asp HTTP/1.1" 200 44074
2026-03-31 14:54:12 | DEBUG | Starting new HTTPS connection (1): www.w3schools.com:443
2026-03-31 14:54:13 | DEBUG | https://www.w3schools.com:443 "GET /python/python_file_handling.asp HTTP/1.1" 200 43755
2026-03-31 14:54:14 | DEBUG | Starting new HTTPS connection (1): www.w3schools.com:443
2026-03-31 14:54:15 | DEBUG | https://www.w3schools.com:443 "GET /python/python_file_open.asp HTTP/1.1" 200 44131
2026-03-31 14:54:16 | DEBUG | Starting new HTTPS connection (1): www.w3schools.com:443
2026-03-31 14:54:17 | DEBUG | https://www.w3schools.com:443 "GET /python/python_file_write.asp HTTP/1.1" 200 43810
2026-03-31 14:54:19 | DEBUG | Starting new HTTPS connection (1): www.w3schools.com:443
2026-03-31 14:54:21 | DEBUG | https://www.w3schools.com:443 "GET /python/python_file_remove.asp HTTP/1.1" 200 43481
2026-03-31 14:54:22 | DEBUG | Starting new HTTPS connection (1): www.w3schools.com:443
2026-03-31 14:54:23 | DEBUG | https://www.w3schools.com:443 "GET /python/python_ml_mean_median_mode.asp HTTP/1.1" 200 44222
2026-03-31 14:54:25 | DEBUG | Starting new HTTPS connection (1): www.w3schools.com:443
2026-03-31 14:54:26 | DEBUG | https://www.w3schools.com:443 "GET /python/python_ml_standard_deviation.asp HTTP/1.1" 200 44846
2026-03-31 14:54:27 | DEBUG | Starting new HTTPS connection (1): www.w3schools.com:443
2026-03-31 14:54:28 | DEBUG | https://www.w3schools.com:443 "GET /python/python_ml_percentile.asp HTTP/1.1" 200 43586
2026-03-31 14:54:29 | DEBUG | Starting new HTTPS connection (1): www.w3schools.com:443
2026-03-31 14:54:29 | DEBUG | https://www.w3schools.com:443 "GET /python/python_ml_data_distribution.asp HTTP/1.1" 200 44066
2026-03-31 14:54:30 | DEBUG | Starting new HTTPS connection (1): www.w3schools.com:443
2026-03-31 14:54:31 | DEBUG | https://www.w3schools.com:443 "GET /python/python_ml_normal_data_distribution.asp HTTP/1.1" 200 43822
2026-03-31 14:54:32 | DEBUG | Starting new HTTPS connection (1): www.w3schools.com:443
2026-03-31 14:54:32 | DEBUG | https://www.w3schools.com:443 "GET /python/python_ml_scatterplot.asp HTTP/1.1" 200 44160
2026-03-31 14:54:33 | DEBUG | Starting new HTTPS connection (1): www.w3schools.com:443
2026-03-31 14:54:34 | DEBUG | https://www.w3schools.com:443 "GET /python/python_ml_linear_regression.asp HTTP/1.1" 200 45202
2026-03-31 14:54:35 | DEBUG | Starting new HTTPS connection (1): www.w3schools.com:443
2026-03-31 14:54:36 | DEBUG | https://www.w3schools.com:443 "GET /python/python_ml_polynomial_regression.asp HTTP/1.1" 200 45064
2026-03-31 14:54:36 | DEBUG | Starting new HTTPS connection (1): www.w3schools.com:443
2026-03-31 14:54:37 | DEBUG | https://www.w3schools.com:443 "GET /python/python_ml_multiple_regression.asp HTTP/1.1" 200 45630
2026-03-31 14:54:38 | DEBUG | Starting new HTTPS connection (1): www.w3schools.com:443
2026-03-31 14:54:39 | DEBUG | https://www.w3schools.com:443 "GET /python/python_ml_scale.asp HTTP/1.1" 200 45645
2026-03-31 14:54:40 | DEBUG | Starting new HTTPS connection (1): www.w3schools.com:443
2026-03-31 14:54:40 | DEBUG | https://www.w3schools.com:443 "GET /python/python_ml_train_test.asp HTTP/1.1" 200 45225
2026-03-31 14:54:41 | DEBUG | Starting new HTTPS connection (1): www.w3schools.com:443
2026-03-31 14:54:42 | DEBUG | https://www.w3schools.com:443 "GET /python/python_ml_decision_tree.asp HTTP/1.1" 200 46034
2026-03-31 14:54:42 | DEBUG | Starting new HTTPS connection (1): www.w3schools.com:443
2026-03-31 14:54:43 | DEBUG | https://www.w3schools.com:443 "GET /python/python_ml_confusion_matrix.asp HTTP/1.1" 200 44964
2026-03-31 14:54:44 | DEBUG | Starting new HTTPS connection (1): www.w3schools.com:443
2026-03-31 14:54:45 | DEBUG | https://www.w3schools.com:443 "GET /python/python_ml_hierarchial_clustering.asp HTTP/1.1" 200 44900
2026-03-31 14:54:46 | DEBUG | Starting new HTTPS connection (1): www.w3schools.com:443
2026-03-31 14:54:46 | DEBUG | https://www.w3schools.com:443 "GET /python/python_ml_logistic_regression.asp HTTP/1.1" 200 45023
2026-03-31 14:54:47 | DEBUG | Starting new HTTPS connection (1): www.w3schools.com:443
2026-03-31 14:54:48 | DEBUG | https://www.w3schools.com:443 "GET /python/python_ml_grid_search.asp HTTP/1.1" 200 44991
2026-03-31 14:54:50 | DEBUG | Starting new HTTPS connection (1): www.w3schools.com:443
2026-03-31 14:54:51 | DEBUG | https://www.w3schools.com:443 "GET /python/python_ml_preprocessing.asp HTTP/1.1" 200 46290
2026-03-31 14:54:53 | DEBUG | Starting new HTTPS connection (1): www.w3schools.com:443
2026-03-31 14:54:55 | DEBUG | https://www.w3schools.com:443 "GET /python/python_ml_k-means.asp HTTP/1.1" 200 44584
2026-03-31 14:54:56 | DEBUG | Starting new HTTPS connection (1): www.w3schools.com:443
2026-03-31 14:54:58 | DEBUG | https://www.w3schools.com:443 "GET /python/python_ml_bagging.asp HTTP/1.1" 200 46364
2026-03-31 14:54:59 | DEBUG | Starting new HTTPS connection (1): www.w3schools.com:443
2026-03-31 14:55:01 | DEBUG | https://www.w3schools.com:443 "GET /python/python_ml_cross_validation.asp HTTP/1.1" 200 44884
2026-03-31 14:55:02 | DEBUG | Starting new HTTPS connection (1): www.w3schools.com:443
2026-03-31 14:55:03 | DEBUG | https://www.w3schools.com:443 "GET /python/python_ml_auc_roc.asp HTTP/1.1" 200 45177
2026-03-31 14:55:04 | DEBUG | Starting new HTTPS connection (1): www.w3schools.com:443
2026-03-31 14:55:06 | DEBUG | https://www.w3schools.com:443 "GET /python/python_ml_knn.asp HTTP/1.1" 200 44911
2026-03-31 14:55:07 | DEBUG | Starting new HTTPS connection (1): www.w3schools.com:443
2026-03-31 14:55:08 | DEBUG | https://www.w3schools.com:443 "GET /python/python_dsa.asp HTTP/1.1" 200 43767
2026-03-31 14:55:09 | DEBUG | Starting new HTTPS connection (1): www.w3schools.com:443
2026-03-31 14:55:10 | DEBUG | https://www.w3schools.com:443 "GET /python/python_dsa_lists.asp HTTP/1.1" 200 44340
2026-03-31 14:55:11 | DEBUG | Starting new HTTPS connection (1): www.w3schools.com:443
2026-03-31 14:55:12 | DEBUG | https://www.w3schools.com:443 "GET /python/python_dsa_stacks.asp HTTP/1.1" 200 45729
2026-03-31 14:55:13 | DEBUG | Starting new HTTPS connection (1): www.w3schools.com:443
2026-03-31 14:55:14 | DEBUG | https://www.w3schools.com:443 "GET /python/python_dsa_queues.asp HTTP/1.1" 200 45480
2026-03-31 14:55:15 | DEBUG | Starting new HTTPS connection (1): www.w3schools.com:443
2026-03-31 14:55:15 | DEBUG | https://www.w3schools.com:443 "GET /python/python_dsa_linkedlists.asp HTTP/1.1" 200 50487
2026-03-31 14:55:16 | DEBUG | Starting new HTTPS connection (1): www.w3schools.com:443
2026-03-31 14:55:17 | DEBUG | https://www.w3schools.com:443 "GET /python/python_dsa_hashtables.asp HTTP/1.1" 200 46155
2026-03-31 14:55:18 | DEBUG | Starting new HTTPS connection (1): www.w3schools.com:443
2026-03-31 14:55:18 | DEBUG | https://www.w3schools.com:443 "GET /python/python_dsa_trees.asp HTTP/1.1" 200 45190
2026-03-31 14:55:20 | DEBUG | Starting new HTTPS connection (1): www.w3schools.com:443
2026-03-31 14:55:20 | DEBUG | https://www.w3schools.com:443 "GET /python/python_dsa_binarytrees.asp HTTP/1.1" 200 47455
2026-03-31 14:55:21 | DEBUG | Starting new HTTPS connection (1): www.w3schools.com:443
2026-03-31 14:55:22 | DEBUG | https://www.w3schools.com:443 "GET /python/python_dsa_binarysearchtrees.asp HTTP/1.1" 200 49528
2026-03-31 14:55:23 | DEBUG | Starting new HTTPS connection (1): www.w3schools.com:443
2026-03-31 14:55:23 | DEBUG | https://www.w3schools.com:443 "GET /python/python_dsa_avltrees.asp HTTP/1.1" 200 58194
2026-03-31 14:55:24 | DEBUG | Starting new HTTPS connection (1): www.w3schools.com:443
2026-03-31 14:55:26 | DEBUG | https://www.w3schools.com:443 "GET /python/python_dsa_graphs.asp HTTP/1.1" 200 47150
2026-03-31 14:55:27 | DEBUG | Starting new HTTPS connection (1): www.w3schools.com:443
2026-03-31 14:55:29 | DEBUG | https://www.w3schools.com:443 "GET /python/python_dsa_linearsearch.asp HTTP/1.1" 200 46827
2026-03-31 14:55:31 | DEBUG | Starting new HTTPS connection (1): www.w3schools.com:443
2026-03-31 14:55:32 | DEBUG | https://www.w3schools.com:443 "GET /python/python_dsa_binarysearch.asp HTTP/1.1" 200 48108
2026-03-31 14:55:34 | DEBUG | Starting new HTTPS connection (1): www.w3schools.com:443
2026-03-31 14:55:36 | DEBUG | https://www.w3schools.com:443 "GET /python/python_dsa_bubblesort.asp HTTP/1.1" 200 47471
2026-03-31 14:55:37 | DEBUG | Starting new HTTPS connection (1): www.w3schools.com:443
2026-03-31 14:55:39 | DEBUG | https://www.w3schools.com:443 "GET /python/python_dsa_selectionsort.asp HTTP/1.1" 200 48230
2026-03-31 14:55:40 | DEBUG | Starting new HTTPS connection (1): www.w3schools.com:443
2026-03-31 14:55:42 | DEBUG | https://www.w3schools.com:443 "GET /python/python_dsa_insertionsort.asp HTTP/1.1" 200 48462
2026-03-31 14:55:43 | DEBUG | Starting new HTTPS connection (1): www.w3schools.com:443
2026-03-31 14:55:45 | DEBUG | https://www.w3schools.com:443 "GET /python/python_dsa_quicksort.asp HTTP/1.1" 200 48125
2026-03-31 14:55:46 | DEBUG | Starting new HTTPS connection (1): www.w3schools.com:443
2026-03-31 14:55:47 | DEBUG | https://www.w3schools.com:443 "GET /python/python_dsa_countingsort.asp HTTP/1.1" 200 49035
2026-03-31 14:55:49 | DEBUG | Starting new HTTPS connection (1): www.w3schools.com:443
2026-03-31 14:55:50 | DEBUG | https://www.w3schools.com:443 "GET /python/python_dsa_radixsort.asp HTTP/1.1" 200 50361
2026-03-31 14:55:52 | DEBUG | Starting new HTTPS connection (1): www.w3schools.com:443
2026-03-31 14:55:53 | DEBUG | https://www.w3schools.com:443 "GET /python/python_dsa_mergesort.asp HTTP/1.1" 200 50175
2026-03-31 14:55:55 | DEBUG | Starting new HTTPS connection (1): www.w3schools.com:443
2026-03-31 14:55:56 | DEBUG | https://www.w3schools.com:443 "GET /python/python_mysql_getstarted.asp HTTP/1.1" 200 43913
2026-03-31 14:55:57 | DEBUG | Starting new HTTPS connection (1): www.w3schools.com:443
2026-03-31 14:55:58 | DEBUG | https://www.w3schools.com:443 "GET /python/python_mysql_create_db.asp HTTP/1.1" 200 43654
2026-03-31 14:56:00 | DEBUG | Starting new HTTPS connection (1): www.w3schools.com:443
2026-03-31 14:56:01 | DEBUG | https://www.w3schools.com:443 "GET /python/python_mysql_create_table.asp HTTP/1.1" 200 43921
2026-03-31 14:56:03 | DEBUG | Starting new HTTPS connection (1): www.w3schools.com:443
2026-03-31 14:56:04 | DEBUG | https://www.w3schools.com:443 "GET /python/python_mysql_insert.asp HTTP/1.1" 200 44139
2026-03-31 14:56:06 | DEBUG | Starting new HTTPS connection (1): www.w3schools.com:443
2026-03-31 14:56:07 | DEBUG | https://www.w3schools.com:443 "GET /python/python_mysql_select.asp HTTP/1.1" 200 43749
2026-03-31 14:56:08 | DEBUG | Starting new HTTPS connection (1): www.w3schools.com:443
2026-03-31 14:56:10 | DEBUG | https://www.w3schools.com:443 "GET /python/python_mysql_where.asp HTTP/1.1" 200 43876
2026-03-31 14:56:11 | DEBUG | Starting new HTTPS connection (1): www.w3schools.com:443
2026-03-31 14:56:11 | DEBUG | https://www.w3schools.com:443 "GET /python/python_mysql_orderby.asp HTTP/1.1" 200 43555
2026-03-31 14:56:12 | DEBUG | Starting new HTTPS connection (1): www.w3schools.com:443
2026-03-31 14:56:13 | DEBUG | https://www.w3schools.com:443 "GET /python/python_mysql_delete.asp HTTP/1.1" 200 43887
2026-03-31 14:56:14 | DEBUG | Starting new HTTPS connection (1): www.w3schools.com:443
2026-03-31 14:56:14 | DEBUG | https://www.w3schools.com:443 "GET /python/python_mysql_drop_table.asp HTTP/1.1" 200 43516
2026-03-31 14:56:15 | DEBUG | Starting new HTTPS connection (1): www.w3schools.com:443
2026-03-31 14:56:16 | DEBUG | https://www.w3schools.com:443 "GET /python/python_mysql_update.asp HTTP/1.1" 200 43915
2026-03-31 14:56:17 | DEBUG | Starting new HTTPS connection (1): www.w3schools.com:443
2026-03-31 14:56:19 | DEBUG | https://www.w3schools.com:443 "GET /python/python_mysql_limit.asp HTTP/1.1" 200 43549
2026-03-31 14:56:20 | DEBUG | Starting new HTTPS connection (1): www.w3schools.com:443
2026-03-31 14:56:22 | DEBUG | https://www.w3schools.com:443 "GET /python/python_mysql_join.asp HTTP/1.1" 200 44119
2026-03-31 14:56:23 | DEBUG | Starting new HTTPS connection (1): www.w3schools.com:443
2026-03-31 14:56:25 | DEBUG | https://www.w3schools.com:443 "GET /python/python_mongodb_getstarted.asp HTTP/1.1" 200 43795
2026-03-31 14:56:26 | DEBUG | Starting new HTTPS connection (1): www.w3schools.com:443
2026-03-31 14:56:28 | DEBUG | https://www.w3schools.com:443 "GET /python/python_mongodb_create_db.asp HTTP/1.1" 200 43764
2026-03-31 14:56:29 | DEBUG | Starting new HTTPS connection (1): www.w3schools.com:443
2026-03-31 14:56:31 | DEBUG | https://www.w3schools.com:443 "GET /python/python_mongodb_create_collection.asp HTTP/1.1" 200 43735
2026-03-31 14:56:32 | DEBUG | Starting new HTTPS connection (1): www.w3schools.com:443
2026-03-31 14:56:34 | DEBUG | https://www.w3schools.com:443 "GET /python/python_mongodb_insert.asp HTTP/1.1" 200 44508
2026-03-31 14:56:35 | DEBUG | Starting new HTTPS connection (1): www.w3schools.com:443
2026-03-31 14:56:36 | DEBUG | https://www.w3schools.com:443 "GET /python/python_mongodb_find.asp HTTP/1.1" 200 44050
2026-03-31 14:56:37 | DEBUG | Starting new HTTPS connection (1): www.w3schools.com:443
2026-03-31 14:56:37 | DEBUG | https://www.w3schools.com:443 "GET /python/python_mongodb_query.asp HTTP/1.1" 200 43787
2026-03-31 14:56:38 | DEBUG | Starting new HTTPS connection (1): www.w3schools.com:443
2026-03-31 14:56:39 | DEBUG | https://www.w3schools.com:443 "GET /python/python_mongodb_sort.asp HTTP/1.1" 200 43534
2026-03-31 14:56:40 | DEBUG | Starting new HTTPS connection (1): www.w3schools.com:443
2026-03-31 14:56:41 | DEBUG | https://www.w3schools.com:443 "GET /python/python_mongodb_delete.asp HTTP/1.1" 200 43677
2026-03-31 14:56:43 | DEBUG | Starting new HTTPS connection (1): www.w3schools.com:443
2026-03-31 14:56:44 | DEBUG | https://www.w3schools.com:443 "GET /python/python_mongodb_drop_collection.asp HTTP/1.1" 200 43408
2026-03-31 14:56:45 | DEBUG | Starting new HTTPS connection (1): www.w3schools.com:443
2026-03-31 14:56:46 | DEBUG | https://www.w3schools.com:443 "GET /python/python_mongodb_update.asp HTTP/1.1" 200 43771
2026-03-31 14:56:48 | DEBUG | Starting new HTTPS connection (1): www.w3schools.com:443
2026-03-31 14:56:48 | DEBUG | https://www.w3schools.com:443 "GET /python/python_mongodb_limit.asp HTTP/1.1" 200 43765
2026-03-31 14:56:49 | DEBUG | Starting new HTTPS connection (1): www.w3schools.com:443
2026-03-31 14:56:50 | DEBUG | https://www.w3schools.com:443 "GET /python/python_ref_functions.asp HTTP/1.1" 200 44602
2026-03-31 14:56:51 | DEBUG | Starting new HTTPS connection (1): www.w3schools.com:443
2026-03-31 14:56:52 | DEBUG | https://www.w3schools.com:443 "GET /python/python_ref_string.asp HTTP/1.1" 200 44298
2026-03-31 14:56:53 | DEBUG | Starting new HTTPS connection (1): www.w3schools.com:443
2026-03-31 14:56:53 | DEBUG | https://www.w3schools.com:443 "GET /python/python_ref_list.asp HTTP/1.1" 200 43568
2026-03-31 14:56:54 | DEBUG | Starting new HTTPS connection (1): www.w3schools.com:443
2026-03-31 14:56:55 | DEBUG | https://www.w3schools.com:443 "GET /python/python_ref_dictionary.asp HTTP/1.1" 200 43465
2026-03-31 14:56:57 | DEBUG | Starting new HTTPS connection (1): www.w3schools.com:443
2026-03-31 14:56:58 | DEBUG | https://www.w3schools.com:443 "GET /python/python_ref_tuple.asp HTTP/1.1" 200 43288
2026-03-31 14:57:00 | DEBUG | Starting new HTTPS connection (1): www.w3schools.com:443
2026-03-31 14:57:01 | DEBUG | https://www.w3schools.com:443 "GET /python/python_ref_set.asp HTTP/1.1" 200 43838
2026-03-31 14:57:02 | DEBUG | Starting new HTTPS connection (1): www.w3schools.com:443
2026-03-31 14:57:03 | DEBUG | https://www.w3schools.com:443 "GET /python/python_ref_file.asp HTTP/1.1" 200 43602
2026-03-31 14:57:04 | DEBUG | Starting new HTTPS connection (1): www.w3schools.com:443
2026-03-31 14:57:05 | DEBUG | https://www.w3schools.com:443 "GET /python/python_ref_keywords.asp HTTP/1.1" 200 44073
2026-03-31 14:57:06 | DEBUG | Starting new HTTPS connection (1): www.w3schools.com:443
2026-03-31 14:57:08 | DEBUG | https://www.w3schools.com:443 "GET /python/python_ref_exceptions.asp HTTP/1.1" 200 44116
2026-03-31 14:57:09 | DEBUG | Starting new HTTPS connection (1): www.w3schools.com:443
2026-03-31 14:57:10 | DEBUG | https://www.w3schools.com:443 "GET /python/python_ref_glossary.asp HTTP/1.1" 200 48004
2026-03-31 14:57:12 | DEBUG | Starting new HTTPS connection (1): www.w3schools.com:443
2026-03-31 14:57:14 | DEBUG | https://www.w3schools.com:443 "GET /python/python_ref_modules.asp HTTP/1.1" 200 49676
2026-03-31 14:57:15 | DEBUG | Starting new HTTPS connection (1): www.w3schools.com:443
2026-03-31 14:57:17 | DEBUG | https://www.w3schools.com:443 "GET /python/python_howto_remove_duplicates.asp HTTP/1.1" 200 44057
2026-03-31 14:57:18 | DEBUG | Starting new HTTPS connection (1): www.w3schools.com:443
2026-03-31 14:57:20 | DEBUG | https://www.w3schools.com:443 "GET /python/python_howto_reverse_string.asp HTTP/1.1" 200 44067
2026-03-31 14:57:21 | DEBUG | Starting new HTTPS connection (1): www.w3schools.com:443
2026-03-31 14:57:23 | DEBUG | https://www.w3schools.com:443 "GET /python/python_howto_add_two_numbers.asp HTTP/1.1" 200 43378
2026-03-31 14:57:24 | DEBUG | Starting new HTTPS connection (1): www.w3schools.com:443
2026-03-31 14:57:25 | DEBUG | https://www.w3schools.com:443 "GET /python/python_compiler.asp HTTP/1.1" 200 44042
2026-03-31 14:57:26 | DEBUG | Starting new HTTPS connection (1): www.w3schools.com:443
2026-03-31 14:57:27 | DEBUG | https://www.w3schools.com:443 "GET /python/python_server.asp HTTP/1.1" 200 53590
2026-03-31 14:57:28 | DEBUG | Starting new HTTPS connection (1): www.w3schools.com:443
2026-03-31 14:57:30 | DEBUG | https://www.w3schools.com:443 "GET /python/python_syllabus.asp HTTP/1.1" 200 45956
2026-03-31 14:57:31 | DEBUG | Starting new HTTPS connection (1): www.w3schools.com:443
2026-03-31 14:57:33 | DEBUG | https://www.w3schools.com:443 "GET /python/python_study_plan.asp HTTP/1.1" 200 45260
2026-03-31 14:57:34 | DEBUG | Starting new HTTPS connection (1): www.w3schools.com:443
2026-03-31 14:57:36 | DEBUG | https://www.w3schools.com:443 "GET /python/python_interview_questions.asp HTTP/1.1" 200 47978
2026-03-31 14:57:37 | DEBUG | Starting new HTTPS connection (1): www.w3schools.com:443
2026-03-31 14:57:39 | DEBUG | https://www.w3schools.com:443 "GET /python/python_exam.asp HTTP/1.1" 200 46149
2026-03-31 14:57:40 | DEBUG | Starting new HTTPS connection (1): www.w3schools.com:443
2026-03-31 14:57:41 | DEBUG | https://www.w3schools.com:443 "GET /python/python_training.asp HTTP/1.1" 200 45717
2026-03-31 14:57:42 | DEBUG | Starting new HTTPS connection (1): www.w3schools.com:443
2026-03-31 14:57:44 | DEBUG | https://www.w3schools.com:443 "GET /js/js_intro.asp HTTP/1.1" 200 43566
2026-03-31 14:57:45 | DEBUG | Starting new HTTPS connection (1): www.w3schools.com:443
2026-03-31 14:57:46 | DEBUG | https://www.w3schools.com:443 "GET /js/js_whereto.asp HTTP/1.1" 200 44037
2026-03-31 14:57:47 | DEBUG | Starting new HTTPS connection (1): www.w3schools.com:443
2026-03-31 14:57:48 | DEBUG | https://www.w3schools.com:443 "GET /js/js_output.asp HTTP/1.1" 200 43725
2026-03-31 14:57:49 | DEBUG | Starting new HTTPS connection (1): www.w3schools.com:443
2026-03-31 14:57:49 | DEBUG | https://www.w3schools.com:443 "GET /js/js_syntax.asp HTTP/1.1" 200 43936
2026-03-31 14:57:50 | DEBUG | Starting new HTTPS connection (1): www.w3schools.com:443
2026-03-31 14:57:51 | DEBUG | https://www.w3schools.com:443 "GET /js/js_statements.asp HTTP/1.1" 200 44106
2026-03-31 14:57:52 | DEBUG | Starting new HTTPS connection (1): www.w3schools.com:443
2026-03-31 14:57:53 | DEBUG | https://www.w3schools.com:443 "GET /js/js_comments.asp HTTP/1.1" 200 43278
2026-03-31 14:57:54 | DEBUG | Starting new HTTPS connection (1): www.w3schools.com:443
2026-03-31 14:57:55 | DEBUG | https://www.w3schools.com:443 "GET /js/js_variables.asp HTTP/1.1" 200 45030
2026-03-31 14:57:56 | DEBUG | Starting new HTTPS connection (1): www.w3schools.com:443
2026-03-31 14:57:57 | DEBUG | https://www.w3schools.com:443 "GET /js/js_let.asp HTTP/1.1" 200 44329
2026-03-31 14:57:58 | DEBUG | Starting new HTTPS connection (1): www.w3schools.com:443
2026-03-31 14:57:59 | DEBUG | https://www.w3schools.com:443 "GET /js/js_const.asp HTTP/1.1" 200 44436
2026-03-31 14:58:01 | DEBUG | Starting new HTTPS connection (1): www.w3schools.com:443
2026-03-31 14:58:02 | DEBUG | https://www.w3schools.com:443 "GET /js/js_types.asp HTTP/1.1" 200 44149
2026-03-31 14:58:03 | DEBUG | Starting new HTTPS connection (1): www.w3schools.com:443
2026-03-31 14:58:04 | DEBUG | https://www.w3schools.com:443 "GET /js/js_operators.asp HTTP/1.1" 200 43906
2026-03-31 14:58:05 | DEBUG | Starting new HTTPS connection (1): www.w3schools.com:443
2026-03-31 14:58:06 | DEBUG | https://www.w3schools.com:443 "GET /js/js_arithmetic.asp HTTP/1.1" 200 43636
2026-03-31 14:58:07 | DEBUG | Starting new HTTPS connection (1): www.w3schools.com:443
2026-03-31 14:58:08 | DEBUG | https://www.w3schools.com:443 "GET /js/js_assignment.asp HTTP/1.1" 200 43976
2026-03-31 14:58:09 | DEBUG | Starting new HTTPS connection (1): www.w3schools.com:443
2026-03-31 14:58:10 | DEBUG | https://www.w3schools.com:443 "GET /js/js_comparisons.asp HTTP/1.1" 200 43636
2026-03-31 14:58:12 | DEBUG | Starting new HTTPS connection (1): www.w3schools.com:443
2026-03-31 14:58:13 | DEBUG | https://www.w3schools.com:443 "GET /js/js_conditionals.asp HTTP/1.1" 200 42802
2026-03-31 14:58:15 | DEBUG | Starting new HTTPS connection (1): www.w3schools.com:443
2026-03-31 14:58:15 | DEBUG | https://www.w3schools.com:443 "GET /js/js_if.asp HTTP/1.1" 200 42887
2026-03-31 14:58:16 | DEBUG | Starting new HTTPS connection (1): www.w3schools.com:443
2026-03-31 14:58:17 | DEBUG | https://www.w3schools.com:443 "GET /js/js_if_else.asp HTTP/1.1" 200 42874
2026-03-31 14:58:18 | DEBUG | Starting new HTTPS connection (1): www.w3schools.com:443
2026-03-31 14:58:19 | DEBUG | https://www.w3schools.com:443 "GET /js/js_if_ternary.asp HTTP/1.1" 200 43004
2026-03-31 14:58:21 | DEBUG | Starting new HTTPS connection (1): www.w3schools.com:443
2026-03-31 14:58:22 | DEBUG | https://www.w3schools.com:443 "GET /js/js_switch.asp HTTP/1.1" 200 44038
2026-03-31 14:58:23 | DEBUG | Starting new HTTPS connection (1): www.w3schools.com:443
2026-03-31 14:58:24 | DEBUG | https://www.w3schools.com:443 "GET /js/js_booleans.asp HTTP/1.1" 200 44184
2026-03-31 14:58:25 | DEBUG | Starting new HTTPS connection (1): www.w3schools.com:443
2026-03-31 14:58:26 | DEBUG | https://www.w3schools.com:443 "GET /js/js_logical.asp HTTP/1.1" 200 43526
2026-03-31 14:58:27 | DEBUG | Starting new HTTPS connection (1): www.w3schools.com:443
2026-03-31 14:58:29 | DEBUG | https://www.w3schools.com:443 "GET /js/js_loops.asp HTTP/1.1" 200 43510
2026-03-31 14:58:30 | DEBUG | Starting new HTTPS connection (1): www.w3schools.com:443
2026-03-31 14:58:31 | DEBUG | https://www.w3schools.com:443 "GET /js/js_loop_for.asp HTTP/1.1" 200 43532
2026-03-31 14:58:32 | DEBUG | Starting new HTTPS connection (1): www.w3schools.com:443
2026-03-31 14:58:33 | DEBUG | https://www.w3schools.com:443 "GET /js/js_loop_while.asp HTTP/1.1" 200 43074
2026-03-31 14:58:34 | DEBUG | Starting new HTTPS connection (1): www.w3schools.com:443
2026-03-31 14:58:35 | DEBUG | https://www.w3schools.com:443 "GET /js/js_break.asp HTTP/1.1" 200 43757
2026-03-31 14:58:36 | DEBUG | Starting new HTTPS connection (1): www.w3schools.com:443
2026-03-31 14:58:37 | DEBUG | https://www.w3schools.com:443 "GET /js/js_continue.asp HTTP/1.1" 200 42861
2026-03-31 14:58:38 | DEBUG | Starting new HTTPS connection (1): www.w3schools.com:443
2026-03-31 14:58:40 | DEBUG | https://www.w3schools.com:443 "GET /js/js_control_flow.asp HTTP/1.1" 200 43293
2026-03-31 14:58:41 | DEBUG | Starting new HTTPS connection (1): www.w3schools.com:443
2026-03-31 14:58:42 | DEBUG | https://www.w3schools.com:443 "GET /js/js_strings.asp HTTP/1.1" 200 44217
2026-03-31 14:58:43 | DEBUG | Starting new HTTPS connection (1): www.w3schools.com:443
2026-03-31 14:58:44 | DEBUG | https://www.w3schools.com:443 "GET /js/js_string_templates.asp HTTP/1.1" 200 43330
2026-03-31 14:58:45 | DEBUG | Starting new HTTPS connection (1): www.w3schools.com:443
2026-03-31 14:58:46 | DEBUG | https://www.w3schools.com:443 "GET /js/js_string_methods.asp HTTP/1.1" 200 47551
2026-03-31 14:58:47 | DEBUG | Starting new HTTPS connection (1): www.w3schools.com:443
2026-03-31 14:58:48 | DEBUG | https://www.w3schools.com:443 "GET /js/js_string_search.asp HTTP/1.1" 200 44369
2026-03-31 14:58:49 | DEBUG | Starting new HTTPS connection (1): www.w3schools.com:443
2026-03-31 14:58:50 | DEBUG | https://www.w3schools.com:443 "GET /js/js_string_reference.asp HTTP/1.1" 200 43959
2026-03-31 14:58:51 | DEBUG | Starting new HTTPS connection (1): www.w3schools.com:443
2026-03-31 14:58:52 | DEBUG | https://www.w3schools.com:443 "GET /js/js_numbers.asp HTTP/1.1" 200 45104
2026-03-31 14:58:54 | DEBUG | Starting new HTTPS connection (1): www.w3schools.com:443
2026-03-31 14:58:55 | DEBUG | https://www.w3schools.com:443 "GET /js/js_number_methods.asp HTTP/1.1" 200 44999
2026-03-31 14:58:56 | DEBUG | Starting new HTTPS connection (1): www.w3schools.com:443
2026-03-31 14:58:57 | DEBUG | https://www.w3schools.com:443 "GET /js/js_number_properties.asp HTTP/1.1" 200 43563
2026-03-31 14:58:58 | DEBUG | Starting new HTTPS connection (1): www.w3schools.com:443
2026-03-31 14:58:59 | DEBUG | https://www.w3schools.com:443 "GET /js/js_number_reference.asp HTTP/1.1" 200 43049
2026-03-31 14:59:00 | DEBUG | Starting new HTTPS connection (1): www.w3schools.com:443
2026-03-31 14:59:00 | DEBUG | https://www.w3schools.com:443 "GET /js/js_bitwise.asp HTTP/1.1" 200 44651
2026-03-31 14:59:01 | DEBUG | Starting new HTTPS connection (1): www.w3schools.com:443
2026-03-31 14:59:01 | DEBUG | https://www.w3schools.com:443 "GET /js/js_bigint.asp HTTP/1.1" 200 45295
2026-03-31 14:59:03 | DEBUG | Starting new HTTPS connection (1): www.w3schools.com:443
2026-03-31 14:59:03 | DEBUG | https://www.w3schools.com:443 "GET /js/js_functions.asp HTTP/1.1" 200 43413
2026-03-31 14:59:04 | DEBUG | Starting new HTTPS connection (1): www.w3schools.com:443
2026-03-31 14:59:05 | DEBUG | https://www.w3schools.com:443 "GET /js/js_function_intro.asp HTTP/1.1" 200 44086
2026-03-31 14:59:06 | DEBUG | Starting new HTTPS connection (1): www.w3schools.com:443
2026-03-31 14:59:08 | DEBUG | https://www.w3schools.com:443 "GET /js/js_function_invocation.asp HTTP/1.1" 200 43765
2026-03-31 14:59:09 | DEBUG | Starting new HTTPS connection (1): www.w3schools.com:443
2026-03-31 14:59:10 | DEBUG | https://www.w3schools.com:443 "GET /js/js_function_parameters.asp HTTP/1.1" 200 43167
2026-03-31 14:59:11 | DEBUG | Starting new HTTPS connection (1): www.w3schools.com:443
2026-03-31 14:59:12 | DEBUG | https://www.w3schools.com:443 "GET /js/js_function_return.asp HTTP/1.1" 200 43502
2026-03-31 14:59:13 | DEBUG | Starting new HTTPS connection (1): www.w3schools.com:443
2026-03-31 14:59:14 | DEBUG | https://www.w3schools.com:443 "GET /js/js_function_arguments.asp HTTP/1.1" 200 44298
2026-03-31 14:59:15 | DEBUG | Starting new HTTPS connection (1): www.w3schools.com:443
2026-03-31 14:59:16 | DEBUG | https://www.w3schools.com:443 "GET /js/js_function_expressions.asp HTTP/1.1" 200 44250
2026-03-31 14:59:17 | DEBUG | Starting new HTTPS connection (1): www.w3schools.com:443
2026-03-31 14:59:18 | DEBUG | https://www.w3schools.com:443 "GET /js/js_arrow_function.asp HTTP/1.1" 200 43935
2026-03-31 14:59:20 | DEBUG | Starting new HTTPS connection (1): www.w3schools.com:443
2026-03-31 14:59:20 | DEBUG | https://www.w3schools.com:443 "GET /js/js_objects.asp HTTP/1.1" 200 43205
2026-03-31 14:59:22 | DEBUG | Starting new HTTPS connection (1): www.w3schools.com:443
2026-03-31 14:59:23 | DEBUG | https://www.w3schools.com:443 "GET /js/js_object_intro.asp HTTP/1.1" 200 44500
2026-03-31 14:59:24 | DEBUG | Starting new HTTPS connection (1): www.w3schools.com:443
2026-03-31 14:59:25 | DEBUG | https://www.w3schools.com:443 "GET /js/js_object_properties.asp HTTP/1.1" 200 43746
2026-03-31 14:59:26 | DEBUG | Starting new HTTPS connection (1): www.w3schools.com:443
2026-03-31 14:59:27 | DEBUG | https://www.w3schools.com:443 "GET /js/js_object_methods.asp HTTP/1.1" 200 43534
2026-03-31 14:59:29 | DEBUG | Starting new HTTPS connection (1): www.w3schools.com:443
2026-03-31 14:59:30 | DEBUG | https://www.w3schools.com:443 "GET /js/js_object_this.asp HTTP/1.1" 200 43158
2026-03-31 14:59:31 | DEBUG | Starting new HTTPS connection (1): www.w3schools.com:443
2026-03-31 14:59:32 | DEBUG | https://www.w3schools.com:443 "GET /js/js_object_display.asp HTTP/1.1" 200 43464
2026-03-31 14:59:33 | DEBUG | Starting new HTTPS connection (1): www.w3schools.com:443
2026-03-31 14:59:34 | DEBUG | https://www.w3schools.com:443 "GET /js/js_object_constructors.asp HTTP/1.1" 200 43959
2026-03-31 14:59:35 | DEBUG | Starting new HTTPS connection (1): www.w3schools.com:443
2026-03-31 14:59:37 | DEBUG | https://www.w3schools.com:443 "GET /js/js_scope.asp HTTP/1.1" 200 43950
2026-03-31 14:59:38 | DEBUG | Starting new HTTPS connection (1): www.w3schools.com:443
2026-03-31 14:59:39 | DEBUG | https://www.w3schools.com:443 "GET /js/js_codeblocks.asp HTTP/1.1" 200 43189
2026-03-31 14:59:40 | DEBUG | Starting new HTTPS connection (1): www.w3schools.com:443
2026-03-31 14:59:42 | DEBUG | https://www.w3schools.com:443 "GET /js/js_hoisting.asp HTTP/1.1" 200 43589
2026-03-31 14:59:44 | DEBUG | Starting new HTTPS connection (1): www.w3schools.com:443
2026-03-31 14:59:46 | DEBUG | https://www.w3schools.com:443 "GET /js/js_strict.asp HTTP/1.1" 200 44416
2026-03-31 14:59:48 | DEBUG | Starting new HTTPS connection (1): www.w3schools.com:443
2026-03-31 14:59:50 | DEBUG | https://www.w3schools.com:443 "GET /js/js_dates.asp HTTP/1.1" 200 44428
2026-03-31 14:59:51 | DEBUG | Starting new HTTPS connection (1): www.w3schools.com:443
2026-03-31 14:59:52 | DEBUG | https://www.w3schools.com:443 "GET /js/js_date_formats.asp HTTP/1.1" 200 44065
2026-03-31 14:59:53 | DEBUG | Starting new HTTPS connection (1): www.w3schools.com:443
2026-03-31 14:59:55 | DEBUG | https://www.w3schools.com:443 "GET /js/js_date_methods.asp HTTP/1.1" 200 44585
2026-03-31 14:59:56 | DEBUG | Starting new HTTPS connection (1): www.w3schools.com:443
2026-03-31 14:59:59 | DEBUG | https://www.w3schools.com:443 "GET /js/js_date_methods_set.asp HTTP/1.1" 200 43344
2026-03-31 15:00:00 | DEBUG | Starting new HTTPS connection (1): www.w3schools.com:443
2026-03-31 15:00:03 | DEBUG | https://www.w3schools.com:443 "GET /js/js_date_reference.asp HTTP/1.1" 200 43458
2026-03-31 15:00:04 | DEBUG | Starting new HTTPS connection (1): www.w3schools.com:443
2026-03-31 15:00:06 | DEBUG | https://www.w3schools.com:443 "GET /js/js_arrays.asp HTTP/1.1" 200 46285
2026-03-31 15:00:07 | DEBUG | Starting new HTTPS connection (1): www.w3schools.com:443
2026-03-31 15:00:09 | DEBUG | https://www.w3schools.com:443 "GET /js/js_array_methods.asp HTTP/1.1" 200 46610
2026-03-31 15:00:10 | DEBUG | Starting new HTTPS connection (1): www.w3schools.com:443
2026-03-31 15:00:11 | DEBUG | https://www.w3schools.com:443 "GET /js/js_array_search.asp HTTP/1.1" 200 44420
2026-03-31 15:00:12 | DEBUG | Starting new HTTPS connection (1): www.w3schools.com:443
2026-03-31 15:00:13 | DEBUG | https://www.w3schools.com:443 "GET /js/js_array_sort.asp HTTP/1.1" 200 45762
2026-03-31 15:00:15 | DEBUG | Starting new HTTPS connection (1): www.w3schools.com:443
2026-03-31 15:00:16 | DEBUG | https://www.w3schools.com:443 "GET /js/js_array_iteration.asp HTTP/1.1" 200 45783
2026-03-31 15:00:17 | DEBUG | Starting new HTTPS connection (1): www.w3schools.com:443
2026-03-31 15:00:18 | DEBUG | https://www.w3schools.com:443 "GET /js/js_array_reference.asp HTTP/1.1" 200 43484
2026-03-31 15:00:19 | DEBUG | Starting new HTTPS connection (1): www.w3schools.com:443
2026-03-31 15:00:20 | DEBUG | https://www.w3schools.com:443 "GET /js/js_array_const.asp HTTP/1.1" 200 43490
2026-03-31 15:00:21 | DEBUG | Starting new HTTPS connection (1): www.w3schools.com:443
2026-03-31 15:00:23 | DEBUG | https://www.w3schools.com:443 "GET /js/js_sets.asp HTTP/1.1" 200 43322
2026-03-31 15:00:24 | DEBUG | Starting new HTTPS connection (1): www.w3schools.com:443
2026-03-31 15:00:25 | DEBUG | https://www.w3schools.com:443 "GET /js/js_set_methods.asp HTTP/1.1" 200 43609
2026-03-31 15:00:26 | DEBUG | Starting new HTTPS connection (1): www.w3schools.com:443
2026-03-31 15:00:27 | DEBUG | https://www.w3schools.com:443 "GET /js/js_set_logic.asp HTTP/1.1" 200 43458
2026-03-31 15:00:29 | DEBUG | Starting new HTTPS connection (1): www.w3schools.com:443
2026-03-31 15:00:30 | DEBUG | https://www.w3schools.com:443 "GET /js/js_sets_weak.asp HTTP/1.1" 200 44203
2026-03-31 15:00:31 | DEBUG | Starting new HTTPS connection (1): www.w3schools.com:443
2026-03-31 15:00:32 | DEBUG | https://www.w3schools.com:443 "GET /js/js_set_reference.asp HTTP/1.1" 200 42760
2026-03-31 15:00:33 | DEBUG | Starting new HTTPS connection (1): www.w3schools.com:443
2026-03-31 15:00:35 | DEBUG | https://www.w3schools.com:443 "GET /js/js_maps.asp HTTP/1.1" 200 43827
2026-03-31 15:00:36 | DEBUG | Starting new HTTPS connection (1): www.w3schools.com:443
2026-03-31 15:00:37 | DEBUG | https://www.w3schools.com:443 "GET /js/js_map_methods.asp HTTP/1.1" 200 44016
2026-03-31 15:00:39 | DEBUG | Starting new HTTPS connection (1): www.w3schools.com:443
2026-03-31 15:00:40 | DEBUG | https://www.w3schools.com:443 "GET /js/js_maps_weak.asp HTTP/1.1" 200 44411
2026-03-31 15:00:41 | DEBUG | Starting new HTTPS connection (1): www.w3schools.com:443
2026-03-31 15:00:43 | DEBUG | https://www.w3schools.com:443 "GET /js/js_map_reference.asp HTTP/1.1" 200 42629
2026-03-31 15:00:44 | DEBUG | Starting new HTTPS connection (1): www.w3schools.com:443
2026-03-31 15:00:47 | DEBUG | https://www.w3schools.com:443 "GET /js/js_looping.asp HTTP/1.1" 200 43791
2026-03-31 15:00:48 | DEBUG | Starting new HTTPS connection (1): www.w3schools.com:443
2026-03-31 15:00:50 | DEBUG | https://www.w3schools.com:443 "GET /js/js_iterables.asp HTTP/1.1" 200 43859
2026-03-31 15:00:52 | DEBUG | Starting new HTTPS connection (1): www.w3schools.com:443
2026-03-31 15:00:53 | DEBUG | https://www.w3schools.com:443 "GET /js/js_iterators.asp HTTP/1.1" 200 44301
2026-03-31 15:00:55 | DEBUG | Starting new HTTPS connection (1): www.w3schools.com:443
2026-03-31 15:00:56 | DEBUG | https://www.w3schools.com:443 "GET /js/js_generators.asp HTTP/1.1" 200 43471
2026-03-31 15:00:58 | DEBUG | Starting new HTTPS connection (1): www.w3schools.com:443
2026-03-31 15:00:59 | DEBUG | https://www.w3schools.com:443 "GET /js/js_math.asp HTTP/1.1" 200 43981
2026-03-31 15:01:00 | DEBUG | Starting new HTTPS connection (1): www.w3schools.com:443
2026-03-31 15:01:02 | DEBUG | https://www.w3schools.com:443 "GET /js/js_math_reference.asp HTTP/1.1" 200 43277
2026-03-31 15:01:03 | DEBUG | Starting new HTTPS connection (1): www.w3schools.com:443
2026-03-31 15:01:06 | DEBUG | https://www.w3schools.com:443 "GET /js/js_random.asp HTTP/1.1" 200 43280
2026-03-31 15:01:07 | DEBUG | Starting new HTTPS connection (1): www.w3schools.com:443
2026-03-31 15:01:10 | DEBUG | https://www.w3schools.com:443 "GET /js/js_regexp.asp HTTP/1.1" 200 44718
2026-03-31 15:01:11 | DEBUG | Starting new HTTPS connection (1): www.w3schools.com:443
2026-03-31 15:01:13 | DEBUG | https://www.w3schools.com:443 "GET /js/js_regexp_flags.asp HTTP/1.1" 200 45073
2026-03-31 15:01:15 | DEBUG | Starting new HTTPS connection (1): www.w3schools.com:443
2026-03-31 15:01:17 | DEBUG | https://www.w3schools.com:443 "GET /js/js_regexp_characters.asp HTTP/1.1" 200 43258
2026-03-31 15:01:18 | DEBUG | Starting new HTTPS connection (1): www.w3schools.com:443
2026-03-31 15:01:20 | DEBUG | https://www.w3schools.com:443 "GET /js/js_regexp_meta_characters.asp HTTP/1.1" 200 43532
2026-03-31 15:01:21 | DEBUG | Starting new HTTPS connection (1): www.w3schools.com:443
2026-03-31 15:01:23 | DEBUG | https://www.w3schools.com:443 "GET /js/js_regexp_assertions.asp HTTP/1.1" 200 44389
2026-03-31 15:01:24 | DEBUG | Starting new HTTPS connection (1): www.w3schools.com:443
2026-03-31 15:01:26 | DEBUG | https://www.w3schools.com:443 "GET /js/js_regexp_quantifiers.asp HTTP/1.1" 200 43357
2026-03-31 15:01:27 | DEBUG | Starting new HTTPS connection (1): www.w3schools.com:443
2026-03-31 15:01:29 | DEBUG | https://www.w3schools.com:443 "GET /js/js_regexp_patterns.asp HTTP/1.1" 200 43781
2026-03-31 15:01:31 | DEBUG | Starting new HTTPS connection (1): www.w3schools.com:443
2026-03-31 15:01:32 | DEBUG | https://www.w3schools.com:443 "GET /js/js_regexp_objects.asp HTTP/1.1" 200 43473
2026-03-31 15:01:33 | DEBUG | Starting new HTTPS connection (1): www.w3schools.com:443
2026-03-31 15:01:35 | DEBUG | https://www.w3schools.com:443 "GET /js/js_regexp_methods.asp HTTP/1.1" 200 43094
2026-03-31 15:01:36 | DEBUG | Starting new HTTPS connection (1): www.w3schools.com:443
2026-03-31 15:01:37 | DEBUG | https://www.w3schools.com:443 "GET /js/js_destructuring.asp HTTP/1.1" 200 43245
2026-03-31 15:01:38 | DEBUG | Starting new HTTPS connection (1): www.w3schools.com:443
2026-03-31 15:01:40 | DEBUG | https://www.w3schools.com:443 "GET /js/js_datatypes.asp HTTP/1.1" 200 44237
2026-03-31 15:01:41 | DEBUG | Starting new HTTPS connection (1): www.w3schools.com:443
2026-03-31 15:01:42 | DEBUG | https://www.w3schools.com:443 "GET /js/js_datatypes_primitives.asp HTTP/1.1" 200 44316
2026-03-31 15:01:43 | DEBUG | Starting new HTTPS connection (1): www.w3schools.com:443
2026-03-31 15:01:45 | DEBUG | https://www.w3schools.com:443 "GET /js/js_datatypes_objects.asp HTTP/1.1" 200 43767
2026-03-31 15:01:46 | DEBUG | Starting new HTTPS connection (1): www.w3schools.com:443
2026-03-31 15:01:48 | DEBUG | https://www.w3schools.com:443 "GET /js/js_typeof.asp HTTP/1.1" 200 44662
2026-03-31 15:01:50 | DEBUG | Starting new HTTPS connection (1): www.w3schools.com:443
2026-03-31 15:01:51 | DEBUG | https://www.w3schools.com:443 "GET /js/js_tostring.asp HTTP/1.1" 200 42931
2026-03-31 15:01:52 | DEBUG | Starting new HTTPS connection (1): www.w3schools.com:443
2026-03-31 15:01:55 | DEBUG | https://www.w3schools.com:443 "GET /js/js_type_conversion.asp HTTP/1.1" 200 44954
2026-03-31 15:01:56 | DEBUG | Starting new HTTPS connection (1): www.w3schools.com:443
2026-03-31 15:01:59 | DEBUG | https://www.w3schools.com:443 "GET /js/js_errors_intro.asp HTTP/1.1" 200 44345
2026-03-31 15:02:00 | DEBUG | Starting new HTTPS connection (1): www.w3schools.com:443
2026-03-31 15:02:02 | DEBUG | https://www.w3schools.com:443 "GET /js/js_errors_silent.asp HTTP/1.1" 200 43026
2026-03-31 15:02:03 | DEBUG | Starting new HTTPS connection (1): www.w3schools.com:443
2026-03-31 15:02:04 | DEBUG | https://www.w3schools.com:443 "GET /js/js_errors.asp HTTP/1.1" 200 44021
2026-03-31 15:02:05 | DEBUG | Starting new HTTPS connection (1): www.w3schools.com:443
2026-03-31 15:02:06 | DEBUG | https://www.w3schools.com:443 "GET /js/js_error_object.asp HTTP/1.1" 200 42976
2026-03-31 15:02:07 | DEBUG | Starting new HTTPS connection (1): www.w3schools.com:443
2026-03-31 15:02:08 | DEBUG | https://www.w3schools.com:443 "GET /js/js_debugging.asp HTTP/1.1" 200 44805
2026-03-31 15:02:09 | DEBUG | Starting new HTTPS connection (1): www.w3schools.com:443
2026-03-31 15:02:11 | DEBUG | https://www.w3schools.com:443 "GET /js/js_debugging_console.asp HTTP/1.1" 200 43391
2026-03-31 15:02:12 | DEBUG | Starting new HTTPS connection (1): www.w3schools.com:443
2026-03-31 15:02:13 | DEBUG | https://www.w3schools.com:443 "GET /js/js_debugging_breakpoints.asp HTTP/1.1" 200 43725
2026-03-31 15:02:14 | DEBUG | Starting new HTTPS connection (1): www.w3schools.com:443
2026-03-31 15:02:15 | DEBUG | https://www.w3schools.com:443 "GET /js/js_debugging_errors.asp HTTP/1.1" 200 43281
2026-03-31 15:02:17 | DEBUG | Starting new HTTPS connection (1): www.w3schools.com:443
2026-03-31 15:02:19 | DEBUG | https://www.w3schools.com:443 "GET /js/js_debugging_async.asp HTTP/1.1" 200 43265
2026-03-31 15:02:20 | DEBUG | Starting new HTTPS connection (1): www.w3schools.com:443
2026-03-31 15:02:22 | DEBUG | https://www.w3schools.com:443 "GET /js/js_debugging_reference.asp HTTP/1.1" 200 43013
2026-03-31 15:02:23 | DEBUG | Starting new HTTPS connection (1): www.w3schools.com:443
2026-03-31 15:02:26 | DEBUG | https://www.w3schools.com:443 "GET /js/js_conventions.asp HTTP/1.1" 200 44985
2026-03-31 15:02:27 | DEBUG | Starting new HTTPS connection (1): www.w3schools.com:443
2026-03-31 15:02:29 | DEBUG | https://www.w3schools.com:443 "GET /js/js_best_practices.asp HTTP/1.1" 200 45080
2026-03-31 15:02:31 | DEBUG | Starting new HTTPS connection (1): www.w3schools.com:443
2026-03-31 15:02:33 | DEBUG | https://www.w3schools.com:443 "GET /js/js_mistakes.asp HTTP/1.1" 200 45027
2026-03-31 15:02:34 | DEBUG | Starting new HTTPS connection (1): www.w3schools.com:443
2026-03-31 15:02:36 | DEBUG | https://www.w3schools.com:443 "GET /js/js_performance.asp HTTP/1.1" 200 43469
2026-03-31 15:02:37 | DEBUG | Starting new HTTPS connection (1): www.w3schools.com:443
2026-03-31 15:02:39 | DEBUG | https://www.w3schools.com:443 "GET /js/js_statements_reference.asp HTTP/1.1" 200 43092
2026-03-31 15:02:40 | DEBUG | Starting new HTTPS connection (1): www.w3schools.com:443
2026-03-31 15:02:42 | DEBUG | https://www.w3schools.com:443 "GET /js/js_reserved.asp HTTP/1.1" 200 43709
2026-03-31 15:02:43 | DEBUG | Starting new HTTPS connection (1): www.w3schools.com:443
2026-03-31 15:02:44 | DEBUG | https://www.w3schools.com:443 "GET /js/js_operators_reference.asp HTTP/1.1" 200 44656
2026-03-31 15:02:45 | DEBUG | Starting new HTTPS connection (1): www.w3schools.com:443
2026-03-31 15:02:46 | DEBUG | https://www.w3schools.com:443 "GET /js/js_precedence.asp HTTP/1.1" 200 44454
2026-03-31 15:02:48 | DEBUG | Starting new HTTPS connection (1): www.w3schools.com:443
2026-03-31 15:02:49 | DEBUG | https://www.w3schools.com:443 "GET /js/js_2026.asp HTTP/1.1" 200 45196
2026-03-31 15:02:50 | DEBUG | Starting new HTTPS connection (1): www.w3schools.com:443
2026-03-31 15:02:51 | DEBUG | https://www.w3schools.com:443 "GET /js/js_2025.asp HTTP/1.1" 200 46690
2026-03-31 15:02:52 | DEBUG | Starting new HTTPS connection (1): www.w3schools.com:443
2026-03-31 15:02:54 | DEBUG | https://www.w3schools.com:443 "GET /js/js_2024.asp HTTP/1.1" 200 44239
2026-03-31 15:02:56 | DEBUG | Starting new HTTPS connection (1): www.w3schools.com:443
2026-03-31 15:02:57 | DEBUG | https://www.w3schools.com:443 "GET /js/js_2023.asp HTTP/1.1" 200 43664
2026-03-31 15:02:58 | DEBUG | Starting new HTTPS connection (1): www.w3schools.com:443
2026-03-31 15:03:00 | DEBUG | https://www.w3schools.com:443 "GET /js/js_2022.asp HTTP/1.1" 200 44387
2026-03-31 15:03:02 | DEBUG | Starting new HTTPS connection (1): www.w3schools.com:443
2026-03-31 15:03:04 | DEBUG | https://www.w3schools.com:443 "GET /js/js_2021.asp HTTP/1.1" 200 43427
2026-03-31 15:03:05 | DEBUG | Starting new HTTPS connection (1): www.w3schools.com:443
2026-03-31 15:03:07 | DEBUG | https://www.w3schools.com:443 "GET /js/js_2020.asp HTTP/1.1" 200 45844
2026-03-31 15:03:08 | DEBUG | Starting new HTTPS connection (1): www.w3schools.com:443
2026-03-31 15:03:10 | DEBUG | https://www.w3schools.com:443 "GET /js/js_2019.asp HTTP/1.1" 200 44532
2026-03-31 15:03:12 | DEBUG | Starting new HTTPS connection (1): www.w3schools.com:443
2026-03-31 15:03:13 | DEBUG | https://www.w3schools.com:443 "GET /js/js_2018.asp HTTP/1.1" 200 44576
2026-03-31 15:03:14 | DEBUG | Starting new HTTPS connection (1): www.w3schools.com:443
2026-03-31 15:03:15 | DEBUG | https://www.w3schools.com:443 "GET /js/js_2017.asp HTTP/1.1" 200 44102
2026-03-31 15:03:16 | DEBUG | Starting new HTTPS connection (1): www.w3schools.com:443
2026-03-31 15:03:18 | DEBUG | https://www.w3schools.com:443 "GET /js/js_2016.asp HTTP/1.1" 200 43061
2026-03-31 15:03:20 | DEBUG | Starting new HTTPS connection (1): www.w3schools.com:443
2026-03-31 15:03:21 | DEBUG | https://www.w3schools.com:443 "GET /js/js_versions.asp HTTP/1.1" 200 43645
2026-03-31 15:03:22 | DEBUG | Starting new HTTPS connection (1): www.w3schools.com:443
2026-03-31 15:03:23 | DEBUG | https://www.w3schools.com:443 "GET /js/js_es6.asp HTTP/1.1" 200 50469
2026-03-31 15:03:24 | DEBUG | Starting new HTTPS connection (1): www.w3schools.com:443
2026-03-31 15:03:26 | DEBUG | https://www.w3schools.com:443 "GET /js/js_es5.asp HTTP/1.1" 200 47723
2026-03-31 15:03:28 | DEBUG | Starting new HTTPS connection (1): www.w3schools.com:443
2026-03-31 15:03:30 | DEBUG | https://www.w3schools.com:443 "GET /js/js_es3.asp HTTP/1.1" 200 43497
2026-03-31 15:03:31 | DEBUG | Starting new HTTPS connection (1): www.w3schools.com:443
2026-03-31 15:03:33 | DEBUG | https://www.w3schools.com:443 "GET /js/js_ie_edge.asp HTTP/1.1" 301 85
2026-03-31 15:03:34 | DEBUG | https://www.w3schools.com:443 "GET /js/js_history.asp HTTP/1.1" 200 44582
2026-03-31 15:03:35 | DEBUG | Starting new HTTPS connection (1): www.w3schools.com:443
2026-03-31 15:03:36 | DEBUG | https://www.w3schools.com:443 "GET /js/js_history.asp HTTP/1.1" 200 44582
2026-03-31 15:03:37 | DEBUG | Starting new HTTPS connection (1): www.w3schools.com:443
2026-03-31 15:03:38 | DEBUG | https://www.w3schools.com:443 "GET /js/js_htmldom.asp HTTP/1.1" 200 43296
2026-03-31 15:03:39 | DEBUG | Starting new HTTPS connection (1): www.w3schools.com:443
2026-03-31 15:03:40 | DEBUG | https://www.w3schools.com:443 "GET /js/js_htmldom_methods.asp HTTP/1.1" 200 43668
2026-03-31 15:03:41 | DEBUG | Starting new HTTPS connection (1): www.w3schools.com:443
2026-03-31 15:03:42 | DEBUG | https://www.w3schools.com:443 "GET /js/js_htmldom_elements.asp HTTP/1.1" 200 43528
2026-03-31 15:03:43 | DEBUG | Starting new HTTPS connection (1): www.w3schools.com:443
2026-03-31 15:03:44 | DEBUG | https://www.w3schools.com:443 "GET /js/js_htmldom_html.asp HTTP/1.1" 200 43387
2026-03-31 15:03:45 | DEBUG | Starting new HTTPS connection (1): www.w3schools.com:443
2026-03-31 15:03:45 | DEBUG | https://www.w3schools.com:443 "GET /js/js_htmldom_css.asp HTTP/1.1" 200 42991
2026-03-31 15:03:46 | DEBUG | Starting new HTTPS connection (1): www.w3schools.com:443
2026-03-31 15:03:47 | DEBUG | https://www.w3schools.com:443 "GET /js/js_validation.asp HTTP/1.1" 200 43803
2026-03-31 15:03:48 | DEBUG | Starting new HTTPS connection (1): www.w3schools.com:443
2026-03-31 15:03:49 | DEBUG | https://www.w3schools.com:443 "GET /js/js_htmldom_animate.asp HTTP/1.1" 200 43004
2026-03-31 15:03:49 | DEBUG | Starting new HTTPS connection (1): www.w3schools.com:443
2026-03-31 15:03:50 | DEBUG | https://www.w3schools.com:443 "GET /js/js_htmldom_document.asp HTTP/1.1" 200 43886
2026-03-31 15:03:51 | DEBUG | Starting new HTTPS connection (1): www.w3schools.com:443
2026-03-31 15:03:52 | DEBUG | https://www.w3schools.com:443 "GET /js/js_htmldom_element_reference.asp HTTP/1.1" 200 44502
2026-03-31 15:03:53 | DEBUG | Starting new HTTPS connection (1): www.w3schools.com:443
2026-03-31 15:03:55 | DEBUG | https://www.w3schools.com:443 "GET /js/js_events.asp HTTP/1.1" 200 44034
2026-03-31 15:03:56 | DEBUG | Starting new HTTPS connection (1): www.w3schools.com:443
2026-03-31 15:03:58 | DEBUG | https://www.w3schools.com:443 "GET /js/js_events_mouse.asp HTTP/1.1" 200 43396
2026-03-31 15:03:59 | DEBUG | Starting new HTTPS connection (1): www.w3schools.com:443
2026-03-31 15:04:00 | DEBUG | https://www.w3schools.com:443 "GET /js/js_events_keyboard.asp HTTP/1.1" 200 43166
2026-03-31 15:04:01 | DEBUG | Starting new HTTPS connection (1): www.w3schools.com:443
2026-03-31 15:04:01 | DEBUG | https://www.w3schools.com:443 "GET /js/js_events_load.asp HTTP/1.1" 200 43173
2026-03-31 15:04:02 | DEBUG | Starting new HTTPS connection (1): www.w3schools.com:443
2026-03-31 15:04:03 | DEBUG | https://www.w3schools.com:443 "GET /js/js_events_timing.asp HTTP/1.1" 200 43596
2026-03-31 15:04:04 | DEBUG | Starting new HTTPS connection (1): www.w3schools.com:443
2026-03-31 15:04:04 | DEBUG | https://www.w3schools.com:443 "GET /js/js_events_management.asp HTTP/1.1" 200 42737
2026-03-31 15:04:05 | DEBUG | Starting new HTTPS connection (1): www.w3schools.com:443
2026-03-31 15:04:06 | DEBUG | https://www.w3schools.com:443 "GET /js/js_htmldom_events.asp HTTP/1.1" 200 43945
2026-03-31 15:04:07 | DEBUG | Starting new HTTPS connection (1): www.w3schools.com:443
2026-03-31 15:04:07 | DEBUG | https://www.w3schools.com:443 "GET /js/js_htmldom_eventlistener.asp HTTP/1.1" 200 43986
2026-03-31 15:04:09 | DEBUG | Starting new HTTPS connection (1): www.w3schools.com:443
2026-03-31 15:04:09 | DEBUG | https://www.w3schools.com:443 "GET /js/js_project_counter.asp HTTP/1.1" 200 43948
2026-03-31 15:04:10 | DEBUG | Starting new HTTPS connection (1): www.w3schools.com:443
2026-03-31 15:04:11 | DEBUG | https://www.w3schools.com:443 "GET /js/js_project_eventlistener.asp HTTP/1.1" 200 43954
2026-03-31 15:04:12 | DEBUG | Starting new HTTPS connection (1): www.w3schools.com:443
2026-03-31 15:04:13 | DEBUG | https://www.w3schools.com:443 "GET /js/js_project_todo.asp HTTP/1.1" 200 44224
2026-03-31 15:04:13 | DEBUG | Starting new HTTPS connection (1): www.w3schools.com:443
2026-03-31 15:04:15 | DEBUG | https://www.w3schools.com:443 "GET /js/js_project_modal_popup.asp HTTP/1.1" 200 44340
2026-03-31 15:04:16 | DEBUG | Starting new HTTPS connection (1): www.w3schools.com:443
2026-03-31 15:04:17 | DEBUG | https://www.w3schools.com:443 "GET /js/js_project_form_validation.asp HTTP/1.1" 200 44208
2026-03-31 15:04:18 | DEBUG | Starting new HTTPS connection (1): www.w3schools.com:443
2026-03-31 15:04:19 | DEBUG | https://www.w3schools.com:443 "GET /js/js_temporal.asp HTTP/1.1" 200 44201
2026-03-31 15:04:20 | DEBUG | Starting new HTTPS connection (1): www.w3schools.com:443
2026-03-31 15:04:21 | DEBUG | https://www.w3schools.com:443 "GET /js/js_temporal_intro.asp HTTP/1.1" 200 44913
2026-03-31 15:04:21 | DEBUG | Starting new HTTPS connection (1): www.w3schools.com:443
2026-03-31 15:04:22 | DEBUG | https://www.w3schools.com:443 "GET /js/js_temporal_vs_date.asp HTTP/1.1" 200 45281
2026-03-31 15:04:23 | DEBUG | Starting new HTTPS connection (1): www.w3schools.com:443
2026-03-31 15:04:24 | DEBUG | https://www.w3schools.com:443 "GET /js/js_temporal_duration.asp HTTP/1.1" 200 45398
2026-03-31 15:04:25 | DEBUG | Starting new HTTPS connection (1): www.w3schools.com:443
2026-03-31 15:04:26 | DEBUG | https://www.w3schools.com:443 "GET /js/js_temporal_instant.asp HTTP/1.1" 200 44631
2026-03-31 15:04:28 | DEBUG | Starting new HTTPS connection (1): www.w3schools.com:443
2026-03-31 15:04:29 | DEBUG | https://www.w3schools.com:443 "GET /js/js_temporal_plaindatetime.asp HTTP/1.1" 200 44299
2026-03-31 15:04:30 | DEBUG | Starting new HTTPS connection (1): www.w3schools.com:443
2026-03-31 15:04:32 | DEBUG | https://www.w3schools.com:443 "GET /js/js_temporal_plain.asp HTTP/1.1" 200 45396
2026-03-31 15:04:33 | DEBUG | Starting new HTTPS connection (1): www.w3schools.com:443
2026-03-31 15:04:34 | DEBUG | https://www.w3schools.com:443 "GET /js/js_temporal_plainyearmonth.asp HTTP/1.1" 200 43185
2026-03-31 15:04:35 | DEBUG | Starting new HTTPS connection (1): www.w3schools.com:443
2026-03-31 15:04:37 | DEBUG | https://www.w3schools.com:443 "GET /js/js_temporal_plainmonthday.asp HTTP/1.1" 200 43032
2026-03-31 15:04:38 | DEBUG | Starting new HTTPS connection (1): www.w3schools.com:443
2026-03-31 15:04:40 | DEBUG | https://www.w3schools.com:443 "GET /js/js_temporal_plaintime.asp HTTP/1.1" 200 44264
2026-03-31 15:04:41 | DEBUG | Starting new HTTPS connection (1): www.w3schools.com:443
2026-03-31 15:04:42 | DEBUG | https://www.w3schools.com:443 "GET /js/js_temporal_zoneddatetime.asp HTTP/1.1" 200 45592
2026-03-31 15:04:43 | DEBUG | Starting new HTTPS connection (1): www.w3schools.com:443
2026-03-31 15:04:44 | DEBUG | https://www.w3schools.com:443 "GET /js/js_temporal_now.asp HTTP/1.1" 200 43473
2026-03-31 15:04:46 | DEBUG | Starting new HTTPS connection (1): www.w3schools.com:443
2026-03-31 15:04:46 | DEBUG | https://www.w3schools.com:443 "GET /js/js_temporal_arithmetic.asp HTTP/1.1" 200 45006
2026-03-31 15:04:47 | DEBUG | Starting new HTTPS connection (1): www.w3schools.com:443
2026-03-31 15:04:48 | DEBUG | https://www.w3schools.com:443 "GET /js/js_temporal_formats.asp HTTP/1.1" 200 44812
2026-03-31 15:04:49 | DEBUG | Starting new HTTPS connection (1): www.w3schools.com:443
2026-03-31 15:04:50 | DEBUG | https://www.w3schools.com:443 "GET /js/js_temporal_mistakes.asp HTTP/1.1" 200 43125
2026-03-31 15:04:51 | DEBUG | Starting new HTTPS connection (1): www.w3schools.com:443
2026-03-31 15:04:52 | DEBUG | https://www.w3schools.com:443 "GET /js/js_temporal_migrate.asp HTTP/1.1" 200 43455
2026-03-31 15:04:53 | DEBUG | Starting new HTTPS connection (1): www.w3schools.com:443
2026-03-31 15:04:53 | DEBUG | https://www.w3schools.com:443 "GET /js/js_temporal_reference.asp HTTP/1.1" 200 46303
2026-03-31 15:04:54 | DEBUG | Starting new HTTPS connection (1): www.w3schools.com:443
2026-03-31 15:04:55 | DEBUG | https://www.w3schools.com:443 "GET /js/js_function_advanced.asp HTTP/1.1" 200 42790
2026-03-31 15:04:56 | DEBUG | Starting new HTTPS connection (1): www.w3schools.com:443
2026-03-31 15:04:56 | DEBUG | https://www.w3schools.com:443 "GET /js/js_function_definition.asp HTTP/1.1" 200 44258
2026-03-31 15:04:57 | DEBUG | Starting new HTTPS connection (1): www.w3schools.com:443
2026-03-31 15:04:58 | DEBUG | https://www.w3schools.com:443 "GET /js/js_callback.asp HTTP/1.1" 200 44393
2026-03-31 15:05:00 | DEBUG | Starting new HTTPS connection (1): www.w3schools.com:443
2026-03-31 15:05:01 | DEBUG | https://www.w3schools.com:443 "GET /js/js_function_this.asp HTTP/1.1" 200 45027
2026-03-31 15:05:02 | DEBUG | Starting new HTTPS connection (1): www.w3schools.com:443
2026-03-31 15:05:04 | DEBUG | https://www.w3schools.com:443 "GET /js/js_function_call.asp HTTP/1.1" 200 43744
2026-03-31 15:05:05 | DEBUG | Starting new HTTPS connection (1): www.w3schools.com:443
2026-03-31 15:05:06 | DEBUG | https://www.w3schools.com:443 "GET /js/js_function_apply.asp HTTP/1.1" 200 44265
2026-03-31 15:05:07 | DEBUG | Starting new HTTPS connection (1): www.w3schools.com:443
2026-03-31 15:05:08 | DEBUG | https://www.w3schools.com:443 "GET /js/js_function_bind.asp HTTP/1.1" 200 44079
2026-03-31 15:05:10 | DEBUG | Starting new HTTPS connection (1): www.w3schools.com:443
2026-03-31 15:05:12 | DEBUG | https://www.w3schools.com:443 "GET /js/js_function_iife.asp HTTP/1.1" 200 44147
2026-03-31 15:05:13 | DEBUG | Starting new HTTPS connection (1): www.w3schools.com:443
2026-03-31 15:05:15 | DEBUG | https://www.w3schools.com:443 "GET /js/js_function_closures.asp HTTP/1.1" 200 44842
2026-03-31 15:05:16 | DEBUG | Starting new HTTPS connection (1): www.w3schools.com:443
2026-03-31 15:05:18 | DEBUG | https://www.w3schools.com:443 "GET /js/js_function_reference.asp HTTP/1.1" 200 42955
2026-03-31 15:05:19 | DEBUG | Starting new HTTPS connection (1): www.w3schools.com:443
2026-03-31 15:05:22 | DEBUG | https://www.w3schools.com:443 "GET /js/js_object_advanced.asp HTTP/1.1" 200 42610
2026-03-31 15:05:23 | DEBUG | Starting new HTTPS connection (1): www.w3schools.com:443
2026-03-31 15:05:26 | DEBUG | https://www.w3schools.com:443 "GET /js/js_object_definition.asp HTTP/1.1" 200 44394
2026-03-31 15:05:28 | DEBUG | Starting new HTTPS connection (1): www.w3schools.com:443
2026-03-31 15:05:30 | DEBUG | https://www.w3schools.com:443 "GET /js/js_this.asp HTTP/1.1" 200 43650
2026-03-31 15:05:31 | DEBUG | Starting new HTTPS connection (1): www.w3schools.com:443
2026-03-31 15:05:32 | DEBUG | https://www.w3schools.com:443 "GET /js/js_object_iterations.asp HTTP/1.1" 200 44214
2026-03-31 15:05:34 | DEBUG | Starting new HTTPS connection (1): www.w3schools.com:443
2026-03-31 15:05:36 | DEBUG | https://www.w3schools.com:443 "GET /js/js_object_accessors.asp HTTP/1.1" 200 43538
2026-03-31 15:05:38 | DEBUG | Starting new HTTPS connection (1): www.w3schools.com:443
2026-03-31 15:05:41 | DEBUG | https://www.w3schools.com:443 "GET /js/js_object_management.asp HTTP/1.1" 200 44089
2026-03-31 15:05:42 | DEBUG | Starting new HTTPS connection (1): www.w3schools.com:443
2026-03-31 15:05:45 | DEBUG | https://www.w3schools.com:443 "GET /js/js_object_protection.asp HTTP/1.1" 200 43597
2026-03-31 15:05:46 | DEBUG | Starting new HTTPS connection (1): www.w3schools.com:443
2026-03-31 15:05:48 | DEBUG | https://www.w3schools.com:443 "GET /js/js_object_prototypes.asp HTTP/1.1" 200 43142
2026-03-31 15:05:50 | DEBUG | Starting new HTTPS connection (1): www.w3schools.com:443
2026-03-31 15:05:51 | DEBUG | https://www.w3schools.com:443 "GET /js/js_object_reference.asp HTTP/1.1" 200 42945
2026-03-31 15:05:53 | DEBUG | Starting new HTTPS connection (1): www.w3schools.com:443
2026-03-31 15:05:54 | DEBUG | https://www.w3schools.com:443 "GET /js/js_classes.asp HTTP/1.1" 200 43605
2026-03-31 15:05:56 | DEBUG | Starting new HTTPS connection (1): www.w3schools.com:443
2026-03-31 15:05:58 | DEBUG | https://www.w3schools.com:443 "GET /js/js_class_inheritance.asp HTTP/1.1" 200 43563
2026-03-31 15:05:59 | DEBUG | Starting new HTTPS connection (1): www.w3schools.com:443
2026-03-31 15:06:01 | DEBUG | https://www.w3schools.com:443 "GET /js/js_class_static.asp HTTP/1.1" 200 42577
2026-03-31 15:06:02 | DEBUG | Starting new HTTPS connection (1): www.w3schools.com:443
2026-03-31 15:06:04 | DEBUG | https://www.w3schools.com:443 "GET /js/js_asynchronous.asp HTTP/1.1" 200 43147
2026-03-31 15:06:05 | DEBUG | Starting new HTTPS connection (1): www.w3schools.com:443
2026-03-31 15:06:08 | DEBUG | https://www.w3schools.com:443 "GET /js/js_async.asp HTTP/1.1" 200 44671
2026-03-31 15:06:09 | DEBUG | Starting new HTTPS connection (1): www.w3schools.com:443
2026-03-31 15:06:12 | DEBUG | https://www.w3schools.com:443 "GET /js/js_async_timeouts.asp HTTP/1.1" 200 42873
2026-03-31 15:06:14 | DEBUG | Starting new HTTPS connection (1): www.w3schools.com:443
2026-03-31 15:06:16 | DEBUG | https://www.w3schools.com:443 "GET /js/js_async_callbacks.asp HTTP/1.1" 200 44855
2026-03-31 15:06:17 | DEBUG | Starting new HTTPS connection (1): www.w3schools.com:443
2026-03-31 15:06:19 | DEBUG | https://www.w3schools.com:443 "GET /js/js_promise.asp HTTP/1.1" 200 45667
2026-03-31 15:06:20 | DEBUG | Starting new HTTPS connection (1): www.w3schools.com:443
2026-03-31 15:06:23 | DEBUG | https://www.w3schools.com:443 "GET /js/js_async_await.asp HTTP/1.1" 200 44399
2026-03-31 15:06:25 | DEBUG | Starting new HTTPS connection (1): www.w3schools.com:443
2026-03-31 15:06:26 | DEBUG | https://www.w3schools.com:443 "GET /js/js_async_fetch.asp HTTP/1.1" 200 43872
2026-03-31 15:06:28 | DEBUG | Starting new HTTPS connection (1): www.w3schools.com:443
2026-03-31 15:06:29 | DEBUG | https://www.w3schools.com:443 "GET /js/js_async_debug.asp HTTP/1.1" 200 43574
2026-03-31 15:06:31 | DEBUG | Starting new HTTPS connection (1): www.w3schools.com:443
2026-03-31 15:06:33 | DEBUG | https://www.w3schools.com:443 "GET /js/js_promise_reference.asp HTTP/1.1" 200 45125
2026-03-31 15:06:35 | DEBUG | Starting new HTTPS connection (1): www.w3schools.com:443
2026-03-31 15:06:36 | DEBUG | https://www.w3schools.com:443 "GET /js/js_modules.asp HTTP/1.1" 200 44137
2026-03-31 15:06:38 | DEBUG | Starting new HTTPS connection (1): www.w3schools.com:443
2026-03-31 15:06:41 | DEBUG | https://www.w3schools.com:443 "GET /js/js_modules_export.asp HTTP/1.1" 200 44041
2026-03-31 15:06:42 | DEBUG | Starting new HTTPS connection (1): www.w3schools.com:443
2026-03-31 15:06:44 | DEBUG | https://www.w3schools.com:443 "GET /js/js_modules_import.asp HTTP/1.1" 200 43359
2026-03-31 15:06:46 | DEBUG | Starting new HTTPS connection (1): www.w3schools.com:443
2026-03-31 15:06:49 | DEBUG | https://www.w3schools.com:443 "GET /js/js_modules_namespace.asp HTTP/1.1" 200 43585
2026-03-31 15:06:50 | DEBUG | Starting new HTTPS connection (1): www.w3schools.com:443
2026-03-31 15:06:53 | DEBUG | https://www.w3schools.com:443 "GET /js/js_modules_dynamic.asp HTTP/1.1" 200 44260
2026-03-31 15:06:54 | DEBUG | Starting new HTTPS connection (1): www.w3schools.com:443
2026-03-31 15:06:56 | DEBUG | https://www.w3schools.com:443 "GET /js/js_meta_programming.asp HTTP/1.1" 200 43596
2026-03-31 15:06:57 | DEBUG | Starting new HTTPS connection (1): www.w3schools.com:443
2026-03-31 15:06:59 | DEBUG | https://www.w3schools.com:443 "GET /js/js_meta_reflect.asp HTTP/1.1" 200 45781
2026-03-31 15:07:01 | DEBUG | Starting new HTTPS connection (1): www.w3schools.com:443
2026-03-31 15:07:03 | DEBUG | https://www.w3schools.com:443 "GET /js/js_meta_proxy.asp HTTP/1.1" 200 46201
2026-03-31 15:07:05 | DEBUG | Starting new HTTPS connection (1): www.w3schools.com:443
2026-03-31 15:07:08 | DEBUG | https://www.w3schools.com:443 "GET /js/js_meta_reference.asp HTTP/1.1" 200 43216
2026-03-31 15:07:10 | DEBUG | Starting new HTTPS connection (1): www.w3schools.com:443
2026-03-31 15:07:14 | DEBUG | https://www.w3schools.com:443 "GET /js/js_typed_arrays.asp HTTP/1.1" 200 44956
2026-03-31 15:07:15 | DEBUG | Starting new HTTPS connection (1): www.w3schools.com:443
2026-03-31 15:07:17 | DEBUG | https://www.w3schools.com:443 "GET /js/js_typed_methods.asp HTTP/1.1" 200 43771
2026-03-31 15:07:18 | DEBUG | Starting new HTTPS connection (1): www.w3schools.com:443
2026-03-31 15:07:21 | DEBUG | https://www.w3schools.com:443 "GET /js/js_typed_reference.asp HTTP/1.1" 200 43931
2026-03-31 15:07:23 | DEBUG | Starting new HTTPS connection (1): www.w3schools.com:443
2026-03-31 15:07:25 | DEBUG | https://www.w3schools.com:443 "GET /js/js_arraybuffers.asp HTTP/1.1" 200 44680
2026-03-31 15:07:27 | DEBUG | Starting new HTTPS connection (1): www.w3schools.com:443
2026-03-31 15:07:29 | DEBUG | https://www.w3schools.com:443 "GET /js/js_dataview.asp HTTP/1.1" 200 45552
2026-03-31 15:07:31 | DEBUG | Starting new HTTPS connection (1): www.w3schools.com:443
2026-03-31 15:07:33 | DEBUG | https://www.w3schools.com:443 "GET /js/js_atomics.asp HTTP/1.1" 200 44546
2026-03-31 15:07:34 | DEBUG | Starting new HTTPS connection (1): www.w3schools.com:443
2026-03-31 15:07:36 | DEBUG | https://www.w3schools.com:443 "GET /js/js_htmldom_navigation.asp HTTP/1.1" 200 44577
2026-03-31 15:07:37 | DEBUG | Starting new HTTPS connection (1): www.w3schools.com:443
2026-03-31 15:07:39 | DEBUG | https://www.w3schools.com:443 "GET /js/js_htmldom_nodes.asp HTTP/1.1" 200 43393
2026-03-31 15:07:40 | DEBUG | Starting new HTTPS connection (1): www.w3schools.com:443
2026-03-31 15:07:41 | DEBUG | https://www.w3schools.com:443 "GET /js/js_htmldom_collections.asp HTTP/1.1" 200 42855
2026-03-31 15:07:43 | DEBUG | Starting new HTTPS connection (1): www.w3schools.com:443
2026-03-31 15:07:46 | DEBUG | https://www.w3schools.com:443 "GET /js/js_htmldom_nodelist.asp HTTP/1.1" 200 43300
2026-03-31 15:07:47 | DEBUG | Starting new HTTPS connection (1): www.w3schools.com:443
2026-03-31 15:07:49 | DEBUG | https://www.w3schools.com:443 "GET /js/js_window.asp HTTP/1.1" 200 42939
2026-03-31 15:07:50 | DEBUG | Starting new HTTPS connection (1): www.w3schools.com:443
2026-03-31 15:07:52 | DEBUG | https://www.w3schools.com:443 "GET /js/js_window_screen.asp HTTP/1.1" 200 43189
2026-03-31 15:07:53 | DEBUG | Starting new HTTPS connection (1): www.w3schools.com:443
2026-03-31 15:07:55 | DEBUG | https://www.w3schools.com:443 "GET /js/js_window_location.asp HTTP/1.1" 200 43132
2026-03-31 15:07:57 | DEBUG | Starting new HTTPS connection (1): www.w3schools.com:443
2026-03-31 15:07:59 | DEBUG | https://www.w3schools.com:443 "GET /js/js_window_history.asp HTTP/1.1" 200 42731
2026-03-31 15:08:00 | DEBUG | Starting new HTTPS connection (1): www.w3schools.com:443
2026-03-31 15:08:03 | DEBUG | https://www.w3schools.com:443 "GET /js/js_window_navigator.asp HTTP/1.1" 200 43386
2026-03-31 15:08:04 | DEBUG | Starting new HTTPS connection (1): www.w3schools.com:443
2026-03-31 15:08:06 | DEBUG | https://www.w3schools.com:443 "GET /js/js_popup.asp HTTP/1.1" 200 43041
2026-03-31 15:08:07 | DEBUG | Starting new HTTPS connection (1): www.w3schools.com:443
2026-03-31 15:08:10 | DEBUG | https://www.w3schools.com:443 "GET /js/js_timing.asp HTTP/1.1" 200 44329
2026-03-31 15:08:12 | DEBUG | Starting new HTTPS connection (1): www.w3schools.com:443
2026-03-31 15:08:14 | DEBUG | https://www.w3schools.com:443 "GET /js/js_cookies.asp HTTP/1.1" 200 45178
2026-03-31 15:08:16 | DEBUG | Starting new HTTPS connection (1): www.w3schools.com:443
2026-03-31 15:08:16 | DEBUG | https://www.w3schools.com:443 "GET /js/js_api_intro.asp HTTP/1.1" 200 43432
2026-03-31 15:08:18 | DEBUG | Starting new HTTPS connection (1): www.w3schools.com:443
2026-03-31 15:08:18 | DEBUG | https://www.w3schools.com:443 "GET /js/js_api_fetch.asp HTTP/1.1" 200 42919
2026-03-31 15:08:19 | DEBUG | Starting new HTTPS connection (1): www.w3schools.com:443
2026-03-31 15:08:21 | DEBUG | https://www.w3schools.com:443 "GET /js/js_api_geolocation.asp HTTP/1.1" 200 44808
2026-03-31 15:08:22 | DEBUG | Starting new HTTPS connection (1): www.w3schools.com:443
2026-03-31 15:08:24 | DEBUG | https://www.w3schools.com:443 "GET /js/js_api_history.asp HTTP/1.1" 200 42877
2026-03-31 15:08:25 | DEBUG | Starting new HTTPS connection (1): www.w3schools.com:443
2026-03-31 15:08:27 | DEBUG | https://www.w3schools.com:443 "GET /js/js_api_pointer_events.asp HTTP/1.1" 200 43510
2026-03-31 15:08:28 | DEBUG | Starting new HTTPS connection (1): www.w3schools.com:443
2026-03-31 15:08:30 | DEBUG | https://www.w3schools.com:443 "GET /js/js_api_web_storage.asp HTTP/1.1" 200 43314
2026-03-31 15:08:31 | DEBUG | Starting new HTTPS connection (1): www.w3schools.com:443
2026-03-31 15:08:32 | DEBUG | https://www.w3schools.com:443 "GET /js/js_validation_api.asp HTTP/1.1" 200 43198
2026-03-31 15:08:34 | DEBUG | Starting new HTTPS connection (1): www.w3schools.com:443
2026-03-31 15:08:35 | DEBUG | https://www.w3schools.com:443 "GET /js/js_api_web_workers.asp HTTP/1.1" 200 44111
2026-03-31 15:08:36 | DEBUG | Starting new HTTPS connection (1): www.w3schools.com:443
2026-03-31 15:08:38 | DEBUG | https://www.w3schools.com:443 "GET /js/js_ajax_http.asp HTTP/1.1" 200 44394
2026-03-31 15:08:39 | DEBUG | Starting new HTTPS connection (1): www.w3schools.com:443
2026-03-31 15:08:40 | DEBUG | https://www.w3schools.com:443 "GET /js/js_ajax_http_send.asp HTTP/1.1" 200 44010
2026-03-31 15:08:41 | DEBUG | Starting new HTTPS connection (1): www.w3schools.com:443
2026-03-31 15:08:43 | DEBUG | https://www.w3schools.com:443 "GET /js/js_ajax_http_response.asp HTTP/1.1" 200 42998
2026-03-31 15:08:44 | DEBUG | Starting new HTTPS connection (1): www.w3schools.com:443
2026-03-31 15:08:45 | DEBUG | https://www.w3schools.com:443 "GET /js/js_ajax_xmlfile.asp HTTP/1.1" 200 43262
2026-03-31 15:08:46 | DEBUG | Starting new HTTPS connection (1): www.w3schools.com:443
2026-03-31 15:08:49 | DEBUG | https://www.w3schools.com:443 "GET /js/js_ajax_php.asp HTTP/1.1" 200 43803
2026-03-31 15:08:50 | DEBUG | Starting new HTTPS connection (1): www.w3schools.com:443
2026-03-31 15:08:52 | DEBUG | https://www.w3schools.com:443 "GET /js/js_ajax_asp.asp HTTP/1.1" 200 43845
2026-03-31 15:08:53 | DEBUG | Starting new HTTPS connection (1): www.w3schools.com:443
2026-03-31 15:08:56 | DEBUG | https://www.w3schools.com:443 "GET /js/js_ajax_database.asp HTTP/1.1" 200 43620
2026-03-31 15:08:57 | DEBUG | Starting new HTTPS connection (1): www.w3schools.com:443
2026-03-31 15:08:59 | DEBUG | https://www.w3schools.com:443 "GET /js/js_ajax_applications.asp HTTP/1.1" 200 43349
2026-03-31 15:09:01 | DEBUG | Starting new HTTPS connection (1): www.w3schools.com:443
2026-03-31 15:09:03 | DEBUG | https://www.w3schools.com:443 "GET /js/js_ajax_examples.asp HTTP/1.1" 200 42629
2026-03-31 15:09:04 | DEBUG | Starting new HTTPS connection (1): www.w3schools.com:443
2026-03-31 15:09:06 | DEBUG | https://www.w3schools.com:443 "GET /js/js_json.asp HTTP/1.1" 200 44088
2026-03-31 15:09:08 | DEBUG | Starting new HTTPS connection (1): www.w3schools.com:443
2026-03-31 15:09:10 | DEBUG | https://www.w3schools.com:443 "GET /js/js_json_syntax.asp HTTP/1.1" 200 43304
2026-03-31 15:09:12 | DEBUG | Starting new HTTPS connection (1): www.w3schools.com:443
2026-03-31 15:09:15 | DEBUG | https://www.w3schools.com:443 "GET /js/js_json_xml.asp HTTP/1.1" 200 42927
2026-03-31 15:09:16 | DEBUG | Starting new HTTPS connection (1): www.w3schools.com:443
2026-03-31 15:09:18 | DEBUG | https://www.w3schools.com:443 "GET /js/js_json_datatypes.asp HTTP/1.1" 200 42666
2026-03-31 15:09:19 | DEBUG | Starting new HTTPS connection (1): www.w3schools.com:443
2026-03-31 15:09:20 | DEBUG | https://www.w3schools.com:443 "GET /js/js_json_parse.asp HTTP/1.1" 200 43322
2026-03-31 15:09:22 | DEBUG | Starting new HTTPS connection (1): www.w3schools.com:443
2026-03-31 15:09:24 | DEBUG | https://www.w3schools.com:443 "GET /js/js_json_stringify.asp HTTP/1.1" 200 43511
2026-03-31 15:09:25 | DEBUG | Starting new HTTPS connection (1): www.w3schools.com:443
2026-03-31 15:09:27 | DEBUG | https://www.w3schools.com:443 "GET /js/js_json_objects.asp HTTP/1.1" 200 43009
2026-03-31 15:09:28 | DEBUG | Starting new HTTPS connection (1): www.w3schools.com:443
2026-03-31 15:09:31 | DEBUG | https://www.w3schools.com:443 "GET /js/js_json_arrays.asp HTTP/1.1" 200 42894
2026-03-31 15:09:32 | DEBUG | Starting new HTTPS connection (1): www.w3schools.com:443
2026-03-31 15:09:34 | DEBUG | https://www.w3schools.com:443 "GET /js/js_json_server.asp HTTP/1.1" 200 43022
2026-03-31 15:09:35 | DEBUG | Starting new HTTPS connection (1): www.w3schools.com:443
2026-03-31 15:09:37 | DEBUG | https://www.w3schools.com:443 "GET /js/js_json_php.asp HTTP/1.1" 200 44131
2026-03-31 15:09:38 | DEBUG | Starting new HTTPS connection (1): www.w3schools.com:443
2026-03-31 15:09:39 | DEBUG | https://www.w3schools.com:443 "GET /js/js_json_html.asp HTTP/1.1" 200 43312
2026-03-31 15:09:41 | DEBUG | Starting new HTTPS connection (1): www.w3schools.com:443
2026-03-31 15:09:42 | DEBUG | https://www.w3schools.com:443 "GET /js/js_json_jsonp.asp HTTP/1.1" 200 43883
2026-03-31 15:09:43 | DEBUG | Starting new HTTPS connection (1): www.w3schools.com:443
2026-03-31 15:09:45 | DEBUG | https://www.w3schools.com:443 "GET /js/js_jquery_selectors.asp HTTP/1.1" 200 42723
2026-03-31 15:09:47 | DEBUG | Starting new HTTPS connection (1): www.w3schools.com:443
2026-03-31 15:09:48 | DEBUG | https://www.w3schools.com:443 "GET /js/js_jquery_elements.asp HTTP/1.1" 200 42704
2026-03-31 15:09:49 | DEBUG | Starting new HTTPS connection (1): www.w3schools.com:443
2026-03-31 15:09:51 | DEBUG | https://www.w3schools.com:443 "GET /js/js_jquery_css.asp HTTP/1.1" 200 42638
2026-03-31 15:09:52 | DEBUG | Starting new HTTPS connection (1): www.w3schools.com:443
2026-03-31 15:09:54 | DEBUG | https://www.w3schools.com:443 "GET /js/js_jquery_dom.asp HTTP/1.1" 200 42600
2026-03-31 15:09:55 | DEBUG | Starting new HTTPS connection (1): www.w3schools.com:443
2026-03-31 15:09:57 | DEBUG | https://www.w3schools.com:443 "GET /js/js_graphics.asp HTTP/1.1" 200 43254
2026-03-31 15:09:59 | DEBUG | Starting new HTTPS connection (1): www.w3schools.com:443
2026-03-31 15:10:01 | DEBUG | https://www.w3schools.com:443 "GET /js/js_graphics_canvas.asp HTTP/1.1" 200 42710
2026-03-31 15:10:02 | DEBUG | Starting new HTTPS connection (1): www.w3schools.com:443
2026-03-31 15:10:03 | DEBUG | https://www.w3schools.com:443 "GET /js/js_graphics_plotly.asp HTTP/1.1" 200 44518
2026-03-31 15:10:04 | DEBUG | Starting new HTTPS connection (1): www.w3schools.com:443
2026-03-31 15:10:06 | DEBUG | https://www.w3schools.com:443 "GET /js/js_graphics_chartjs.asp HTTP/1.1" 200 44638
2026-03-31 15:10:07 | DEBUG | Starting new HTTPS connection (1): www.w3schools.com:443
2026-03-31 15:10:08 | DEBUG | https://www.w3schools.com:443 "GET /js/js_graphics_google_chart.asp HTTP/1.1" 200 43729
2026-03-31 15:10:10 | DEBUG | Starting new HTTPS connection (1): www.w3schools.com:443
2026-03-31 15:10:11 | DEBUG | https://www.w3schools.com:443 "GET /js/js_graphics_d3js.asp HTTP/1.1" 200 43167
2026-03-31 15:10:12 | DEBUG | Starting new HTTPS connection (1): www.w3schools.com:443
2026-03-31 15:10:14 | DEBUG | https://www.w3schools.com:443 "GET /js/js_dom_examples.asp HTTP/1.1" 200 42739
2026-03-31 15:10:16 | DEBUG | Starting new HTTPS connection (1): www.w3schools.com:443
2026-03-31 15:10:18 | DEBUG | https://www.w3schools.com:443 "GET /js/js_input_examples.asp HTTP/1.1" 200 42738
2026-03-31 15:10:19 | DEBUG | Starting new HTTPS connection (1): www.w3schools.com:443
2026-03-31 15:10:21 | DEBUG | https://www.w3schools.com:443 "GET /js/js_ex_dom.asp HTTP/1.1" 200 42915
2026-03-31 15:10:22 | DEBUG | Starting new HTTPS connection (1): www.w3schools.com:443
2026-03-31 15:10:24 | DEBUG | https://www.w3schools.com:443 "GET /js/js_events_examples.asp HTTP/1.1" 200 43001
2026-03-31 15:10:26 | DEBUG | Starting new HTTPS connection (1): www.w3schools.com:443
2026-03-31 15:10:27 | DEBUG | https://www.w3schools.com:443 "GET /js/js_ex_browser.asp HTTP/1.1" 200 43394
2026-03-31 15:10:28 | DEBUG | Starting new HTTPS connection (1): www.w3schools.com:443
2026-03-31 15:10:31 | DEBUG | https://www.w3schools.com:443 "GET /js/js_editor.asp HTTP/1.1" 200 43044
2026-03-31 15:10:32 | DEBUG | Starting new HTTPS connection (1): www.w3schools.com:443
2026-03-31 15:10:34 | DEBUG | https://www.w3schools.com:443 "GET /js/js_website.asp HTTP/1.1" 200 52656
2026-03-31 15:10:35 | DEBUG | Starting new HTTPS connection (1): www.w3schools.com:443
2026-03-31 15:10:37 | DEBUG | https://www.w3schools.com:443 "GET /js/js_syllabus.asp HTTP/1.1" 200 45878
2026-03-31 15:10:39 | DEBUG | Starting new HTTPS connection (1): www.w3schools.com:443
2026-03-31 15:10:40 | DEBUG | https://www.w3schools.com:443 "GET /js/js_study_plan.asp HTTP/1.1" 200 44433
2026-03-31 15:10:41 | DEBUG | Starting new HTTPS connection (1): www.w3schools.com:443
2026-03-31 15:10:43 | DEBUG | https://www.w3schools.com:443 "GET /js/js_interview_prep.asp HTTP/1.1" 200 44313
2026-03-31 15:10:45 | DEBUG | Starting new HTTPS connection (1): www.w3schools.com:443
2026-03-31 15:10:46 | DEBUG | https://www.w3schools.com:443 "GET /js/js_exam.asp HTTP/1.1" 200 45282
2026-03-31 15:10:47 | DEBUG | Starting new HTTPS connection (1): www.w3schools.com:443
2026-03-31 15:10:49 | DEBUG | https://www.w3schools.com:443 "GET /sql/sql_intro.asp HTTP/1.1" 200 44541
2026-03-31 15:10:50 | DEBUG | Starting new HTTPS connection (1): www.w3schools.com:443
2026-03-31 15:10:51 | DEBUG | https://www.w3schools.com:443 "GET /sql/sql_syntax.asp HTTP/1.1" 200 44520
2026-03-31 15:10:52 | DEBUG | Starting new HTTPS connection (1): www.w3schools.com:443
2026-03-31 15:10:54 | DEBUG | https://www.w3schools.com:443 "GET /sql/sql_select.asp HTTP/1.1" 200 44320
2026-03-31 15:10:55 | DEBUG | Starting new HTTPS connection (1): www.w3schools.com:443
2026-03-31 15:10:56 | DEBUG | https://www.w3schools.com:443 "GET /sql/sql_distinct.asp HTTP/1.1" 200 44551
2026-03-31 15:10:58 | DEBUG | Starting new HTTPS connection (1): www.w3schools.com:443
2026-03-31 15:10:59 | DEBUG | https://www.w3schools.com:443 "GET /sql/sql_where.asp HTTP/1.1" 200 44864
2026-03-31 15:11:00 | DEBUG | Starting new HTTPS connection (1): www.w3schools.com:443
2026-03-31 15:11:02 | DEBUG | https://www.w3schools.com:443 "GET /sql/sql_orderby.asp HTTP/1.1" 200 44469
2026-03-31 15:11:03 | DEBUG | Starting new HTTPS connection (1): www.w3schools.com:443
2026-03-31 15:11:05 | DEBUG | https://www.w3schools.com:443 "GET /sql/sql_and.asp HTTP/1.1" 200 44741
2026-03-31 15:11:06 | DEBUG | Starting new HTTPS connection (1): www.w3schools.com:443
2026-03-31 15:11:07 | DEBUG | https://www.w3schools.com:443 "GET /sql/sql_or.asp HTTP/1.1" 200 44441
2026-03-31 15:11:09 | DEBUG | Starting new HTTPS connection (1): www.w3schools.com:443
2026-03-31 15:11:10 | DEBUG | https://www.w3schools.com:443 "GET /sql/sql_not.asp HTTP/1.1" 200 44994
2026-03-31 15:11:11 | DEBUG | Starting new HTTPS connection (1): www.w3schools.com:443
2026-03-31 15:11:13 | DEBUG | https://www.w3schools.com:443 "GET /sql/sql_insert.asp HTTP/1.1" 200 44856
2026-03-31 15:11:14 | DEBUG | Starting new HTTPS connection (1): www.w3schools.com:443
2026-03-31 15:11:16 | DEBUG | https://www.w3schools.com:443 "GET /sql/sql_null_values.asp HTTP/1.1" 200 44710
2026-03-31 15:11:17 | DEBUG | Starting new HTTPS connection (1): www.w3schools.com:443
2026-03-31 15:11:20 | DEBUG | https://www.w3schools.com:443 "GET /sql/sql_update.asp HTTP/1.1" 200 44365
2026-03-31 15:11:21 | DEBUG | Starting new HTTPS connection (1): www.w3schools.com:443
2026-03-31 15:11:22 | DEBUG | https://www.w3schools.com:443 "GET /sql/sql_delete.asp HTTP/1.1" 200 44253
2026-03-31 15:11:24 | DEBUG | Starting new HTTPS connection (1): www.w3schools.com:443
2026-03-31 15:11:26 | DEBUG | https://www.w3schools.com:443 "GET /sql/sql_top.asp HTTP/1.1" 200 44652
2026-03-31 15:11:27 | DEBUG | Starting new HTTPS connection (1): www.w3schools.com:443
2026-03-31 15:11:28 | DEBUG | https://www.w3schools.com:443 "GET /sql/sql_aggregate_functions.asp HTTP/1.1" 200 43498
2026-03-31 15:11:29 | DEBUG | Starting new HTTPS connection (1): www.w3schools.com:443
2026-03-31 15:11:31 | DEBUG | https://www.w3schools.com:443 "GET /sql/sql_min_max.asp HTTP/1.1" 200 44061
2026-03-31 15:11:33 | DEBUG | Starting new HTTPS connection (1): www.w3schools.com:443
2026-03-31 15:11:34 | DEBUG | https://www.w3schools.com:443 "GET /sql/sql_max.asp HTTP/1.1" 200 44074
2026-03-31 15:11:35 | DEBUG | Starting new HTTPS connection (1): www.w3schools.com:443
2026-03-31 15:11:36 | DEBUG | https://www.w3schools.com:443 "GET /sql/sql_count.asp HTTP/1.1" 200 44450
2026-03-31 15:11:38 | DEBUG | Starting new HTTPS connection (1): www.w3schools.com:443
2026-03-31 15:11:40 | DEBUG | https://www.w3schools.com:443 "GET /sql/sql_sum.asp HTTP/1.1" 200 44237
2026-03-31 15:11:41 | DEBUG | Starting new HTTPS connection (1): www.w3schools.com:443
2026-03-31 15:11:43 | DEBUG | https://www.w3schools.com:443 "GET /sql/sql_avg.asp HTTP/1.1" 200 44147
2026-03-31 15:11:44 | DEBUG | Starting new HTTPS connection (1): www.w3schools.com:443
2026-03-31 15:11:46 | DEBUG | https://www.w3schools.com:443 "GET /sql/sql_like.asp HTTP/1.1" 200 44829
2026-03-31 15:11:47 | DEBUG | Starting new HTTPS connection (1): www.w3schools.com:443
2026-03-31 15:11:49 | DEBUG | https://www.w3schools.com:443 "GET /sql/sql_wildcards.asp HTTP/1.1" 200 45022
2026-03-31 15:11:49 | DEBUG | Starting new HTTPS connection (1): www.w3schools.com:443
2026-03-31 15:11:51 | DEBUG | https://www.w3schools.com:443 "GET /sql/sql_in.asp HTTP/1.1" 200 44447
2026-03-31 15:11:53 | DEBUG | Starting new HTTPS connection (1): www.w3schools.com:443
2026-03-31 15:11:55 | DEBUG | https://www.w3schools.com:443 "GET /sql/sql_between.asp HTTP/1.1" 200 44406
2026-03-31 15:11:56 | DEBUG | Starting new HTTPS connection (1): www.w3schools.com:443
2026-03-31 15:11:57 | DEBUG | https://www.w3schools.com:443 "GET /sql/sql_alias.asp HTTP/1.1" 200 44872
2026-03-31 15:11:59 | DEBUG | Starting new HTTPS connection (1): www.w3schools.com:443
2026-03-31 15:12:00 | DEBUG | https://www.w3schools.com:443 "GET /sql/sql_join.asp HTTP/1.1" 200 44052
2026-03-31 15:12:01 | DEBUG | Starting new HTTPS connection (1): www.w3schools.com:443
2026-03-31 15:12:02 | DEBUG | https://www.w3schools.com:443 "GET /sql/sql_join_inner.asp HTTP/1.1" 200 44642
2026-03-31 15:12:04 | DEBUG | Starting new HTTPS connection (1): www.w3schools.com:443
2026-03-31 15:12:06 | DEBUG | https://www.w3schools.com:443 "GET /sql/sql_join_left.asp HTTP/1.1" 200 44199
2026-03-31 15:12:07 | DEBUG | Starting new HTTPS connection (1): www.w3schools.com:443
2026-03-31 15:12:09 | DEBUG | https://www.w3schools.com:443 "GET /sql/sql_join_right.asp HTTP/1.1" 200 44011
2026-03-31 15:12:10 | DEBUG | Starting new HTTPS connection (1): www.w3schools.com:443
2026-03-31 15:12:13 | DEBUG | https://www.w3schools.com:443 "GET /sql/sql_join_full.asp HTTP/1.1" 200 44360
2026-03-31 15:12:14 | DEBUG | Starting new HTTPS connection (1): www.w3schools.com:443
2026-03-31 15:12:15 | DEBUG | https://www.w3schools.com:443 "GET /sql/sql_join_self.asp HTTP/1.1" 200 43878
2026-03-31 15:12:17 | DEBUG | Starting new HTTPS connection (1): www.w3schools.com:443
2026-03-31 15:12:18 | DEBUG | https://www.w3schools.com:443 "GET /sql/sql_union.asp HTTP/1.1" 200 44577
2026-03-31 15:12:19 | DEBUG | Starting new HTTPS connection (1): www.w3schools.com:443
2026-03-31 15:12:21 | DEBUG | https://www.w3schools.com:443 "GET /sql/sql_union_all.asp HTTP/1.1" 200 44330
2026-03-31 15:12:22 | DEBUG | Starting new HTTPS connection (1): www.w3schools.com:443
2026-03-31 15:12:23 | DEBUG | https://www.w3schools.com:443 "GET /sql/sql_groupby.asp HTTP/1.1" 200 44418
2026-03-31 15:12:24 | DEBUG | Starting new HTTPS connection (1): www.w3schools.com:443
2026-03-31 15:12:26 | DEBUG | https://www.w3schools.com:443 "GET /sql/sql_having.asp HTTP/1.1" 200 44676
2026-03-31 15:12:27 | DEBUG | Starting new HTTPS connection (1): www.w3schools.com:443
2026-03-31 15:12:28 | DEBUG | https://www.w3schools.com:443 "GET /sql/sql_exists.asp HTTP/1.1" 200 44196
2026-03-31 15:12:30 | DEBUG | Starting new HTTPS connection (1): www.w3schools.com:443
2026-03-31 15:12:32 | DEBUG | https://www.w3schools.com:443 "GET /sql/sql_any_all.asp HTTP/1.1" 200 43989
2026-03-31 15:12:33 | DEBUG | Starting new HTTPS connection (1): www.w3schools.com:443
2026-03-31 15:12:35 | DEBUG | https://www.w3schools.com:443 "GET /sql/sql_all.asp HTTP/1.1" 200 43970
2026-03-31 15:12:36 | DEBUG | Starting new HTTPS connection (1): www.w3schools.com:443
2026-03-31 15:12:37 | DEBUG | https://www.w3schools.com:443 "GET /sql/sql_select_into.asp HTTP/1.1" 200 43906
2026-03-31 15:12:38 | DEBUG | Starting new HTTPS connection (1): www.w3schools.com:443
2026-03-31 15:12:39 | DEBUG | https://www.w3schools.com:443 "GET /sql/sql_insert_into_select.asp HTTP/1.1" 200 44245
2026-03-31 15:12:41 | DEBUG | Starting new HTTPS connection (1): www.w3schools.com:443
2026-03-31 15:12:43 | DEBUG | https://www.w3schools.com:443 "GET /sql/sql_case.asp HTTP/1.1" 200 43689
2026-03-31 15:12:44 | DEBUG | Starting new HTTPS connection (1): www.w3schools.com:443
2026-03-31 15:12:45 | DEBUG | https://www.w3schools.com:443 "GET /sql/sql_isnull.asp HTTP/1.1" 200 44413
2026-03-31 15:12:46 | DEBUG | Starting new HTTPS connection (1): www.w3schools.com:443
2026-03-31 15:12:48 | DEBUG | https://www.w3schools.com:443 "GET /sql/sql_stored_procedures.asp HTTP/1.1" 200 44736
2026-03-31 15:12:49 | DEBUG | Starting new HTTPS connection (1): www.w3schools.com:443
2026-03-31 15:12:51 | DEBUG | https://www.w3schools.com:443 "GET /sql/sql_comments.asp HTTP/1.1" 200 43907
2026-03-31 15:12:53 | DEBUG | Starting new HTTPS connection (1): www.w3schools.com:443
2026-03-31 15:12:54 | DEBUG | https://www.w3schools.com:443 "GET /sql/sql_operators.asp HTTP/1.1" 200 44046
2026-03-31 15:12:55 | DEBUG | Starting new HTTPS connection (1): www.w3schools.com:443
2026-03-31 15:53:56 | INFO | Starting scrape for 1 seeds
2026-03-31 15:53:56 | DEBUG | Starting new HTTPS connection (1): www.w3schools.com:443
2026-03-31 15:53:57 | DEBUG | https://www.w3schools.com:443 "GET /html/ HTTP/1.1" 200 46267
2026-03-31 16:00:02 | INFO | Starting scrape for 1 seeds
2026-03-31 16:00:02 | DEBUG | Starting new HTTPS connection (1): www.w3schools.com:443
2026-03-31 16:00:04 | DEBUG | https://www.w3schools.com:443 "GET /html/ HTTP/1.1" 200 46267
2026-03-31 16:01:15 | INFO | Starting scrape for 1 seeds
2026-03-31 16:01:15 | DEBUG | Starting new HTTPS connection (1): www.w3schools.com:443
2026-03-31 16:01:16 | DEBUG | https://www.w3schools.com:443 "GET /html/ HTTP/1.1" 200 46267
2026-03-31 16:03:00 | INFO | Starting scrape for 1 seeds
2026-03-31 16:03:00 | DEBUG | Starting new HTTPS connection (1): www.w3schools.com:443
2026-03-31 16:03:01 | DEBUG | https://www.w3schools.com:443 "GET /html/ HTTP/1.1" 200 46267
2026-03-31 16:05:39 | INFO | Starting scrape for 1 seeds
2026-03-31 16:05:39 | DEBUG | Starting new HTTPS connection (1): www.w3schools.com:443
2026-03-31 16:05:40 | DEBUG | https://www.w3schools.com:443 "GET /html/ HTTP/1.1" 200 46267
2026-03-31 16:05:40 | DEBUG | Saved cleaned page: scraper/raw_html\html.json
2026-03-31 16:05:41 | DEBUG | Starting new HTTPS connection (1): www.w3schools.com:443
2026-03-31 16:05:42 | DEBUG | https://www.w3schools.com:443 "GET /css/css_rwd_intro.asp HTTP/1.1" 200 43009
2026-03-31 16:05:43 | DEBUG | Saved cleaned page: scraper/raw_html\css__css_rwd_intro.json
2026-03-31 16:05:44 | DEBUG | Starting new HTTPS connection (1): www.w3schools.com:443
2026-03-31 16:05:45 | DEBUG | https://www.w3schools.com:443 "GET /python/python_ml_getting_started.asp HTTP/1.1" 200 44556
2026-03-31 16:07:22 | INFO | Starting scrape for 1 seeds
2026-03-31 16:07:22 | INFO | Already scraped, loading from disk: https://www.w3schools.com/html/
2026-03-31 16:07:22 | INFO | Loaded 2 saved pages from raw_html/
2026-03-31 16:07:22 | INFO | Total pages loaded: 2
2026-03-31 16:07:22 | INFO | Saved 2 records to scraper/chunks_test.json
2026-03-31 16:12:50 | INFO | Starting scrape for 1 seeds
2026-03-31 16:12:50 | DEBUG | Starting new HTTPS connection (1): www.w3schools.com:443
2026-03-31 16:12:50 | DEBUG | https://www.w3schools.com:443 "GET /html/ HTTP/1.1" 200 46267
2026-03-31 16:12:50 | DEBUG | Saved cleaned page: scraper/raw_html\html.json
2026-03-31 16:12:52 | DEBUG | Starting new HTTPS connection (1): www.w3schools.com:443
2026-03-31 16:12:52 | DEBUG | https://www.w3schools.com:443 "GET /css/css_rwd_intro.asp HTTP/1.1" 200 43009
2026-03-31 16:12:52 | DEBUG | Saved cleaned page: scraper/raw_html\css__css_rwd_intro.json
2026-03-31 16:12:53 | DEBUG | Starting new HTTPS connection (1): www.w3schools.com:443
2026-03-31 16:12:54 | DEBUG | https://www.w3schools.com:443 "GET /python/python_ml_getting_started.asp HTTP/1.1" 200 44556
2026-03-31 16:12:54 | DEBUG | Saved cleaned page: scraper/raw_html\python__python_ml_getting_started.json
2026-03-31 16:12:55 | DEBUG | Starting new HTTPS connection (1): www.w3schools.com:443
2026-03-31 16:12:56 | DEBUG | https://www.w3schools.com:443 "GET /js/js_json_intro.asp HTTP/1.1" 301 85
2026-03-31 16:12:56 | DEBUG | https://www.w3schools.com:443 "GET /js/js_json.asp HTTP/1.1" 200 44088
2026-03-31 16:12:56 | DEBUG | Saved cleaned page: scraper/raw_html\js__js_json_intro.json
2026-03-31 16:12:57 | DEBUG | Starting new HTTPS connection (1): www.w3schools.com:443
2026-03-31 16:12:58 | DEBUG | https://www.w3schools.com:443 "GET /js/js_ajax_intro.asp HTTP/1.1" 200 43519
2026-03-31 16:12:58 | DEBUG | Saved cleaned page: scraper/raw_html\js__js_ajax_intro.json
2026-03-31 16:12:59 | DEBUG | Starting new HTTPS connection (1): www.w3schools.com:443
2026-03-31 16:13:00 | DEBUG | https://www.w3schools.com:443 "GET /python/python_reference.asp HTTP/1.1" 200 43409
2026-03-31 16:13:01 | DEBUG | Saved cleaned page: scraper/raw_html\python__python_reference.json
2026-03-31 16:13:02 | DEBUG | Starting new HTTPS connection (1): www.w3schools.com:443
2026-03-31 16:13:04 | DEBUG | https://www.w3schools.com:443 "GET /sql/sql_ref_keywords.asp HTTP/1.1" 200 45068
2026-03-31 16:13:04 | DEBUG | Saved cleaned page: scraper/raw_html\sql__sql_ref_keywords.json
2026-03-31 16:13:05 | DEBUG | Starting new HTTPS connection (1): www.w3schools.com:443
2026-03-31 16:13:07 | DEBUG | https://www.w3schools.com:443 "GET /html/html_challenges.asp HTTP/1.1" 200 44007
2026-03-31 16:13:07 | DEBUG | Saved cleaned page: scraper/raw_html\html__html_challenges.json
2026-03-31 16:13:08 | DEBUG | Starting new HTTPS connection (1): www.w3schools.com:443
2026-03-31 16:13:09 | DEBUG | https://www.w3schools.com:443 "GET /css/css_challenges.asp HTTP/1.1" 200 46341
2026-03-31 16:13:09 | DEBUG | Saved cleaned page: scraper/raw_html\css__css_challenges.json
2026-03-31 16:13:10 | DEBUG | Starting new HTTPS connection (1): www.w3schools.com:443
2026-03-31 16:13:11 | DEBUG | https://www.w3schools.com:443 "GET /python/python_challenges.asp HTTP/1.1" 200 46947
2026-03-31 16:13:11 | DEBUG | Saved cleaned page: scraper/raw_html\python__python_challenges.json
2026-03-31 16:13:12 | DEBUG | Starting new HTTPS connection (1): www.w3schools.com:443
2026-03-31 16:13:14 | DEBUG | https://www.w3schools.com:443 "GET /html/html_intro.asp HTTP/1.1" 200 42458
2026-03-31 16:13:14 | DEBUG | Saved cleaned page: scraper/raw_html\html__html_intro.json
2026-03-31 16:13:16 | INFO | Test limit 10 reached, stopping.
2026-03-31 16:13:16 | INFO | Loaded 11 saved pages from raw_html/
2026-03-31 16:13:16 | INFO | Total pages loaded: 11
2026-03-31 16:13:16 | INFO | Saved 17 records to scraper/chunks_test.json
2026-03-31 16:21:19 | INFO | Starting scrape for 1 seeds
2026-03-31 16:21:19 | DEBUG | Starting new HTTPS connection (1): www.w3schools.com:443
2026-03-31 16:21:20 | DEBUG | https://www.w3schools.com:443 "GET /html/ HTTP/1.1" 200 46267
2026-03-31 16:21:21 | DEBUG | Starting new HTTPS connection (1): www.w3schools.com:443
2026-03-31 16:21:22 | DEBUG | https://www.w3schools.com:443 "GET /css/css_rwd_intro.asp HTTP/1.1" 200 43009
2026-03-31 16:21:22 | DEBUG | Saved cleaned page: scraper/raw_html\css__css_rwd_intro.json
2026-03-31 16:21:23 | DEBUG | Starting new HTTPS connection (1): www.w3schools.com:443
2026-03-31 16:21:24 | DEBUG | https://www.w3schools.com:443 "GET /python/python_ml_getting_started.asp HTTP/1.1" 200 44556
2026-03-31 16:21:24 | DEBUG | Saved cleaned page: scraper/raw_html\python__python_ml_getting_started.json
2026-03-31 16:21:25 | DEBUG | Starting new HTTPS connection (1): www.w3schools.com:443
2026-03-31 16:21:27 | DEBUG | https://www.w3schools.com:443 "GET /js/js_json_intro.asp HTTP/1.1" 301 85
2026-03-31 16:21:27 | DEBUG | https://www.w3schools.com:443 "GET /js/js_json.asp HTTP/1.1" 200 44088
2026-03-31 16:21:27 | DEBUG | Saved cleaned page: scraper/raw_html\js__js_json_intro.json
2026-03-31 16:21:28 | DEBUG | Starting new HTTPS connection (1): www.w3schools.com:443
2026-03-31 16:21:30 | DEBUG | https://www.w3schools.com:443 "GET /js/js_ajax_intro.asp HTTP/1.1" 200 43519
2026-03-31 16:21:30 | DEBUG | Saved cleaned page: scraper/raw_html\js__js_ajax_intro.json
2026-03-31 16:21:31 | DEBUG | Starting new HTTPS connection (1): www.w3schools.com:443
2026-03-31 16:21:32 | DEBUG | https://www.w3schools.com:443 "GET /html/html_intro.asp HTTP/1.1" 200 42458
2026-03-31 16:21:32 | DEBUG | Saved cleaned page: scraper/raw_html\html__html_intro.json
2026-03-31 16:21:33 | DEBUG | Starting new HTTPS connection (1): www.w3schools.com:443
2026-03-31 16:21:35 | DEBUG | https://www.w3schools.com:443 "GET /html/html_editors.asp HTTP/1.1" 200 42160
2026-03-31 16:21:36 | DEBUG | Saved cleaned page: scraper/raw_html\html__html_editors.json
2026-03-31 16:21:37 | DEBUG | Starting new HTTPS connection (1): www.w3schools.com:443
2026-03-31 16:21:38 | DEBUG | https://www.w3schools.com:443 "GET /html/html_basic.asp HTTP/1.1" 200 41520
2026-03-31 16:21:38 | DEBUG | Saved cleaned page: scraper/raw_html\html__html_basic.json
2026-03-31 16:21:39 | DEBUG | Starting new HTTPS connection (1): www.w3schools.com:443
2026-03-31 16:21:41 | DEBUG | https://www.w3schools.com:443 "GET /html/html_elements.asp HTTP/1.1" 200 42186
2026-03-31 16:21:41 | DEBUG | Saved cleaned page: scraper/raw_html\html__html_elements.json
2026-03-31 16:21:42 | DEBUG | Starting new HTTPS connection (1): www.w3schools.com:443
2026-03-31 16:21:43 | DEBUG | https://www.w3schools.com:443 "GET /html/html_attributes.asp HTTP/1.1" 200 43053
2026-03-31 16:21:44 | DEBUG | Saved cleaned page: scraper/raw_html\html__html_attributes.json
2026-03-31 16:21:45 | DEBUG | Starting new HTTPS connection (1): www.w3schools.com:443
2026-03-31 16:21:46 | DEBUG | https://www.w3schools.com:443 "GET /html/html_headings.asp HTTP/1.1" 200 41728
2026-03-31 16:21:46 | DEBUG | Saved cleaned page: scraper/raw_html\html__html_headings.json
2026-03-31 16:21:48 | INFO | Test limit 10 reached, stopping.
2026-03-31 16:21:48 | INFO | Loaded 10 saved pages from raw_html/
2026-03-31 16:21:48 | INFO | Total pages loaded: 10
2026-03-31 16:21:48 | INFO | Saved 18 records to scraper/chunks_test.json
2026-03-31 16:30:06 | INFO | Starting scrape for 1 seeds
2026-03-31 16:30:06 | DEBUG | Starting new HTTPS connection (1): www.w3schools.com:443
2026-03-31 16:30:06 | DEBUG | https://www.w3schools.com:443 "GET /html/ HTTP/1.1" 200 46267
2026-03-31 16:30:07 | DEBUG | Starting new HTTPS connection (1): www.w3schools.com:443
2026-03-31 16:30:08 | DEBUG | https://www.w3schools.com:443 "GET /css/css_rwd_intro.asp HTTP/1.1" 200 43009
2026-03-31 16:30:08 | DEBUG | Saved cleaned page: scraper/raw_html\css__css_rwd_intro.json
2026-03-31 16:30:09 | DEBUG | Starting new HTTPS connection (1): www.w3schools.com:443
2026-03-31 16:30:10 | DEBUG | https://www.w3schools.com:443 "GET /python/python_ml_getting_started.asp HTTP/1.1" 200 44556
2026-03-31 16:30:10 | DEBUG | Saved cleaned page: scraper/raw_html\python__python_ml_getting_started.json
2026-03-31 16:30:10 | DEBUG | Starting new HTTPS connection (1): www.w3schools.com:443
2026-03-31 16:30:11 | DEBUG | https://www.w3schools.com:443 "GET /js/js_json_intro.asp HTTP/1.1" 301 85
2026-03-31 16:30:11 | DEBUG | https://www.w3schools.com:443 "GET /js/js_json.asp HTTP/1.1" 200 44088
2026-03-31 16:30:11 | DEBUG | Saved cleaned page: scraper/raw_html\js__js_json_intro.json
2026-03-31 16:30:12 | DEBUG | Starting new HTTPS connection (1): www.w3schools.com:443
2026-03-31 16:30:13 | DEBUG | https://www.w3schools.com:443 "GET /js/js_ajax_intro.asp HTTP/1.1" 200 43519
2026-03-31 16:30:13 | DEBUG | Saved cleaned page: scraper/raw_html\js__js_ajax_intro.json
2026-03-31 16:30:14 | DEBUG | Starting new HTTPS connection (1): www.w3schools.com:443
2026-03-31 16:30:15 | DEBUG | https://www.w3schools.com:443 "GET /html/html_intro.asp HTTP/1.1" 200 42458
2026-03-31 16:30:15 | DEBUG | Saved cleaned page: scraper/raw_html\html__html_intro.json
2026-03-31 16:30:15 | DEBUG | Starting new HTTPS connection (1): www.w3schools.com:443
2026-03-31 16:30:16 | DEBUG | https://www.w3schools.com:443 "GET /html/html_editors.asp HTTP/1.1" 200 42160
2026-03-31 16:30:16 | DEBUG | Saved cleaned page: scraper/raw_html\html__html_editors.json
2026-03-31 16:30:17 | DEBUG | Starting new HTTPS connection (1): www.w3schools.com:443
2026-03-31 16:30:18 | DEBUG | https://www.w3schools.com:443 "GET /html/html_basic.asp HTTP/1.1" 200 41520
2026-03-31 16:30:18 | DEBUG | Saved cleaned page: scraper/raw_html\html__html_basic.json
2026-03-31 16:30:19 | DEBUG | Starting new HTTPS connection (1): www.w3schools.com:443
2026-03-31 16:30:20 | DEBUG | https://www.w3schools.com:443 "GET /html/html_elements.asp HTTP/1.1" 200 42186
2026-03-31 16:30:20 | DEBUG | Saved cleaned page: scraper/raw_html\html__html_elements.json
2026-03-31 16:30:21 | DEBUG | Starting new HTTPS connection (1): www.w3schools.com:443
2026-03-31 16:30:21 | DEBUG | https://www.w3schools.com:443 "GET /html/html_attributes.asp HTTP/1.1" 200 43053
2026-03-31 16:30:21 | DEBUG | Saved cleaned page: scraper/raw_html\html__html_attributes.json
2026-03-31 16:30:22 | DEBUG | Starting new HTTPS connection (1): www.w3schools.com:443
2026-03-31 16:30:23 | DEBUG | https://www.w3schools.com:443 "GET /html/html_headings.asp HTTP/1.1" 200 41728
2026-03-31 16:30:23 | DEBUG | Saved cleaned page: scraper/raw_html\html__html_headings.json
2026-03-31 16:30:24 | DEBUG | Starting new HTTPS connection (1): www.w3schools.com:443
2026-03-31 16:30:25 | DEBUG | https://www.w3schools.com:443 "GET /html/html_paragraphs.asp HTTP/1.1" 200 41866
2026-03-31 16:30:25 | DEBUG | Saved cleaned page: scraper/raw_html\html__html_paragraphs.json
2026-03-31 16:30:26 | DEBUG | Starting new HTTPS connection (1): www.w3schools.com:443
2026-03-31 16:30:27 | DEBUG | https://www.w3schools.com:443 "GET /html/html_styles.asp HTTP/1.1" 200 41510
2026-03-31 16:30:27 | DEBUG | Saved cleaned page: scraper/raw_html\html__html_styles.json
2026-03-31 16:30:28 | DEBUG | Starting new HTTPS connection (1): www.w3schools.com:443
2026-03-31 16:30:29 | DEBUG | https://www.w3schools.com:443 "GET /html/html_formatting.asp HTTP/1.1" 200 42162
2026-03-31 16:30:29 | DEBUG | Saved cleaned page: scraper/raw_html\html__html_formatting.json
2026-03-31 16:30:30 | DEBUG | Starting new HTTPS connection (1): www.w3schools.com:443
2026-03-31 16:30:31 | DEBUG | https://www.w3schools.com:443 "GET /html/html_quotation_elements.asp HTTP/1.1" 200 42143
2026-03-31 16:30:31 | DEBUG | Saved cleaned page: scraper/raw_html\html__html_quotation_elements.json
2026-03-31 16:30:32 | DEBUG | Starting new HTTPS connection (1): www.w3schools.com:443
2026-03-31 16:30:32 | DEBUG | https://www.w3schools.com:443 "GET /html/html_comments.asp HTTP/1.1" 200 41374
2026-03-31 16:30:32 | DEBUG | Saved cleaned page: scraper/raw_html\html__html_comments.json
2026-03-31 16:30:33 | DEBUG | Starting new HTTPS connection (1): www.w3schools.com:443
2026-03-31 16:30:34 | DEBUG | https://www.w3schools.com:443 "GET /html/html_colors.asp HTTP/1.1" 200 41948
2026-03-31 16:30:34 | DEBUG | Saved cleaned page: scraper/raw_html\html__html_colors.json
2026-03-31 16:30:35 | DEBUG | Starting new HTTPS connection (1): www.w3schools.com:443
2026-03-31 16:30:36 | DEBUG | https://www.w3schools.com:443 "GET /html/html_colors_rgb.asp HTTP/1.1" 200 42276
2026-03-31 16:30:36 | DEBUG | Saved cleaned page: scraper/raw_html\html__html_colors_rgb.json
2026-03-31 16:30:36 | DEBUG | Starting new HTTPS connection (1): www.w3schools.com:443
2026-03-31 16:30:37 | DEBUG | https://www.w3schools.com:443 "GET /html/html_colors_hex.asp HTTP/1.1" 200 41556
2026-03-31 16:30:37 | DEBUG | Saved cleaned page: scraper/raw_html\html__html_colors_hex.json
2026-03-31 16:30:38 | DEBUG | Starting new HTTPS connection (1): www.w3schools.com:443
2026-03-31 16:30:39 | DEBUG | https://www.w3schools.com:443 "GET /html/html_colors_hsl.asp HTTP/1.1" 200 42417
2026-03-31 16:30:39 | DEBUG | Saved cleaned page: scraper/raw_html\html__html_colors_hsl.json
2026-03-31 16:30:40 | DEBUG | Starting new HTTPS connection (1): www.w3schools.com:443
2026-03-31 16:30:40 | DEBUG | https://www.w3schools.com:443 "GET /html/html_css.asp HTTP/1.1" 200 43279
2026-03-31 16:30:40 | DEBUG | Saved cleaned page: scraper/raw_html\html__html_css.json
2026-03-31 16:30:41 | DEBUG | Starting new HTTPS connection (1): www.w3schools.com:443
2026-03-31 16:30:42 | DEBUG | https://www.w3schools.com:443 "GET /html/html_links.asp HTTP/1.1" 200 42785
2026-03-31 16:30:42 | DEBUG | Saved cleaned page: scraper/raw_html\html__html_links.json
2026-03-31 16:30:43 | DEBUG | Starting new HTTPS connection (1): www.w3schools.com:443
2026-03-31 16:30:44 | DEBUG | https://www.w3schools.com:443 "GET /html/html_links_colors.asp HTTP/1.1" 200 41199
2026-03-31 16:30:44 | DEBUG | Saved cleaned page: scraper/raw_html\html__html_links_colors.json
2026-03-31 16:30:45 | DEBUG | Starting new HTTPS connection (1): www.w3schools.com:443
2026-03-31 16:30:45 | DEBUG | https://www.w3schools.com:443 "GET /html/html_links_bookmarks.asp HTTP/1.1" 200 41078
2026-03-31 16:30:45 | DEBUG | Saved cleaned page: scraper/raw_html\html__html_links_bookmarks.json
2026-03-31 16:30:47 | DEBUG | Starting new HTTPS connection (1): www.w3schools.com:443
2026-03-31 16:30:47 | DEBUG | https://www.w3schools.com:443 "GET /html/html_images.asp HTTP/1.1" 200 43389
2026-03-31 16:30:47 | DEBUG | Saved cleaned page: scraper/raw_html\html__html_images.json
2026-03-31 16:30:48 | DEBUG | Starting new HTTPS connection (1): www.w3schools.com:443
2026-03-31 16:30:49 | DEBUG | https://www.w3schools.com:443 "GET /html/html_images_imagemap.asp HTTP/1.1" 200 42815
2026-03-31 16:30:49 | DEBUG | Saved cleaned page: scraper/raw_html\html__html_images_imagemap.json
2026-03-31 16:30:50 | DEBUG | Starting new HTTPS connection (1): www.w3schools.com:443
2026-03-31 16:30:51 | DEBUG | https://www.w3schools.com:443 "GET /html/html_images_background.asp HTTP/1.1" 200 41281
2026-03-31 16:30:51 | DEBUG | Saved cleaned page: scraper/raw_html\html__html_images_background.json
2026-03-31 16:30:52 | DEBUG | Starting new HTTPS connection (1): www.w3schools.com:443
2026-03-31 16:30:52 | DEBUG | https://www.w3schools.com:443 "GET /html/html_images_picture.asp HTTP/1.1" 200 41433
2026-03-31 16:30:52 | DEBUG | Saved cleaned page: scraper/raw_html\html__html_images_picture.json
2026-03-31 16:30:53 | DEBUG | Starting new HTTPS connection (1): www.w3schools.com:443
2026-03-31 16:30:54 | DEBUG | https://www.w3schools.com:443 "GET /html/html_favicon.asp HTTP/1.1" 200 41257
2026-03-31 16:30:54 | DEBUG | Saved cleaned page: scraper/raw_html\html__html_favicon.json
2026-03-31 16:30:55 | DEBUG | Starting new HTTPS connection (1): www.w3schools.com:443
2026-03-31 16:30:55 | DEBUG | https://www.w3schools.com:443 "GET /html/html_page_title.asp HTTP/1.1" 200 40918
2026-03-31 16:30:55 | DEBUG | Saved cleaned page: scraper/raw_html\html__html_page_title.json
2026-03-31 16:30:56 | DEBUG | Starting new HTTPS connection (1): www.w3schools.com:443
2026-03-31 16:30:57 | DEBUG | https://www.w3schools.com:443 "GET /html/html_tables.asp HTTP/1.1" 200 42749
2026-03-31 16:30:57 | DEBUG | Saved cleaned page: scraper/raw_html\html__html_tables.json
2026-03-31 16:30:58 | DEBUG | Starting new HTTPS connection (1): www.w3schools.com:443
2026-03-31 16:30:59 | DEBUG | https://www.w3schools.com:443 "GET /html/html_table_borders.asp HTTP/1.1" 200 41583
2026-03-31 16:30:59 | DEBUG | Saved cleaned page: scraper/raw_html\html__html_table_borders.json
2026-03-31 16:31:00 | DEBUG | Starting new HTTPS connection (1): www.w3schools.com:443
2026-03-31 16:31:00 | DEBUG | https://www.w3schools.com:443 "GET /html/html_table_sizes.asp HTTP/1.1" 200 41261
2026-03-31 16:31:00 | DEBUG | Saved cleaned page: scraper/raw_html\html__html_table_sizes.json
2026-03-31 16:31:01 | DEBUG | Starting new HTTPS connection (1): www.w3schools.com:443
2026-03-31 16:31:02 | DEBUG | https://www.w3schools.com:443 "GET /html/html_table_headers.asp HTTP/1.1" 200 41864
2026-03-31 16:31:02 | DEBUG | Saved cleaned page: scraper/raw_html\html__html_table_headers.json
2026-03-31 16:31:03 | DEBUG | Starting new HTTPS connection (1): www.w3schools.com:443
2026-03-31 16:31:04 | DEBUG | https://www.w3schools.com:443 "GET /html/html_table_padding_spacing.asp HTTP/1.1" 200 41067
2026-03-31 16:31:04 | DEBUG | Saved cleaned page: scraper/raw_html\html__html_table_padding_spacing.json
2026-03-31 16:31:05 | DEBUG | Starting new HTTPS connection (1): www.w3schools.com:443
2026-03-31 16:31:07 | DEBUG | https://www.w3schools.com:443 "GET /html/html_table_colspan_rowspan.asp HTTP/1.1" 200 40999
2026-03-31 16:31:07 | DEBUG | Saved cleaned page: scraper/raw_html\html__html_table_colspan_rowspan.json
2026-03-31 16:31:08 | DEBUG | Starting new HTTPS connection (1): www.w3schools.com:443
2026-03-31 16:31:09 | DEBUG | https://www.w3schools.com:443 "GET /html/html_table_styling.asp HTTP/1.1" 200 41844
2026-03-31 16:31:09 | DEBUG | Saved cleaned page: scraper/raw_html\html__html_table_styling.json
2026-03-31 16:31:10 | DEBUG | Starting new HTTPS connection (1): www.w3schools.com:443
2026-03-31 16:31:12 | DEBUG | https://www.w3schools.com:443 "GET /html/html_table_colgroup.asp HTTP/1.1" 200 41848
2026-03-31 16:31:12 | DEBUG | Saved cleaned page: scraper/raw_html\html__html_table_colgroup.json
2026-03-31 16:31:13 | DEBUG | Starting new HTTPS connection (1): www.w3schools.com:443
2026-03-31 16:31:15 | DEBUG | https://www.w3schools.com:443 "GET /html/html_lists.asp HTTP/1.1" 200 41367
2026-03-31 16:31:15 | DEBUG | Saved cleaned page: scraper/raw_html\html__html_lists.json
2026-03-31 16:31:16 | DEBUG | Starting new HTTPS connection (1): www.w3schools.com:443
2026-03-31 16:31:18 | DEBUG | https://www.w3schools.com:443 "GET /html/html_lists_unordered.asp HTTP/1.1" 200 41763
2026-03-31 16:31:18 | DEBUG | Saved cleaned page: scraper/raw_html\html__html_lists_unordered.json
2026-03-31 16:31:19 | DEBUG | Starting new HTTPS connection (1): www.w3schools.com:443
2026-03-31 16:31:21 | DEBUG | https://www.w3schools.com:443 "GET /html/html_lists_ordered.asp HTTP/1.1" 200 41446
2026-03-31 16:31:21 | DEBUG | Saved cleaned page: scraper/raw_html\html__html_lists_ordered.json
2026-03-31 16:31:23 | DEBUG | Starting new HTTPS connection (1): www.w3schools.com:443
2026-03-31 16:31:24 | DEBUG | https://www.w3schools.com:443 "GET /html/html_lists_other.asp HTTP/1.1" 200 40865
2026-03-31 16:31:24 | DEBUG | Saved cleaned page: scraper/raw_html\html__html_lists_other.json
2026-03-31 16:31:25 | DEBUG | Starting new HTTPS connection (1): www.w3schools.com:443
2026-03-31 16:31:26 | DEBUG | https://www.w3schools.com:443 "GET /html/html_blocks.asp HTTP/1.1" 200 42668
2026-03-31 16:31:26 | DEBUG | Saved cleaned page: scraper/raw_html\html__html_blocks.json
2026-03-31 16:31:26 | DEBUG | Starting new HTTPS connection (1): www.w3schools.com:443
2026-03-31 16:31:27 | DEBUG | https://www.w3schools.com:443 "GET /html/html_div.asp HTTP/1.1" 200 42552
2026-03-31 16:31:27 | DEBUG | Saved cleaned page: scraper/raw_html\html__html_div.json
2026-03-31 16:31:28 | DEBUG | Starting new HTTPS connection (1): www.w3schools.com:443
2026-03-31 16:31:29 | DEBUG | https://www.w3schools.com:443 "GET /html/html_classes.asp HTTP/1.1" 200 42350
2026-03-31 16:31:29 | DEBUG | Saved cleaned page: scraper/raw_html\html__html_classes.json
2026-03-31 16:31:30 | DEBUG | Starting new HTTPS connection (1): www.w3schools.com:443
2026-03-31 16:31:30 | DEBUG | https://www.w3schools.com:443 "GET /html/html_id.asp HTTP/1.1" 200 42343
2026-03-31 16:31:30 | DEBUG | Saved cleaned page: scraper/raw_html\html__html_id.json
2026-03-31 16:31:31 | DEBUG | Starting new HTTPS connection (1): www.w3schools.com:443
2026-03-31 16:31:32 | DEBUG | https://www.w3schools.com:443 "GET /html/html_buttons.asp HTTP/1.1" 200 41409
2026-03-31 16:31:32 | DEBUG | Saved cleaned page: scraper/raw_html\html__html_buttons.json
2026-03-31 16:31:33 | DEBUG | Starting new HTTPS connection (1): www.w3schools.com:443
2026-03-31 16:31:34 | DEBUG | https://www.w3schools.com:443 "GET /html/html_iframe.asp HTTP/1.1" 200 41697
2026-03-31 16:31:34 | DEBUG | Saved cleaned page: scraper/raw_html\html__html_iframe.json
2026-03-31 16:31:35 | DEBUG | Starting new HTTPS connection (1): www.w3schools.com:443
2026-03-31 16:31:36 | DEBUG | https://www.w3schools.com:443 "GET /html/html_scripts.asp HTTP/1.1" 200 41599
2026-03-31 16:31:36 | DEBUG | Saved cleaned page: scraper/raw_html\html__html_scripts.json
2026-03-31 16:31:37 | DEBUG | Starting new HTTPS connection (1): www.w3schools.com:443
2026-03-31 16:31:37 | DEBUG | https://www.w3schools.com:443 "GET /html/html_filepaths.asp HTTP/1.1" 200 41031
2026-03-31 16:31:37 | DEBUG | Saved cleaned page: scraper/raw_html\html__html_filepaths.json
2026-03-31 16:31:38 | DEBUG | Starting new HTTPS connection (1): www.w3schools.com:443
2026-03-31 16:31:39 | DEBUG | https://www.w3schools.com:443 "GET /html/html_head.asp HTTP/1.1" 200 43303
2026-03-31 16:31:39 | DEBUG | Saved cleaned page: scraper/raw_html\html__html_head.json
2026-03-31 16:31:40 | DEBUG | Starting new HTTPS connection (1): www.w3schools.com:443
2026-03-31 16:31:40 | DEBUG | https://www.w3schools.com:443 "GET /html/html_layout.asp HTTP/1.1" 200 42713
2026-03-31 16:31:41 | DEBUG | Saved cleaned page: scraper/raw_html\html__html_layout.json
2026-03-31 16:31:42 | DEBUG | Starting new HTTPS connection (1): www.w3schools.com:443
2026-03-31 16:31:42 | DEBUG | https://www.w3schools.com:443 "GET /html/html_responsive.asp HTTP/1.1" 200 43785
2026-03-31 16:31:42 | DEBUG | Saved cleaned page: scraper/raw_html\html__html_responsive.json
2026-03-31 16:31:43 | DEBUG | Starting new HTTPS connection (1): www.w3schools.com:443
2026-03-31 16:31:44 | DEBUG | https://www.w3schools.com:443 "GET /html/html_computercode_elements.asp HTTP/1.1" 200 41594
2026-03-31 16:31:44 | DEBUG | Saved cleaned page: scraper/raw_html\html__html_computercode_elements.json
2026-03-31 16:31:45 | DEBUG | Starting new HTTPS connection (1): www.w3schools.com:443
2026-03-31 16:31:46 | DEBUG | https://www.w3schools.com:443 "GET /html/html_entities.asp HTTP/1.1" 200 41935
2026-03-31 16:31:46 | DEBUG | Saved cleaned page: scraper/raw_html\html__html_entities.json
2026-03-31 16:31:47 | DEBUG | Starting new HTTPS connection (1): www.w3schools.com:443
2026-03-31 16:31:49 | DEBUG | https://www.w3schools.com:443 "GET /html/html_symbols.asp HTTP/1.1" 200 42874
2026-03-31 16:31:49 | DEBUG | Saved cleaned page: scraper/raw_html\html__html_symbols.json
2026-03-31 16:31:51 | DEBUG | Starting new HTTPS connection (1): www.w3schools.com:443
2026-03-31 16:31:51 | DEBUG | https://www.w3schools.com:443 "GET /html/html_emojis.asp HTTP/1.1" 200 42132
2026-03-31 16:31:51 | DEBUG | Saved cleaned page: scraper/raw_html\html__html_emojis.json
2026-03-31 16:31:52 | DEBUG | Starting new HTTPS connection (1): www.w3schools.com:443
2026-03-31 16:31:53 | DEBUG | https://www.w3schools.com:443 "GET /html/html_charset.asp HTTP/1.1" 200 41810
2026-03-31 16:31:53 | DEBUG | Saved cleaned page: scraper/raw_html\html__html_charset.json
2026-03-31 16:31:54 | DEBUG | Starting new HTTPS connection (1): www.w3schools.com:443
2026-03-31 16:31:55 | DEBUG | https://www.w3schools.com:443 "GET /html/html_urlencode.asp HTTP/1.1" 200 41741
2026-03-31 16:31:55 | DEBUG | Saved cleaned page: scraper/raw_html\html__html_urlencode.json
2026-03-31 16:31:56 | DEBUG | Starting new HTTPS connection (1): www.w3schools.com:443
2026-03-31 16:31:56 | DEBUG | https://www.w3schools.com:443 "GET /html/html_xhtml.asp HTTP/1.1" 200 41840
2026-03-31 16:31:56 | DEBUG | Saved cleaned page: scraper/raw_html\html__html_xhtml.json
2026-03-31 16:31:58 | DEBUG | Starting new HTTPS connection (1): www.w3schools.com:443
2026-03-31 16:31:58 | DEBUG | https://www.w3schools.com:443 "GET /html/html_forms.asp HTTP/1.1" 200 42728
2026-03-31 16:31:58 | DEBUG | Saved cleaned page: scraper/raw_html\html__html_forms.json
2026-03-31 16:31:59 | DEBUG | Starting new HTTPS connection (1): www.w3schools.com:443
2026-03-31 16:32:00 | DEBUG | https://www.w3schools.com:443 "GET /html/html_forms_attributes.asp HTTP/1.1" 200 42193
2026-03-31 16:32:00 | DEBUG | Saved cleaned page: scraper/raw_html\html__html_forms_attributes.json
2026-03-31 16:32:01 | DEBUG | Starting new HTTPS connection (1): www.w3schools.com:443
2026-03-31 16:32:01 | DEBUG | https://www.w3schools.com:443 "GET /html/html_form_elements.asp HTTP/1.1" 200 42939
2026-03-31 16:32:01 | DEBUG | Saved cleaned page: scraper/raw_html\html__html_form_elements.json
2026-03-31 16:32:03 | DEBUG | Starting new HTTPS connection (1): www.w3schools.com:443
2026-03-31 16:32:03 | DEBUG | https://www.w3schools.com:443 "GET /html/html_form_input_types.asp HTTP/1.1" 200 44531
2026-03-31 16:32:03 | DEBUG | Saved cleaned page: scraper/raw_html\html__html_form_input_types.json
2026-03-31 16:32:04 | DEBUG | Starting new HTTPS connection (1): www.w3schools.com:443
2026-03-31 16:32:06 | DEBUG | https://www.w3schools.com:443 "GET /html/html_form_attributes.asp HTTP/1.1" 200 43650
2026-03-31 16:32:06 | DEBUG | Saved cleaned page: scraper/raw_html\html__html_form_attributes.json
2026-03-31 16:32:08 | DEBUG | Starting new HTTPS connection (1): www.w3schools.com:443
2026-03-31 16:32:09 | DEBUG | https://www.w3schools.com:443 "GET /html/html_form_attributes_form.asp HTTP/1.1" 200 42241
2026-03-31 16:32:09 | DEBUG | Saved cleaned page: scraper/raw_html\html__html_form_attributes_form.json
2026-03-31 16:32:10 | DEBUG | Starting new HTTPS connection (1): www.w3schools.com:443
2026-03-31 16:32:11 | DEBUG | https://www.w3schools.com:443 "GET /html/html_media.asp HTTP/1.1" 200 41980
2026-03-31 16:32:11 | DEBUG | Saved cleaned page: scraper/raw_html\html__html_media.json
2026-03-31 16:32:12 | DEBUG | Starting new HTTPS connection (1): www.w3schools.com:443
2026-03-31 16:32:14 | DEBUG | https://www.w3schools.com:443 "GET /html/html_object.asp HTTP/1.1" 200 41102
2026-03-31 16:32:14 | DEBUG | Saved cleaned page: scraper/raw_html\html__html_object.json
2026-03-31 16:32:15 | DEBUG | Starting new HTTPS connection (1): www.w3schools.com:443
2026-03-31 16:32:17 | DEBUG | https://www.w3schools.com:443 "GET /html/html_youtube.asp HTTP/1.1" 200 41347
2026-03-31 16:32:17 | DEBUG | Saved cleaned page: scraper/raw_html\html__html_youtube.json
2026-03-31 16:32:18 | DEBUG | Starting new HTTPS connection (1): www.w3schools.com:443
2026-03-31 16:32:20 | DEBUG | https://www.w3schools.com:443 "GET /html/html_examples.asp HTTP/1.1" 200 44421
2026-03-31 16:32:20 | DEBUG | Saved cleaned page: scraper/raw_html\html__html_examples.json
2026-03-31 16:32:21 | DEBUG | Starting new HTTPS connection (1): www.w3schools.com:443
2026-03-31 16:32:22 | DEBUG | https://www.w3schools.com:443 "GET /html/html_editor.asp HTTP/1.1" 200 41221
2026-03-31 16:32:22 | DEBUG | Saved cleaned page: scraper/raw_html\html__html_editor.json
2026-03-31 16:32:23 | DEBUG | Starting new HTTPS connection (1): www.w3schools.com:443
2026-03-31 16:32:23 | DEBUG | https://www.w3schools.com:443 "GET /html/html_website.asp HTTP/1.1" 200 50763
2026-03-31 16:32:23 | DEBUG | Saved cleaned page: scraper/raw_html\html__html_website.json
2026-03-31 16:32:25 | DEBUG | Starting new HTTPS connection (1): www.w3schools.com:443
2026-03-31 16:32:25 | DEBUG | https://www.w3schools.com:443 "GET /html/html_syllabus.asp HTTP/1.1" 200 43406
2026-03-31 16:32:25 | DEBUG | Saved cleaned page: scraper/raw_html\html__html_syllabus.json
2026-03-31 16:32:26 | DEBUG | Starting new HTTPS connection (1): www.w3schools.com:443
2026-03-31 16:32:27 | DEBUG | https://www.w3schools.com:443 "GET /html/html_study_plan.asp HTTP/1.1" 200 42390
2026-03-31 16:32:27 | DEBUG | Saved cleaned page: scraper/raw_html\html__html_study_plan.json
2026-03-31 16:32:28 | DEBUG | Starting new HTTPS connection (1): www.w3schools.com:443
2026-03-31 16:32:28 | DEBUG | https://www.w3schools.com:443 "GET /html/html_interview_prep.asp HTTP/1.1" 200 42425
2026-03-31 16:32:28 | DEBUG | Saved cleaned page: scraper/raw_html\html__html_interview_prep.json
2026-03-31 16:32:29 | DEBUG | Starting new HTTPS connection (1): www.w3schools.com:443
2026-03-31 16:32:30 | DEBUG | https://www.w3schools.com:443 "GET /html/html_exam.asp HTTP/1.1" 200 43405
2026-03-31 16:32:30 | DEBUG | Saved cleaned page: scraper/raw_html\html__html_exam.json
2026-03-31 16:32:31 | DEBUG | Starting new HTTPS connection (1): www.w3schools.com:443
2026-03-31 16:32:31 | DEBUG | https://www.w3schools.com:443 "GET /html/html_summary.asp HTTP/1.1" 200 44063
2026-03-31 16:32:31 | DEBUG | Saved cleaned page: scraper/raw_html\html__html_summary.json
2026-03-31 16:32:32 | DEBUG | Starting new HTTPS connection (1): www.w3schools.com:443
2026-03-31 16:32:33 | DEBUG | https://www.w3schools.com:443 "GET /html/html_accessibility.asp HTTP/1.1" 200 42428
2026-03-31 16:32:33 | DEBUG | Saved cleaned page: scraper/raw_html\html__html_accessibility.json
2026-03-31 16:32:34 | DEBUG | Starting new HTTPS connection (1): www.w3schools.com:443
2026-03-31 16:32:34 | DEBUG | https://www.w3schools.com:443 "GET /css/css_examples.asp HTTP/1.1" 200 53376
2026-03-31 16:32:34 | DEBUG | Saved cleaned page: scraper/raw_html\css__css_examples.json
2026-03-31 16:32:36 | DEBUG | Starting new HTTPS connection (1): www.w3schools.com:443
2026-03-31 16:32:36 | DEBUG | https://www.w3schools.com:443 "GET /js/js_examples.asp HTTP/1.1" 200 48692
2026-03-31 16:32:36 | DEBUG | Saved cleaned page: scraper/raw_html\js__js_examples.json
2026-03-31 16:32:37 | DEBUG | Starting new HTTPS connection (1): www.w3schools.com:443
2026-03-31 16:32:38 | DEBUG | https://www.w3schools.com:443 "GET /sql/sql_examples.asp HTTP/1.1" 200 47356
2026-03-31 16:32:38 | DEBUG | Saved cleaned page: scraper/raw_html\sql__sql_examples.json
2026-03-31 16:32:39 | DEBUG | Starting new HTTPS connection (1): www.w3schools.com:443
2026-03-31 16:32:40 | DEBUG | https://www.w3schools.com:443 "GET /python/python_examples.asp HTTP/1.1" 200 47059
2026-03-31 16:32:40 | DEBUG | Saved cleaned page: scraper/raw_html\python__python_examples.json
2026-03-31 16:32:41 | DEBUG | Starting new HTTPS connection (1): www.w3schools.com:443
2026-03-31 16:32:41 | DEBUG | https://www.w3schools.com:443 "GET /css/css_intro.asp HTTP/1.1" 200 43485
2026-03-31 16:32:42 | DEBUG | Saved cleaned page: scraper/raw_html\css__css_intro.json
2026-03-31 16:32:42 | DEBUG | Starting new HTTPS connection (1): www.w3schools.com:443
2026-03-31 16:32:44 | DEBUG | https://www.w3schools.com:443 "GET /css/css_syntax.asp HTTP/1.1" 200 43353
2026-03-31 16:32:44 | DEBUG | Saved cleaned page: scraper/raw_html\css__css_syntax.json
2026-03-31 16:32:46 | DEBUG | Starting new HTTPS connection (1): www.w3schools.com:443
2026-03-31 16:32:47 | DEBUG | https://www.w3schools.com:443 "GET /css/css_selectors.asp HTTP/1.1" 200 43497
2026-03-31 16:32:47 | DEBUG | Saved cleaned page: scraper/raw_html\css__css_selectors.json
2026-03-31 16:32:48 | DEBUG | Starting new HTTPS connection (1): www.w3schools.com:443
2026-03-31 16:32:49 | DEBUG | https://www.w3schools.com:443 "GET /css/css_selectors_grouping.asp HTTP/1.1" 200 43509
2026-03-31 16:32:49 | DEBUG | Saved cleaned page: scraper/raw_html\css__css_selectors_grouping.json
2026-03-31 16:32:50 | DEBUG | Starting new HTTPS connection (1): www.w3schools.com:443
2026-03-31 16:32:52 | DEBUG | https://www.w3schools.com:443 "GET /css/css_howto.asp HTTP/1.1" 200 43568
2026-03-31 16:32:53 | DEBUG | Saved cleaned page: scraper/raw_html\css__css_howto.json
2026-03-31 16:32:54 | DEBUG | Starting new HTTPS connection (1): www.w3schools.com:443
2026-03-31 16:32:56 | DEBUG | https://www.w3schools.com:443 "GET /css/css_howto_internal.asp HTTP/1.1" 200 42864
2026-03-31 16:32:56 | DEBUG | Saved cleaned page: scraper/raw_html\css__css_howto_internal.json
2026-03-31 16:32:57 | DEBUG | Starting new HTTPS connection (1): www.w3schools.com:443
2026-03-31 16:32:58 | DEBUG | https://www.w3schools.com:443 "GET /css/css_howto_inline.asp HTTP/1.1" 200 42943
2026-03-31 16:32:58 | DEBUG | Saved cleaned page: scraper/raw_html\css__css_howto_inline.json
2026-03-31 16:32:59 | DEBUG | Starting new HTTPS connection (1): www.w3schools.com:443
2026-03-31 16:33:00 | DEBUG | https://www.w3schools.com:443 "GET /css/css_howto_multiple_cascade.asp HTTP/1.1" 200 43267
2026-03-31 16:33:00 | DEBUG | Saved cleaned page: scraper/raw_html\css__css_howto_multiple_cascade.json
2026-03-31 16:33:02 | DEBUG | Starting new HTTPS connection (1): www.w3schools.com:443
2026-03-31 16:33:03 | DEBUG | https://www.w3schools.com:443 "GET /css/css_comments.asp HTTP/1.1" 200 43547
2026-03-31 16:33:04 | DEBUG | Saved cleaned page: scraper/raw_html\css__css_comments.json
2026-03-31 16:33:05 | DEBUG | Starting new HTTPS connection (1): www.w3schools.com:443
2026-03-31 16:33:05 | DEBUG | https://www.w3schools.com:443 "GET /css/css_errors.asp HTTP/1.1" 200 43176
2026-03-31 16:33:05 | DEBUG | Saved cleaned page: scraper/raw_html\css__css_errors.json
2026-03-31 16:33:07 | DEBUG | Starting new HTTPS connection (1): www.w3schools.com:443
2026-03-31 16:33:07 | DEBUG | https://www.w3schools.com:443 "GET /css/css_colors.asp HTTP/1.1" 200 44055
2026-03-31 16:33:07 | DEBUG | Saved cleaned page: scraper/raw_html\css__css_colors.json
2026-03-31 16:33:08 | DEBUG | Starting new HTTPS connection (1): www.w3schools.com:443
2026-03-31 16:33:09 | DEBUG | https://www.w3schools.com:443 "GET /css/css_colors_rgb.asp HTTP/1.1" 200 44614
2026-03-31 16:33:09 | DEBUG | Saved cleaned page: scraper/raw_html\css__css_colors_rgb.json
2026-03-31 16:33:10 | DEBUG | Starting new HTTPS connection (1): www.w3schools.com:443
2026-03-31 16:33:11 | DEBUG | https://www.w3schools.com:443 "GET /css/css_colors_hex.asp HTTP/1.1" 200 44281
2026-03-31 16:33:12 | DEBUG | Saved cleaned page: scraper/raw_html\css__css_colors_hex.json
2026-03-31 16:33:13 | DEBUG | Starting new HTTPS connection (1): www.w3schools.com:443
2026-03-31 16:33:14 | DEBUG | https://www.w3schools.com:443 "GET /css/css_colors_hsl.asp HTTP/1.1" 200 44916
2026-03-31 16:33:14 | DEBUG | Saved cleaned page: scraper/raw_html\css__css_colors_hsl.json
2026-03-31 16:33:15 | DEBUG | Starting new HTTPS connection (1): www.w3schools.com:443
2026-03-31 16:33:17 | DEBUG | https://www.w3schools.com:443 "GET /css/css_background.asp HTTP/1.1" 200 44267
2026-03-31 16:33:17 | DEBUG | Saved cleaned page: scraper/raw_html\css__css_background.json
2026-03-31 16:33:18 | DEBUG | Starting new HTTPS connection (1): www.w3schools.com:443
2026-03-31 16:33:20 | DEBUG | https://www.w3schools.com:443 "GET /css/css_background_image.asp HTTP/1.1" 200 43337
2026-03-31 16:33:20 | DEBUG | Saved cleaned page: scraper/raw_html\css__css_background_image.json
2026-03-31 16:33:21 | DEBUG | Starting new HTTPS connection (1): www.w3schools.com:443
2026-03-31 16:33:23 | DEBUG | https://www.w3schools.com:443 "GET /css/css_background_repeat.asp HTTP/1.1" 200 43601
2026-03-31 16:33:23 | DEBUG | Saved cleaned page: scraper/raw_html\css__css_background_repeat.json
2026-03-31 16:33:24 | DEBUG | Starting new HTTPS connection (1): www.w3schools.com:443
2026-03-31 16:33:26 | DEBUG | https://www.w3schools.com:443 "GET /css/css_background_attachment.asp HTTP/1.1" 200 43216
2026-03-31 16:33:26 | DEBUG | Saved cleaned page: scraper/raw_html\css__css_background_attachment.json
2026-03-31 16:33:27 | DEBUG | Starting new HTTPS connection (1): www.w3schools.com:443
2026-03-31 16:33:28 | DEBUG | https://www.w3schools.com:443 "GET /css/css_background_shorthand.asp HTTP/1.1" 200 43623
2026-03-31 16:33:28 | DEBUG | Saved cleaned page: scraper/raw_html\css__css_background_shorthand.json
2026-03-31 16:33:29 | DEBUG | Starting new HTTPS connection (1): www.w3schools.com:443
2026-03-31 16:33:30 | DEBUG | https://www.w3schools.com:443 "GET /css/css_border.asp HTTP/1.1" 200 43438
2026-03-31 16:33:30 | DEBUG | Saved cleaned page: scraper/raw_html\css__css_border.json
2026-03-31 16:33:31 | DEBUG | Starting new HTTPS connection (1): www.w3schools.com:443
2026-03-31 16:33:31 | DEBUG | https://www.w3schools.com:443 "GET /css/css_border_width.asp HTTP/1.1" 200 43153
2026-03-31 16:33:31 | DEBUG | Saved cleaned page: scraper/raw_html\css__css_border_width.json
2026-03-31 16:33:32 | DEBUG | Starting new HTTPS connection (1): www.w3schools.com:443
2026-03-31 16:33:33 | DEBUG | https://www.w3schools.com:443 "GET /css/css_border_color.asp HTTP/1.1" 200 43375
2026-03-31 16:33:33 | DEBUG | Saved cleaned page: scraper/raw_html\css__css_border_color.json
2026-03-31 16:33:34 | DEBUG | Starting new HTTPS connection (1): www.w3schools.com:443
2026-03-31 16:33:34 | DEBUG | https://www.w3schools.com:443 "GET /css/css_border_sides.asp HTTP/1.1" 200 43386
2026-03-31 16:33:34 | DEBUG | Saved cleaned page: scraper/raw_html\css__css_border_sides.json
2026-03-31 16:33:35 | DEBUG | Starting new HTTPS connection (1): www.w3schools.com:443
2026-03-31 16:33:36 | DEBUG | https://www.w3schools.com:443 "GET /css/css_border_shorthand.asp HTTP/1.1" 200 43031
2026-03-31 16:33:36 | DEBUG | Saved cleaned page: scraper/raw_html\css__css_border_shorthand.json
2026-03-31 16:33:37 | DEBUG | Starting new HTTPS connection (1): www.w3schools.com:443
2026-03-31 16:33:38 | DEBUG | https://www.w3schools.com:443 "GET /css/css_border_rounded.asp HTTP/1.1" 200 43338
2026-03-31 16:33:38 | DEBUG | Saved cleaned page: scraper/raw_html\css__css_border_rounded.json
2026-03-31 16:33:39 | DEBUG | Starting new HTTPS connection (1): www.w3schools.com:443
2026-03-31 16:33:39 | DEBUG | https://www.w3schools.com:443 "GET /css/css_margin.asp HTTP/1.1" 200 44001
2026-03-31 16:33:40 | DEBUG | Saved cleaned page: scraper/raw_html\css__css_margin.json
2026-03-31 16:33:40 | DEBUG | Starting new HTTPS connection (1): www.w3schools.com:443
2026-03-31 16:33:41 | DEBUG | https://www.w3schools.com:443 "GET /css/css_margin_collapse.asp HTTP/1.1" 200 43238
2026-03-31 16:33:41 | DEBUG | Saved cleaned page: scraper/raw_html\css__css_margin_collapse.json
2026-03-31 16:33:42 | DEBUG | Starting new HTTPS connection (1): www.w3schools.com:443
2026-03-31 16:33:43 | DEBUG | https://www.w3schools.com:443 "GET /css/css_padding.asp HTTP/1.1" 200 43667
2026-03-31 16:33:43 | DEBUG | Saved cleaned page: scraper/raw_html\css__css_padding.json
2026-03-31 16:33:44 | DEBUG | Starting new HTTPS connection (1): www.w3schools.com:443
2026-03-31 16:33:45 | DEBUG | https://www.w3schools.com:443 "GET /css/css_padding_box-sizing.asp HTTP/1.1" 200 43453
2026-03-31 16:33:45 | DEBUG | Saved cleaned page: scraper/raw_html\css__css_padding_box-sizing.json
2026-03-31 16:33:46 | DEBUG | Starting new HTTPS connection (1): www.w3schools.com:443
2026-03-31 16:33:46 | DEBUG | https://www.w3schools.com:443 "GET /css/css_height_width.asp HTTP/1.1" 200 43368
2026-03-31 16:33:46 | DEBUG | Saved cleaned page: scraper/raw_html\css__css_height_width.json
2026-03-31 16:33:48 | DEBUG | Starting new HTTPS connection (1): www.w3schools.com:443
2026-03-31 16:33:48 | DEBUG | https://www.w3schools.com:443 "GET /css/css_height_width_min_max.asp HTTP/1.1" 200 43634
2026-03-31 16:33:48 | DEBUG | Saved cleaned page: scraper/raw_html\css__css_height_width_min_max.json
2026-03-31 16:33:49 | DEBUG | Starting new HTTPS connection (1): www.w3schools.com:443
2026-03-31 16:33:50 | DEBUG | https://www.w3schools.com:443 "GET /css/css_boxmodel.asp HTTP/1.1" 200 44091
2026-03-31 16:33:50 | DEBUG | Saved cleaned page: scraper/raw_html\css__css_boxmodel.json
2026-03-31 16:33:51 | DEBUG | Starting new HTTPS connection (1): www.w3schools.com:443
2026-03-31 16:33:51 | DEBUG | https://www.w3schools.com:443 "GET /css/css_outline.asp HTTP/1.1" 200 44010
2026-03-31 16:33:52 | DEBUG | Saved cleaned page: scraper/raw_html\css__css_outline.json
2026-03-31 16:33:53 | DEBUG | Starting new HTTPS connection (1): www.w3schools.com:443
2026-03-31 16:33:53 | DEBUG | https://www.w3schools.com:443 "GET /css/css_outline_width.asp HTTP/1.1" 200 42973
2026-03-31 16:33:53 | DEBUG | Saved cleaned page: scraper/raw_html\css__css_outline_width.json
2026-03-31 16:33:54 | DEBUG | Starting new HTTPS connection (1): www.w3schools.com:443
2026-03-31 16:33:55 | DEBUG | https://www.w3schools.com:443 "GET /css/css_outline_color.asp HTTP/1.1" 200 43336
2026-03-31 16:33:55 | DEBUG | Saved cleaned page: scraper/raw_html\css__css_outline_color.json
2026-03-31 16:33:56 | DEBUG | Starting new HTTPS connection (1): www.w3schools.com:443
2026-03-31 16:33:56 | DEBUG | https://www.w3schools.com:443 "GET /css/css_outline_shorthand.asp HTTP/1.1" 200 43209
2026-03-31 16:33:57 | DEBUG | Saved cleaned page: scraper/raw_html\css__css_outline_shorthand.json
2026-03-31 16:33:57 | DEBUG | Starting new HTTPS connection (1): www.w3schools.com:443
2026-03-31 16:33:58 | DEBUG | https://www.w3schools.com:443 "GET /css/css_outline_offset.asp HTTP/1.1" 200 43238
2026-03-31 16:33:58 | DEBUG | Saved cleaned page: scraper/raw_html\css__css_outline_offset.json
2026-03-31 16:33:59 | DEBUG | Starting new HTTPS connection (1): www.w3schools.com:443
2026-03-31 16:33:59 | DEBUG | https://www.w3schools.com:443 "GET /css/css_text.asp HTTP/1.1" 200 43438
2026-03-31 16:33:59 | DEBUG | Saved cleaned page: scraper/raw_html\css__css_text.json
2026-03-31 16:34:01 | DEBUG | Starting new HTTPS connection (1): www.w3schools.com:443
2026-03-31 16:34:01 | DEBUG | https://www.w3schools.com:443 "GET /css/css_text_align.asp HTTP/1.1" 200 43966
2026-03-31 16:34:01 | DEBUG | Saved cleaned page: scraper/raw_html\css__css_text_align.json
2026-03-31 16:34:02 | DEBUG | Starting new HTTPS connection (1): www.w3schools.com:443
2026-03-31 16:34:03 | DEBUG | https://www.w3schools.com:443 "GET /css/css_text_decoration.asp HTTP/1.1" 200 43255
2026-03-31 16:34:03 | DEBUG | Saved cleaned page: scraper/raw_html\css__css_text_decoration.json
2026-03-31 16:34:04 | DEBUG | Starting new HTTPS connection (1): www.w3schools.com:443
2026-03-31 16:34:04 | DEBUG | https://www.w3schools.com:443 "GET /css/css_text_decoration_styles.asp HTTP/1.1" 200 43288
2026-03-31 16:34:04 | DEBUG | Saved cleaned page: scraper/raw_html\css__css_text_decoration_styles.json
2026-03-31 16:34:05 | DEBUG | Starting new HTTPS connection (1): www.w3schools.com:443
2026-03-31 16:34:06 | DEBUG | https://www.w3schools.com:443 "GET /css/css_text_transformation.asp HTTP/1.1" 200 43041
2026-03-31 16:34:06 | DEBUG | Saved cleaned page: scraper/raw_html\css__css_text_transformation.json
2026-03-31 16:34:07 | DEBUG | Starting new HTTPS connection (1): www.w3schools.com:443
2026-03-31 16:34:07 | DEBUG | https://www.w3schools.com:443 "GET /css/css_text_spacing.asp HTTP/1.1" 200 43446
2026-03-31 16:34:07 | DEBUG | Saved cleaned page: scraper/raw_html\css__css_text_spacing.json
2026-03-31 16:34:08 | DEBUG | Starting new HTTPS connection (1): www.w3schools.com:443
2026-03-31 16:34:09 | DEBUG | https://www.w3schools.com:443 "GET /css/css_text_shadow.asp HTTP/1.1" 200 43473
2026-03-31 16:34:09 | DEBUG | Saved cleaned page: scraper/raw_html\css__css_text_shadow.json
2026-03-31 16:34:10 | DEBUG | Starting new HTTPS connection (1): www.w3schools.com:443
2026-03-31 16:34:11 | DEBUG | https://www.w3schools.com:443 "GET /css/css_font.asp HTTP/1.1" 200 43933
2026-03-31 16:34:11 | DEBUG | Saved cleaned page: scraper/raw_html\css__css_font.json
2026-03-31 16:34:12 | DEBUG | Starting new HTTPS connection (1): www.w3schools.com:443
2026-03-31 16:34:12 | DEBUG | https://www.w3schools.com:443 "GET /css/css_font_websafe.asp HTTP/1.1" 200 44242
2026-03-31 16:34:12 | DEBUG | Saved cleaned page: scraper/raw_html\css__css_font_websafe.json
2026-03-31 16:34:14 | DEBUG | Starting new HTTPS connection (1): www.w3schools.com:443
2026-03-31 16:34:14 | DEBUG | https://www.w3schools.com:443 "GET /css/css_font_fallbacks.asp HTTP/1.1" 200 43236
2026-03-31 16:34:14 | DEBUG | Saved cleaned page: scraper/raw_html\css__css_font_fallbacks.json
2026-03-31 16:34:15 | DEBUG | Starting new HTTPS connection (1): www.w3schools.com:443
2026-03-31 16:34:16 | DEBUG | https://www.w3schools.com:443 "GET /css/css_font_style.asp HTTP/1.1" 200 43216
2026-03-31 16:34:16 | DEBUG | Saved cleaned page: scraper/raw_html\css__css_font_style.json
2026-03-31 16:34:17 | DEBUG | Starting new HTTPS connection (1): www.w3schools.com:443
2026-03-31 16:34:17 | DEBUG | https://www.w3schools.com:443 "GET /css/css_font_size.asp HTTP/1.1" 200 44225
2026-03-31 16:34:17 | DEBUG | Saved cleaned page: scraper/raw_html\css__css_font_size.json
2026-03-31 16:34:18 | DEBUG | Starting new HTTPS connection (1): www.w3schools.com:443
2026-03-31 16:34:19 | DEBUG | https://www.w3schools.com:443 "GET /css/css_font_google.asp HTTP/1.1" 200 44088
2026-03-31 16:34:19 | DEBUG | Saved cleaned page: scraper/raw_html\css__css_font_google.json
2026-03-31 16:34:20 | DEBUG | Starting new HTTPS connection (1): www.w3schools.com:443
2026-03-31 16:34:21 | DEBUG | https://www.w3schools.com:443 "GET /css/css_font_pairings.asp HTTP/1.1" 200 44592
2026-03-31 16:34:21 | DEBUG | Saved cleaned page: scraper/raw_html\css__css_font_pairings.json
2026-03-31 16:34:22 | DEBUG | Starting new HTTPS connection (1): www.w3schools.com:443
2026-03-31 16:34:22 | DEBUG | https://www.w3schools.com:443 "GET /css/css_font_shorthand.asp HTTP/1.1" 200 43347
2026-03-31 16:34:22 | DEBUG | Saved cleaned page: scraper/raw_html\css__css_font_shorthand.json
2026-03-31 16:34:24 | DEBUG | Starting new HTTPS connection (1): www.w3schools.com:443
2026-03-31 16:34:25 | DEBUG | https://www.w3schools.com:443 "GET /css/css_icons.asp HTTP/1.1" 200 43390
2026-03-31 16:34:25 | DEBUG | Saved cleaned page: scraper/raw_html\css__css_icons.json
2026-03-31 16:34:26 | DEBUG | Starting new HTTPS connection (1): www.w3schools.com:443
2026-03-31 16:34:27 | DEBUG | https://www.w3schools.com:443 "GET /css/css_icons_bootstrap.asp HTTP/1.1" 200 42956
2026-03-31 16:34:28 | DEBUG | Saved cleaned page: scraper/raw_html\css__css_icons_bootstrap.json
2026-03-31 16:34:29 | DEBUG | Starting new HTTPS connection (1): www.w3schools.com:443
2026-03-31 16:34:30 | DEBUG | https://www.w3schools.com:443 "GET /css/css_icons_google.asp HTTP/1.1" 200 43000
2026-03-31 16:34:30 | DEBUG | Saved cleaned page: scraper/raw_html\css__css_icons_google.json
2026-03-31 16:34:31 | DEBUG | Starting new HTTPS connection (1): www.w3schools.com:443
2026-03-31 16:34:32 | DEBUG | https://www.w3schools.com:443 "GET /css/css_link.asp HTTP/1.1" 200 43735
2026-03-31 16:34:32 | DEBUG | Saved cleaned page: scraper/raw_html\css__css_link.json
2026-03-31 16:34:33 | DEBUG | Starting new HTTPS connection (1): www.w3schools.com:443
2026-03-31 16:34:34 | DEBUG | https://www.w3schools.com:443 "GET /css/css_link_buttons.asp HTTP/1.1" 200 43110
2026-03-31 16:34:34 | DEBUG | Saved cleaned page: scraper/raw_html\css__css_link_buttons.json
2026-03-31 16:34:35 | DEBUG | Starting new HTTPS connection (1): www.w3schools.com:443
2026-03-31 16:34:36 | DEBUG | https://www.w3schools.com:443 "GET /css/css_list.asp HTTP/1.1" 200 44442
2026-03-31 16:34:36 | DEBUG | Saved cleaned page: scraper/raw_html\css__css_list.json
2026-03-31 16:34:37 | DEBUG | Starting new HTTPS connection (1): www.w3schools.com:443
2026-03-31 16:34:37 | DEBUG | https://www.w3schools.com:443 "GET /css/css_table.asp HTTP/1.1" 200 44458
2026-03-31 16:34:37 | DEBUG | Saved cleaned page: scraper/raw_html\css__css_table.json
2026-03-31 16:34:39 | DEBUG | Starting new HTTPS connection (1): www.w3schools.com:443
2026-03-31 16:34:39 | DEBUG | https://www.w3schools.com:443 "GET /css/css_table_size.asp HTTP/1.1" 200 43383
2026-03-31 16:34:39 | DEBUG | Saved cleaned page: scraper/raw_html\css__css_table_size.json
2026-03-31 16:34:40 | DEBUG | Starting new HTTPS connection (1): www.w3schools.com:443
2026-03-31 16:34:41 | DEBUG | https://www.w3schools.com:443 "GET /css/css_table_align.asp HTTP/1.1" 200 43381
2026-03-31 16:34:41 | DEBUG | Saved cleaned page: scraper/raw_html\css__css_table_align.json
2026-03-31 16:34:42 | DEBUG | Starting new HTTPS connection (1): www.w3schools.com:443
2026-03-31 16:34:42 | DEBUG | https://www.w3schools.com:443 "GET /css/css_table_style.asp HTTP/1.1" 200 43535
2026-03-31 16:34:42 | DEBUG | Saved cleaned page: scraper/raw_html\css__css_table_style.json
2026-03-31 16:34:44 | DEBUG | Starting new HTTPS connection (1): www.w3schools.com:443
2026-03-31 16:34:44 | DEBUG | https://www.w3schools.com:443 "GET /css/css_table_responsive.asp HTTP/1.1" 200 43500
2026-03-31 16:34:44 | DEBUG | Saved cleaned page: scraper/raw_html\css__css_table_responsive.json
2026-03-31 16:34:45 | DEBUG | Starting new HTTPS connection (1): www.w3schools.com:443
2026-03-31 16:34:46 | DEBUG | https://www.w3schools.com:443 "GET /css/css_display.asp HTTP/1.1" 200 43930
2026-03-31 16:34:46 | DEBUG | Saved cleaned page: scraper/raw_html\css__css_display.json
2026-03-31 16:34:47 | DEBUG | Starting new HTTPS connection (1): www.w3schools.com:443
2026-03-31 16:34:48 | DEBUG | https://www.w3schools.com:443 "GET /css/css_display_hide.asp HTTP/1.1" 200 43884
2026-03-31 16:34:48 | DEBUG | Saved cleaned page: scraper/raw_html\css__css_display_hide.json
2026-03-31 16:34:49 | DEBUG | Starting new HTTPS connection (1): www.w3schools.com:443
2026-03-31 16:34:49 | DEBUG | https://www.w3schools.com:443 "GET /css/css_max-width.asp HTTP/1.1" 200 43359
2026-03-31 16:34:49 | DEBUG | Saved cleaned page: scraper/raw_html\css__css_max-width.json
2026-03-31 16:34:51 | DEBUG | Starting new HTTPS connection (1): www.w3schools.com:443
2026-03-31 16:34:51 | DEBUG | https://www.w3schools.com:443 "GET /css/css_position.asp HTTP/1.1" 200 43429
2026-03-31 16:34:51 | DEBUG | Saved cleaned page: scraper/raw_html\css__css_position.json
2026-03-31 16:34:52 | DEBUG | Starting new HTTPS connection (1): www.w3schools.com:443
2026-03-31 16:34:53 | DEBUG | https://www.w3schools.com:443 "GET /css/css_positioning_fixed_absolute.asp HTTP/1.1" 200 43592
2026-03-31 16:34:53 | DEBUG | Saved cleaned page: scraper/raw_html\css__css_positioning_fixed_absolute.json
2026-03-31 16:34:54 | DEBUG | Starting new HTTPS connection (1): www.w3schools.com:443
2026-03-31 16:34:55 | DEBUG | https://www.w3schools.com:443 "GET /css/css_positioning_sticky.asp HTTP/1.1" 200 43585
2026-03-31 16:34:55 | DEBUG | Saved cleaned page: scraper/raw_html\css__css_positioning_sticky.json
2026-03-31 16:34:56 | DEBUG | Starting new HTTPS connection (1): www.w3schools.com:443
2026-03-31 16:34:57 | DEBUG | https://www.w3schools.com:443 "GET /css/css_position_offset.asp HTTP/1.1" 200 43229
2026-03-31 16:34:57 | DEBUG | Saved cleaned page: scraper/raw_html\css__css_position_offset.json
2026-03-31 16:34:58 | DEBUG | Starting new HTTPS connection (1): www.w3schools.com:443
2026-03-31 16:35:00 | DEBUG | https://www.w3schools.com:443 "GET /css/css_z-index.asp HTTP/1.1" 200 43632
2026-03-31 16:35:00 | DEBUG | Saved cleaned page: scraper/raw_html\css__css_z-index.json
2026-03-31 16:35:01 | DEBUG | Starting new HTTPS connection (1): www.w3schools.com:443
2026-03-31 16:35:02 | DEBUG | https://www.w3schools.com:443 "GET /css/css_overflow.asp HTTP/1.1" 200 44193
2026-03-31 16:35:02 | DEBUG | Saved cleaned page: scraper/raw_html\css__css_overflow.json
2026-03-31 16:35:03 | DEBUG | Starting new HTTPS connection (1): www.w3schools.com:443
2026-03-31 16:35:03 | DEBUG | https://www.w3schools.com:443 "GET /css/css_overflow_xy.asp HTTP/1.1" 200 43255
2026-03-31 16:35:03 | DEBUG | Saved cleaned page: scraper/raw_html\css__css_overflow_xy.json
2026-03-31 16:35:05 | DEBUG | Starting new HTTPS connection (1): www.w3schools.com:443
2026-03-31 16:35:06 | DEBUG | https://www.w3schools.com:443 "GET /css/css_float.asp HTTP/1.1" 200 43850
2026-03-31 16:35:07 | DEBUG | Saved cleaned page: scraper/raw_html\css__css_float.json
2026-03-31 16:35:08 | DEBUG | Starting new HTTPS connection (1): www.w3schools.com:443
2026-03-31 16:35:09 | DEBUG | https://www.w3schools.com:443 "GET /css/css_float_clear.asp HTTP/1.1" 200 43817
2026-03-31 16:35:09 | DEBUG | Saved cleaned page: scraper/raw_html\css__css_float_clear.json
2026-03-31 16:35:10 | DEBUG | Starting new HTTPS connection (1): www.w3schools.com:443
2026-03-31 16:35:11 | DEBUG | https://www.w3schools.com:443 "GET /css/css_float_examples.asp HTTP/1.1" 200 44372
2026-03-31 16:35:11 | DEBUG | Saved cleaned page: scraper/raw_html\css__css_float_examples.json
2026-03-31 16:35:12 | DEBUG | Starting new HTTPS connection (1): www.w3schools.com:443
2026-03-31 16:35:14 | DEBUG | https://www.w3schools.com:443 "GET /css/css_inline-block.asp HTTP/1.1" 200 43660
2026-03-31 16:35:14 | DEBUG | Saved cleaned page: scraper/raw_html\css__css_inline-block.json
2026-03-31 16:35:15 | DEBUG | Starting new HTTPS connection (1): www.w3schools.com:443
2026-03-31 16:35:16 | DEBUG | https://www.w3schools.com:443 "GET /css/css_align.asp HTTP/1.1" 200 43076
2026-03-31 16:35:17 | DEBUG | Saved cleaned page: scraper/raw_html\css__css_align.json
2026-03-31 16:35:18 | DEBUG | Starting new HTTPS connection (1): www.w3schools.com:443
2026-03-31 16:35:19 | DEBUG | https://www.w3schools.com:443 "GET /css/css_align_horizontal.asp HTTP/1.1" 200 43600
2026-03-31 16:35:19 | DEBUG | Saved cleaned page: scraper/raw_html\css__css_align_horizontal.json
2026-03-31 16:35:20 | DEBUG | Starting new HTTPS connection (1): www.w3schools.com:443
2026-03-31 16:35:21 | DEBUG | https://www.w3schools.com:443 "GET /css/css_align_vertical.asp HTTP/1.1" 200 43276
2026-03-31 16:35:21 | DEBUG | Saved cleaned page: scraper/raw_html\css__css_align_vertical.json
2026-03-31 16:35:22 | DEBUG | Starting new HTTPS connection (1): www.w3schools.com:443
2026-03-31 16:35:23 | DEBUG | https://www.w3schools.com:443 "GET /css/css_combinators.asp HTTP/1.1" 200 43465
2026-03-31 16:35:23 | DEBUG | Saved cleaned page: scraper/raw_html\css__css_combinators.json
2026-03-31 16:35:24 | DEBUG | Starting new HTTPS connection (1): www.w3schools.com:443
2026-03-31 16:35:26 | DEBUG | https://www.w3schools.com:443 "GET /css/css_pseudo_classes.asp HTTP/1.1" 200 43194
2026-03-31 16:35:26 | DEBUG | Saved cleaned page: scraper/raw_html\css__css_pseudo_classes.json
2026-03-31 16:35:27 | DEBUG | Starting new HTTPS connection (1): www.w3schools.com:443
2026-03-31 16:35:28 | DEBUG | https://www.w3schools.com:443 "GET /css/css_pseudo_classes_interactive.asp HTTP/1.1" 200 43816
2026-03-31 16:35:29 | DEBUG | Saved cleaned page: scraper/raw_html\css__css_pseudo_classes_interactive.json
2026-03-31 16:35:30 | DEBUG | Starting new HTTPS connection (1): www.w3schools.com:443
2026-03-31 16:35:31 | DEBUG | https://www.w3schools.com:443 "GET /css/css_pseudo_classes_structural.asp HTTP/1.1" 200 43331
2026-03-31 16:35:32 | DEBUG | Saved cleaned page: scraper/raw_html\css__css_pseudo_classes_structural.json
2026-03-31 16:35:33 | DEBUG | Starting new HTTPS connection (1): www.w3schools.com:443
2026-03-31 16:35:34 | DEBUG | https://www.w3schools.com:443 "GET /css/css_pseudo_elements.asp HTTP/1.1" 200 42999
2026-03-31 16:35:34 | DEBUG | Saved cleaned page: scraper/raw_html\css__css_pseudo_elements.json
2026-03-31 16:35:35 | DEBUG | Starting new HTTPS connection (1): www.w3schools.com:443
2026-03-31 16:35:36 | DEBUG | https://www.w3schools.com:443 "GET /css/css_pseudo_elements_text.asp HTTP/1.1" 200 43215
2026-03-31 16:35:36 | DEBUG | Saved cleaned page: scraper/raw_html\css__css_pseudo_elements_text.json
2026-03-31 16:35:37 | DEBUG | Starting new HTTPS connection (1): www.w3schools.com:443
2026-03-31 16:35:38 | DEBUG | https://www.w3schools.com:443 "GET /css/css_pseudo_elements_content.asp HTTP/1.1" 200 43184
2026-03-31 16:35:39 | DEBUG | Saved cleaned page: scraper/raw_html\css__css_pseudo_elements_content.json
2026-03-31 16:35:40 | DEBUG | Starting new HTTPS connection (1): www.w3schools.com:443
2026-03-31 16:35:41 | DEBUG | https://www.w3schools.com:443 "GET /css/css_image_transparency.asp HTTP/1.1" 200 44350
2026-03-31 16:35:41 | DEBUG | Saved cleaned page: scraper/raw_html\css__css_image_transparency.json
2026-03-31 16:35:42 | DEBUG | Starting new HTTPS connection (1): www.w3schools.com:443
2026-03-31 16:35:43 | DEBUG | https://www.w3schools.com:443 "GET /css/css_navbar.asp HTTP/1.1" 200 43623
2026-03-31 16:35:44 | DEBUG | Saved cleaned page: scraper/raw_html\css__css_navbar.json
2026-03-31 16:35:45 | DEBUG | Starting new HTTPS connection (1): www.w3schools.com:443
2026-03-31 16:35:46 | DEBUG | https://www.w3schools.com:443 "GET /css/css_navbar_vertical.asp HTTP/1.1" 200 44213
2026-03-31 16:35:46 | DEBUG | Saved cleaned page: scraper/raw_html\css__css_navbar_vertical.json
2026-03-31 16:35:47 | DEBUG | Starting new HTTPS connection (1): www.w3schools.com:443
2026-03-31 16:35:48 | DEBUG | https://www.w3schools.com:443 "GET /css/css_navbar_horizontal.asp HTTP/1.1" 200 45370
2026-03-31 16:35:49 | DEBUG | Saved cleaned page: scraper/raw_html\css__css_navbar_horizontal.json
2026-03-31 16:35:50 | DEBUG | Starting new HTTPS connection (1): www.w3schools.com:443
2026-03-31 16:35:52 | DEBUG | https://www.w3schools.com:443 "GET /css/css_dropdowns.asp HTTP/1.1" 200 44568
2026-03-31 16:35:52 | DEBUG | Saved cleaned page: scraper/raw_html\css__css_dropdowns.json
2026-03-31 16:35:53 | DEBUG | Starting new HTTPS connection (1): www.w3schools.com:443
2026-03-31 16:35:54 | DEBUG | https://www.w3schools.com:443 "GET /css/css_dropdowns_advanced.asp HTTP/1.1" 200 43322
2026-03-31 16:35:54 | DEBUG | Saved cleaned page: scraper/raw_html\css__css_dropdowns_advanced.json
2026-03-31 16:35:55 | DEBUG | Starting new HTTPS connection (1): www.w3schools.com:443
2026-03-31 16:35:56 | DEBUG | https://www.w3schools.com:443 "GET /css/css_image_gallery.asp HTTP/1.1" 200 43887
2026-03-31 16:35:56 | DEBUG | Saved cleaned page: scraper/raw_html\css__css_image_gallery.json
2026-03-31 16:35:57 | DEBUG | Starting new HTTPS connection (1): www.w3schools.com:443
2026-03-31 16:35:58 | DEBUG | https://www.w3schools.com:443 "GET /css/css_image_sprites.asp HTTP/1.1" 200 44326
2026-03-31 16:35:59 | DEBUG | Saved cleaned page: scraper/raw_html\css__css_image_sprites.json
2026-03-31 16:36:00 | DEBUG | Starting new HTTPS connection (1): www.w3schools.com:443
2026-03-31 16:36:00 | DEBUG | https://www.w3schools.com:443 "GET /css/css_attribute_selectors.asp HTTP/1.1" 200 43470
2026-03-31 16:36:00 | DEBUG | Saved cleaned page: scraper/raw_html\css__css_attribute_selectors.json
2026-03-31 16:36:02 | DEBUG | Starting new HTTPS connection (1): www.w3schools.com:443
2026-03-31 16:36:02 | DEBUG | https://www.w3schools.com:443 "GET /css/css_attribute_selectors_advanced.asp HTTP/1.1" 200 43403
2026-03-31 16:36:02 | DEBUG | Saved cleaned page: scraper/raw_html\css__css_attribute_selectors_advanced.json
2026-03-31 16:36:03 | DEBUG | Starting new HTTPS connection (1): www.w3schools.com:443
2026-03-31 16:36:04 | DEBUG | https://www.w3schools.com:443 "GET /css/css_forms.asp HTTP/1.1" 200 43263
2026-03-31 16:36:04 | DEBUG | Saved cleaned page: scraper/raw_html\css__css_forms.json
2026-03-31 16:36:05 | DEBUG | Starting new HTTPS connection (1): www.w3schools.com:443
2026-03-31 16:36:05 | DEBUG | https://www.w3schools.com:443 "GET /css/css_form_inputs.asp HTTP/1.1" 200 43891
2026-03-31 16:36:05 | DEBUG | Saved cleaned page: scraper/raw_html\css__css_form_inputs.json
2026-03-31 16:36:07 | DEBUG | Starting new HTTPS connection (1): www.w3schools.com:443
2026-03-31 16:36:07 | DEBUG | https://www.w3schools.com:443 "GET /css/css_form_focus.asp HTTP/1.1" 200 43605
2026-03-31 16:36:07 | DEBUG | Saved cleaned page: scraper/raw_html\css__css_form_focus.json
2026-03-31 16:36:08 | DEBUG | Starting new HTTPS connection (1): www.w3schools.com:443
2026-03-31 16:36:09 | DEBUG | https://www.w3schools.com:443 "GET /css/css_form_elements.asp HTTP/1.1" 200 43685
2026-03-31 16:36:09 | DEBUG | Saved cleaned page: scraper/raw_html\css__css_form_elements.json
2026-03-31 16:36:10 | DEBUG | Starting new HTTPS connection (1): www.w3schools.com:443
2026-03-31 16:36:10 | DEBUG | https://www.w3schools.com:443 "GET /css/css_counters.asp HTTP/1.1" 200 43485
2026-03-31 16:36:10 | DEBUG | Saved cleaned page: scraper/raw_html\css__css_counters.json
2026-03-31 16:36:11 | DEBUG | Starting new HTTPS connection (1): www.w3schools.com:443
2026-03-31 16:36:12 | DEBUG | https://www.w3schools.com:443 "GET /css/css_counters_nested.asp HTTP/1.1" 200 43231
2026-03-31 16:36:12 | DEBUG | Saved cleaned page: scraper/raw_html\css__css_counters_nested.json
2026-03-31 16:36:13 | DEBUG | Starting new HTTPS connection (1): www.w3schools.com:443
2026-03-31 16:36:14 | DEBUG | https://www.w3schools.com:443 "GET /css/css_units.asp HTTP/1.1" 200 43042
2026-03-31 16:36:14 | DEBUG | Saved cleaned page: scraper/raw_html\css__css_units.json
2026-03-31 16:36:15 | DEBUG | Starting new HTTPS connection (1): www.w3schools.com:443
2026-03-31 16:36:15 | DEBUG | https://www.w3schools.com:443 "GET /css/css_units_absolute.asp HTTP/1.1" 200 43573
2026-03-31 16:36:15 | DEBUG | Saved cleaned page: scraper/raw_html\css__css_units_absolute.json
2026-03-31 16:36:17 | DEBUG | Starting new HTTPS connection (1): www.w3schools.com:443
2026-03-31 16:36:17 | DEBUG | https://www.w3schools.com:443 "GET /css/css_units_relative.asp HTTP/1.1" 200 43730
2026-03-31 16:36:17 | DEBUG | Saved cleaned page: scraper/raw_html\css__css_units_relative.json
2026-03-31 16:36:18 | DEBUG | Starting new HTTPS connection (1): www.w3schools.com:443
2026-03-31 16:36:19 | DEBUG | https://www.w3schools.com:443 "GET /css/css_inheritance.asp HTTP/1.1" 200 43558
2026-03-31 16:36:19 | DEBUG | Saved cleaned page: scraper/raw_html\css__css_inheritance.json
2026-03-31 16:36:20 | DEBUG | Starting new HTTPS connection (1): www.w3schools.com:443
2026-03-31 16:36:21 | DEBUG | https://www.w3schools.com:443 "GET /css/css_specificity.asp HTTP/1.1" 200 43178
2026-03-31 16:36:21 | DEBUG | Saved cleaned page: scraper/raw_html\css__css_specificity.json
2026-03-31 16:36:22 | DEBUG | Starting new HTTPS connection (1): www.w3schools.com:443
2026-03-31 16:36:23 | DEBUG | https://www.w3schools.com:443 "GET /css/css_specificity_hierarchy.asp HTTP/1.1" 200 43798
2026-03-31 16:36:23 | DEBUG | Saved cleaned page: scraper/raw_html\css__css_specificity_hierarchy.json
2026-03-31 16:36:24 | DEBUG | Starting new HTTPS connection (1): www.w3schools.com:443
2026-03-31 16:36:25 | DEBUG | https://www.w3schools.com:443 "GET /css/css_important.asp HTTP/1.1" 200 44165
2026-03-31 16:36:25 | DEBUG | Saved cleaned page: scraper/raw_html\css__css_important.json
2026-03-31 16:36:27 | DEBUG | Starting new HTTPS connection (1): www.w3schools.com:443
2026-03-31 16:36:27 | DEBUG | https://www.w3schools.com:443 "GET /css/css_math_functions.asp HTTP/1.1" 200 43812
2026-03-31 16:36:27 | DEBUG | Saved cleaned page: scraper/raw_html\css__css_math_functions.json
2026-03-31 16:36:28 | DEBUG | Starting new HTTPS connection (1): www.w3schools.com:443
2026-03-31 16:36:30 | DEBUG | https://www.w3schools.com:443 "GET /css/css_performance.asp HTTP/1.1" 200 43802
2026-03-31 16:36:30 | DEBUG | Saved cleaned page: scraper/raw_html\css__css_performance.json
2026-03-31 16:36:31 | DEBUG | Starting new HTTPS connection (1): www.w3schools.com:443
2026-03-31 16:36:33 | DEBUG | https://www.w3schools.com:443 "GET /css/css_accessibility.asp HTTP/1.1" 200 44004
2026-03-31 16:36:33 | DEBUG | Saved cleaned page: scraper/raw_html\css__css_accessibility.json
2026-03-31 16:36:34 | DEBUG | Starting new HTTPS connection (1): www.w3schools.com:443
2026-03-31 16:36:35 | DEBUG | https://www.w3schools.com:443 "GET /css/css_website_layout.asp HTTP/1.1" 200 44565
2026-03-31 16:36:35 | DEBUG | Saved cleaned page: scraper/raw_html\css__css_website_layout.json
2026-03-31 16:36:36 | DEBUG | Starting new HTTPS connection (1): www.w3schools.com:443
2026-03-31 16:36:37 | DEBUG | https://www.w3schools.com:443 "GET /css/css_colors_keywords.asp HTTP/1.1" 200 43485
2026-03-31 16:36:37 | DEBUG | Saved cleaned page: scraper/raw_html\css__css_colors_keywords.json
2026-03-31 16:36:38 | DEBUG | Starting new HTTPS connection (1): www.w3schools.com:443
2026-03-31 16:36:39 | DEBUG | https://www.w3schools.com:443 "GET /css/css_tooltip.asp HTTP/1.1" 200 44858
2026-03-31 16:36:39 | DEBUG | Saved cleaned page: scraper/raw_html\css__css_tooltip.json
2026-03-31 16:36:41 | DEBUG | Starting new HTTPS connection (1): www.w3schools.com:443
2026-03-31 16:36:42 | DEBUG | https://www.w3schools.com:443 "GET /css/css_tooltip_arrows.asp HTTP/1.1" 200 43802
2026-03-31 16:36:42 | DEBUG | Saved cleaned page: scraper/raw_html\css__css_tooltip_arrows.json
2026-03-31 16:36:43 | DEBUG | Starting new HTTPS connection (1): www.w3schools.com:443
2026-03-31 16:36:44 | DEBUG | https://www.w3schools.com:443 "GET /css/css_grid.asp HTTP/1.1" 200 44617
2026-03-31 16:36:44 | DEBUG | Saved cleaned page: scraper/raw_html\css__css_grid.json
2026-03-31 16:36:45 | DEBUG | Starting new HTTPS connection (1): www.w3schools.com:443
2026-03-31 16:36:46 | DEBUG | https://www.w3schools.com:443 "GET /css/css_grid_container.asp HTTP/1.1" 200 43614
2026-03-31 16:36:46 | DEBUG | Saved cleaned page: scraper/raw_html\css__css_grid_container.json
2026-03-31 16:36:47 | DEBUG | Starting new HTTPS connection (1): www.w3schools.com:443
2026-03-31 16:36:48 | DEBUG | https://www.w3schools.com:443 "GET /css/css_grid_tracks.asp HTTP/1.1" 200 44067
2026-03-31 16:36:48 | DEBUG | Saved cleaned page: scraper/raw_html\css__css_grid_tracks.json
2026-03-31 16:36:50 | DEBUG | Starting new HTTPS connection (1): www.w3schools.com:443
2026-03-31 16:36:51 | DEBUG | https://www.w3schools.com:443 "GET /css/css_grid_gap.asp HTTP/1.1" 200 43539
2026-03-31 16:36:51 | DEBUG | Saved cleaned page: scraper/raw_html\css__css_grid_gap.json
2026-03-31 16:36:52 | DEBUG | Starting new HTTPS connection (1): www.w3schools.com:443
2026-03-31 16:36:53 | DEBUG | https://www.w3schools.com:443 "GET /css/css_grid_align.asp HTTP/1.1" 200 44137
2026-03-31 16:36:53 | DEBUG | Saved cleaned page: scraper/raw_html\css__css_grid_align.json
2026-03-31 16:36:54 | DEBUG | Starting new HTTPS connection (1): www.w3schools.com:443
2026-03-31 16:36:55 | DEBUG | https://www.w3schools.com:443 "GET /css/css_grid_item.asp HTTP/1.1" 200 43915
2026-03-31 16:36:56 | DEBUG | Saved cleaned page: scraper/raw_html\css__css_grid_item.json
2026-03-31 16:36:57 | DEBUG | Starting new HTTPS connection (1): www.w3schools.com:443
2026-03-31 16:36:58 | DEBUG | https://www.w3schools.com:443 "GET /css/css_grid_item_name.asp HTTP/1.1" 200 43509
2026-03-31 16:36:58 | DEBUG | Saved cleaned page: scraper/raw_html\css__css_grid_item_name.json
2026-03-31 16:36:59 | DEBUG | Starting new HTTPS connection (1): www.w3schools.com:443
2026-03-31 16:37:00 | DEBUG | https://www.w3schools.com:443 "GET /css/css_grid_item_align.asp HTTP/1.1" 200 43544
2026-03-31 16:37:00 | DEBUG | Saved cleaned page: scraper/raw_html\css__css_grid_item_align.json
2026-03-31 16:37:01 | DEBUG | Starting new HTTPS connection (1): www.w3schools.com:443
2026-03-31 16:37:02 | DEBUG | https://www.w3schools.com:443 "GET /css/css_grid_item_order.asp HTTP/1.1" 200 43152
2026-03-31 16:37:02 | DEBUG | Saved cleaned page: scraper/raw_html\css__css_grid_item_order.json
2026-03-31 16:37:03 | DEBUG | Starting new HTTPS connection (1): www.w3schools.com:443
2026-03-31 16:37:04 | DEBUG | https://www.w3schools.com:443 "GET /css/css_grid_12column.asp HTTP/1.1" 200 44124
2026-03-31 16:37:04 | DEBUG | Saved cleaned page: scraper/raw_html\css__css_grid_12column.json
2026-03-31 16:37:05 | DEBUG | Starting new HTTPS connection (1): www.w3schools.com:443
2026-03-31 16:37:06 | DEBUG | https://www.w3schools.com:443 "GET /css/css_supports_rule.asp HTTP/1.1" 200 43439
2026-03-31 16:37:06 | DEBUG | Saved cleaned page: scraper/raw_html\css__css_supports_rule.json
2026-03-31 16:37:08 | DEBUG | Starting new HTTPS connection (1): www.w3schools.com:443
2026-03-31 16:37:08 | DEBUG | https://www.w3schools.com:443 "GET /css/css_rwd_viewport.asp HTTP/1.1" 200 43641
2026-03-31 16:37:08 | DEBUG | Saved cleaned page: scraper/raw_html\css__css_rwd_viewport.json
2026-03-31 16:37:09 | DEBUG | Starting new HTTPS connection (1): www.w3schools.com:443
2026-03-31 16:37:10 | DEBUG | https://www.w3schools.com:443 "GET /css/css_rwd_grid.asp HTTP/1.1" 200 43917
2026-03-31 16:37:10 | DEBUG | Saved cleaned page: scraper/raw_html\css__css_rwd_grid.json
2026-03-31 16:37:11 | DEBUG | Starting new HTTPS connection (1): www.w3schools.com:443
2026-03-31 16:37:11 | DEBUG | https://www.w3schools.com:443 "GET /css/css_rwd_mediaqueries.asp HTTP/1.1" 200 44119
2026-03-31 16:37:11 | DEBUG | Saved cleaned page: scraper/raw_html\css__css_rwd_mediaqueries.json
2026-03-31 16:37:13 | DEBUG | Starting new HTTPS connection (1): www.w3schools.com:443
2026-03-31 16:37:13 | DEBUG | https://www.w3schools.com:443 "GET /css/css_rwd_images.asp HTTP/1.1" 200 44428
2026-03-31 16:37:13 | DEBUG | Saved cleaned page: scraper/raw_html\css__css_rwd_images.json
2026-03-31 16:37:14 | DEBUG | Starting new HTTPS connection (1): www.w3schools.com:443
2026-03-31 16:37:15 | DEBUG | https://www.w3schools.com:443 "GET /css/css_rwd_videos.asp HTTP/1.1" 200 42998
2026-03-31 16:37:15 | DEBUG | Saved cleaned page: scraper/raw_html\css__css_rwd_videos.json
2026-03-31 16:37:16 | DEBUG | Starting new HTTPS connection (1): www.w3schools.com:443
2026-03-31 16:37:17 | DEBUG | https://www.w3schools.com:443 "GET /css/css_rwd_frameworks.asp HTTP/1.1" 200 44007
2026-03-31 16:37:17 | DEBUG | Saved cleaned page: scraper/raw_html\css__css_rwd_frameworks.json
2026-03-31 16:37:18 | DEBUG | Starting new HTTPS connection (1): www.w3schools.com:443
2026-03-31 16:37:18 | DEBUG | https://www.w3schools.com:443 "GET /css/css_rwd_templates.asp HTTP/1.1" 200 44749
2026-03-31 16:37:18 | DEBUG | Saved cleaned page: scraper/raw_html\css__css_rwd_templates.json
2026-03-31 16:37:19 | DEBUG | Starting new HTTPS connection (1): www.w3schools.com:443
2026-03-31 16:37:20 | DEBUG | https://www.w3schools.com:443 "GET /css/css_templates.asp HTTP/1.1" 200 43097
2026-03-31 16:37:20 | DEBUG | Saved cleaned page: scraper/raw_html\css__css_templates.json
2026-03-31 16:37:21 | DEBUG | Starting new HTTPS connection (1): www.w3schools.com:443
2026-03-31 16:37:23 | DEBUG | https://www.w3schools.com:443 "GET /css/css_editor.asp HTTP/1.1" 200 43492
2026-03-31 16:37:23 | DEBUG | Saved cleaned page: scraper/raw_html\css__css_editor.json
2026-03-31 16:37:24 | DEBUG | Starting new HTTPS connection (1): www.w3schools.com:443
2026-03-31 16:37:25 | DEBUG | https://www.w3schools.com:443 "GET /css/css_snippets.asp HTTP/1.1" 200 43482
2026-03-31 16:37:25 | DEBUG | Saved cleaned page: scraper/raw_html\css__css_snippets.json
2026-03-31 16:37:26 | DEBUG | Starting new HTTPS connection (1): www.w3schools.com:443
2026-03-31 16:37:28 | DEBUG | https://www.w3schools.com:443 "GET /css/css_website.asp HTTP/1.1" 200 53018
2026-03-31 16:37:28 | DEBUG | Saved cleaned page: scraper/raw_html\css__css_website.json
2026-03-31 16:37:29 | DEBUG | Starting new HTTPS connection (1): www.w3schools.com:443
2026-03-31 16:37:30 | DEBUG | https://www.w3schools.com:443 "GET /css/css_syllabus.asp HTTP/1.1" 200 45224
2026-03-31 16:37:31 | DEBUG | Saved cleaned page: scraper/raw_html\css__css_syllabus.json
2026-03-31 16:37:32 | DEBUG | Starting new HTTPS connection (1): www.w3schools.com:443
2026-03-31 16:37:33 | DEBUG | https://www.w3schools.com:443 "GET /css/css_study_plan.asp HTTP/1.1" 200 44696
2026-03-31 16:37:33 | DEBUG | Saved cleaned page: scraper/raw_html\css__css_study_plan.json
2026-03-31 16:37:34 | DEBUG | Starting new HTTPS connection (1): www.w3schools.com:443
2026-03-31 16:37:36 | DEBUG | https://www.w3schools.com:443 "GET /css/css_interview_prep.asp HTTP/1.1" 200 44651
2026-03-31 16:37:36 | DEBUG | Saved cleaned page: scraper/raw_html\css__css_interview_prep.json
2026-03-31 16:37:37 | DEBUG | Starting new HTTPS connection (1): www.w3schools.com:443
2026-03-31 16:37:38 | DEBUG | https://www.w3schools.com:443 "GET /css/css_exam.asp HTTP/1.1" 200 45607
2026-03-31 16:37:38 | DEBUG | Saved cleaned page: scraper/raw_html\css__css_exam.json
2026-03-31 16:37:39 | DEBUG | Starting new HTTPS connection (1): www.w3schools.com:443
2026-03-31 16:37:40 | DEBUG | https://www.w3schools.com:443 "GET /python/python_intro.asp HTTP/1.1" 200 44380
2026-03-31 16:37:40 | DEBUG | Saved cleaned page: scraper/raw_html\python__python_intro.json
2026-03-31 16:37:41 | DEBUG | Starting new HTTPS connection (1): www.w3schools.com:443
2026-03-31 16:37:42 | DEBUG | https://www.w3schools.com:443 "GET /python/python_getstarted.asp HTTP/1.1" 200 44838
2026-03-31 16:37:42 | DEBUG | Saved cleaned page: scraper/raw_html\python__python_getstarted.json
2026-03-31 16:37:43 | DEBUG | Starting new HTTPS connection (1): www.w3schools.com:443
2026-03-31 16:37:44 | DEBUG | https://www.w3schools.com:443 "GET /python/python_syntax.asp HTTP/1.1" 200 44647
2026-03-31 16:37:44 | DEBUG | Saved cleaned page: scraper/raw_html\python__python_syntax.json
2026-03-31 16:37:46 | DEBUG | Starting new HTTPS connection (1): www.w3schools.com:443
2026-03-31 16:37:47 | DEBUG | https://www.w3schools.com:443 "GET /python/python_statements.asp HTTP/1.1" 200 44251
2026-03-31 16:37:48 | DEBUG | Saved cleaned page: scraper/raw_html\python__python_statements.json
2026-03-31 16:37:49 | DEBUG | Starting new HTTPS connection (1): www.w3schools.com:443
2026-03-31 16:37:49 | DEBUG | https://www.w3schools.com:443 "GET /python/python_output.asp HTTP/1.1" 200 43719
2026-03-31 16:37:49 | DEBUG | Saved cleaned page: scraper/raw_html\python__python_output.json
2026-03-31 16:37:50 | DEBUG | Starting new HTTPS connection (1): www.w3schools.com:443
2026-03-31 16:37:51 | DEBUG | https://www.w3schools.com:443 "GET /python/python_output_numbers.asp HTTP/1.1" 200 43483
2026-03-31 16:37:51 | DEBUG | Saved cleaned page: scraper/raw_html\python__python_output_numbers.json
2026-03-31 16:37:52 | DEBUG | Starting new HTTPS connection (1): www.w3schools.com:443
2026-03-31 16:37:52 | DEBUG | https://www.w3schools.com:443 "GET /python/python_comments.asp HTTP/1.1" 200 44076
2026-03-31 16:37:52 | DEBUG | Saved cleaned page: scraper/raw_html\python__python_comments.json
2026-03-31 16:37:53 | DEBUG | Starting new HTTPS connection (1): www.w3schools.com:443
2026-03-31 16:37:54 | DEBUG | https://www.w3schools.com:443 "GET /python/python_variables.asp HTTP/1.1" 200 44124
2026-03-31 16:37:54 | DEBUG | Saved cleaned page: scraper/raw_html\python__python_variables.json
2026-03-31 16:37:55 | DEBUG | Starting new HTTPS connection (1): www.w3schools.com:443
2026-03-31 16:37:55 | DEBUG | https://www.w3schools.com:443 "GET /python/python_variables_names.asp HTTP/1.1" 200 44042
2026-03-31 16:37:55 | DEBUG | Saved cleaned page: scraper/raw_html\python__python_variables_names.json
2026-03-31 16:37:57 | DEBUG | Starting new HTTPS connection (1): www.w3schools.com:443
2026-03-31 16:37:57 | DEBUG | https://www.w3schools.com:443 "GET /python/python_variables_multiple.asp HTTP/1.1" 200 43919
2026-03-31 16:37:57 | DEBUG | Saved cleaned page: scraper/raw_html\python__python_variables_multiple.json
2026-03-31 16:37:58 | DEBUG | Starting new HTTPS connection (1): www.w3schools.com:443
2026-03-31 16:37:59 | DEBUG | https://www.w3schools.com:443 "GET /python/python_variables_output.asp HTTP/1.1" 200 44011
2026-03-31 16:37:59 | DEBUG | Saved cleaned page: scraper/raw_html\python__python_variables_output.json
2026-03-31 16:38:00 | DEBUG | Starting new HTTPS connection (1): www.w3schools.com:443
2026-03-31 16:38:01 | DEBUG | https://www.w3schools.com:443 "GET /python/python_variables_global.asp HTTP/1.1" 200 44006
2026-03-31 16:38:01 | DEBUG | Saved cleaned page: scraper/raw_html\python__python_variables_global.json
2026-03-31 16:38:02 | DEBUG | Starting new HTTPS connection (1): www.w3schools.com:443
2026-03-31 16:38:03 | DEBUG | https://www.w3schools.com:443 "GET /python/python_datatypes.asp HTTP/1.1" 200 44311
2026-03-31 16:38:03 | DEBUG | Saved cleaned page: scraper/raw_html\python__python_datatypes.json
2026-03-31 16:38:04 | DEBUG | Starting new HTTPS connection (1): www.w3schools.com:443
2026-03-31 16:38:04 | DEBUG | https://www.w3schools.com:443 "GET /python/python_numbers.asp HTTP/1.1" 200 44149
2026-03-31 16:38:04 | DEBUG | Saved cleaned page: scraper/raw_html\python__python_numbers.json
2026-03-31 16:38:05 | DEBUG | Starting new HTTPS connection (1): www.w3schools.com:443
2026-03-31 16:38:06 | DEBUG | https://www.w3schools.com:443 "GET /python/python_casting.asp HTTP/1.1" 200 43716
2026-03-31 16:38:06 | DEBUG | Saved cleaned page: scraper/raw_html\python__python_casting.json
2026-03-31 16:38:07 | DEBUG | Starting new HTTPS connection (1): www.w3schools.com:443
2026-03-31 16:38:08 | DEBUG | https://www.w3schools.com:443 "GET /python/python_strings.asp HTTP/1.1" 200 44535
2026-03-31 16:38:08 | DEBUG | Saved cleaned page: scraper/raw_html\python__python_strings.json
2026-03-31 16:38:09 | DEBUG | Starting new HTTPS connection (1): www.w3schools.com:443
2026-03-31 16:38:09 | DEBUG | https://www.w3schools.com:443 "GET /python/python_strings_slicing.asp HTTP/1.1" 200 43630
2026-03-31 16:38:09 | DEBUG | Saved cleaned page: scraper/raw_html\python__python_strings_slicing.json
2026-03-31 16:38:10 | DEBUG | Starting new HTTPS connection (1): www.w3schools.com:443
2026-03-31 16:38:12 | DEBUG | https://www.w3schools.com:443 "GET /python/python_strings_modify.asp HTTP/1.1" 200 43758
2026-03-31 16:38:12 | DEBUG | Saved cleaned page: scraper/raw_html\python__python_strings_modify.json
2026-03-31 16:38:13 | DEBUG | Starting new HTTPS connection (1): www.w3schools.com:443
2026-03-31 16:38:15 | DEBUG | https://www.w3schools.com:443 "GET /python/python_strings_concatenate.asp HTTP/1.1" 200 43375
2026-03-31 16:38:15 | DEBUG | Saved cleaned page: scraper/raw_html\python__python_strings_concatenate.json
2026-03-31 16:38:17 | DEBUG | Starting new HTTPS connection (1): www.w3schools.com:443
2026-03-31 16:38:18 | DEBUG | https://www.w3schools.com:443 "GET /python/python_strings_format.asp HTTP/1.1" 200 44232
2026-03-31 16:38:18 | DEBUG | Saved cleaned page: scraper/raw_html\python__python_strings_format.json
2026-03-31 16:38:19 | DEBUG | Starting new HTTPS connection (1): www.w3schools.com:443
2026-03-31 16:38:21 | DEBUG | https://www.w3schools.com:443 "GET /python/python_strings_escape.asp HTTP/1.1" 200 43756
2026-03-31 16:38:22 | DEBUG | Saved cleaned page: scraper/raw_html\python__python_strings_escape.json
2026-03-31 16:38:23 | DEBUG | Starting new HTTPS connection (1): www.w3schools.com:443
2026-03-31 16:38:24 | DEBUG | https://www.w3schools.com:443 "GET /python/python_strings_methods.asp HTTP/1.1" 200 44274
2026-03-31 16:38:25 | DEBUG | Saved cleaned page: scraper/raw_html\python__python_strings_methods.json
2026-03-31 16:38:26 | DEBUG | Starting new HTTPS connection (1): www.w3schools.com:443
2026-03-31 16:38:27 | DEBUG | https://www.w3schools.com:443 "GET /python/python_booleans.asp HTTP/1.1" 200 44507
2026-03-31 16:38:28 | DEBUG | Saved cleaned page: scraper/raw_html\python__python_booleans.json
2026-03-31 16:38:29 | DEBUG | Starting new HTTPS connection (1): www.w3schools.com:443
2026-03-31 16:38:30 | DEBUG | https://www.w3schools.com:443 "GET /python/python_operators.asp HTTP/1.1" 200 43489
2026-03-31 16:38:30 | DEBUG | Saved cleaned page: scraper/raw_html\python__python_operators.json
2026-03-31 16:38:31 | DEBUG | Starting new HTTPS connection (1): www.w3schools.com:443
2026-03-31 16:38:32 | DEBUG | https://www.w3schools.com:443 "GET /python/python_operators_arithmetic.asp HTTP/1.1" 200 43708
2026-03-31 16:38:32 | DEBUG | Saved cleaned page: scraper/raw_html\python__python_operators_arithmetic.json
2026-03-31 16:38:33 | DEBUG | Starting new HTTPS connection (1): www.w3schools.com:443
2026-03-31 16:38:34 | DEBUG | https://www.w3schools.com:443 "GET /python/python_operators_assign.asp HTTP/1.1" 200 43763
2026-03-31 16:38:34 | DEBUG | Saved cleaned page: scraper/raw_html\python__python_operators_assign.json
2026-03-31 16:38:35 | DEBUG | Starting new HTTPS connection (1): www.w3schools.com:443
2026-03-31 16:38:35 | DEBUG | https://www.w3schools.com:443 "GET /python/python_operators_comparison.asp HTTP/1.1" 200 43585
2026-03-31 16:38:35 | DEBUG | Saved cleaned page: scraper/raw_html\python__python_operators_comparison.json
2026-03-31 16:38:36 | DEBUG | Starting new HTTPS connection (1): www.w3schools.com:443
2026-03-31 16:38:37 | DEBUG | https://www.w3schools.com:443 "GET /python/python_operators_logical.asp HTTP/1.1" 200 43567
2026-03-31 16:38:37 | DEBUG | Saved cleaned page: scraper/raw_html\python__python_operators_logical.json
2026-03-31 16:38:38 | DEBUG | Starting new HTTPS connection (1): www.w3schools.com:443
2026-03-31 16:38:40 | DEBUG | https://www.w3schools.com:443 "GET /python/python_operators_identity.asp HTTP/1.1" 200 43652
2026-03-31 16:38:40 | DEBUG | Saved cleaned page: scraper/raw_html\python__python_operators_identity.json
2026-03-31 16:38:41 | DEBUG | Starting new HTTPS connection (1): www.w3schools.com:443
2026-03-31 16:38:43 | DEBUG | https://www.w3schools.com:443 "GET /python/python_operators_membership.asp HTTP/1.1" 200 43577
2026-03-31 16:38:44 | DEBUG | Saved cleaned page: scraper/raw_html\python__python_operators_membership.json
2026-03-31 16:38:44 | DEBUG | Starting new HTTPS connection (1): www.w3schools.com:443
2026-03-31 16:38:46 | DEBUG | https://www.w3schools.com:443 "GET /python/python_operators_bitwise.asp HTTP/1.1" 200 43807
2026-03-31 16:38:47 | DEBUG | Saved cleaned page: scraper/raw_html\python__python_operators_bitwise.json
2026-03-31 16:38:48 | DEBUG | Starting new HTTPS connection (1): www.w3schools.com:443
2026-03-31 16:38:49 | DEBUG | https://www.w3schools.com:443 "GET /python/python_operators_precedence.asp HTTP/1.1" 200 44009
2026-03-31 16:38:50 | DEBUG | Saved cleaned page: scraper/raw_html\python__python_operators_precedence.json
2026-03-31 16:38:51 | DEBUG | Starting new HTTPS connection (1): www.w3schools.com:443
2026-03-31 16:38:52 | DEBUG | https://www.w3schools.com:443 "GET /python/python_lists.asp HTTP/1.1" 200 44636
2026-03-31 16:38:53 | DEBUG | Saved cleaned page: scraper/raw_html\python__python_lists.json
2026-03-31 16:38:54 | DEBUG | Starting new HTTPS connection (1): www.w3schools.com:443
2026-03-31 16:38:55 | DEBUG | https://www.w3schools.com:443 "GET /python/python_lists_access.asp HTTP/1.1" 200 43998
2026-03-31 16:38:55 | DEBUG | Saved cleaned page: scraper/raw_html\python__python_lists_access.json
2026-03-31 16:38:56 | DEBUG | Starting new HTTPS connection (1): www.w3schools.com:443
2026-03-31 16:38:58 | DEBUG | https://www.w3schools.com:443 "GET /python/python_lists_change.asp HTTP/1.1" 200 43892
2026-03-31 16:38:58 | DEBUG | Saved cleaned page: scraper/raw_html\python__python_lists_change.json
2026-03-31 16:38:59 | DEBUG | Starting new HTTPS connection (1): www.w3schools.com:443
2026-03-31 16:39:00 | DEBUG | https://www.w3schools.com:443 "GET /python/python_lists_add.asp HTTP/1.1" 200 43767
2026-03-31 16:39:00 | DEBUG | Saved cleaned page: scraper/raw_html\python__python_lists_add.json
2026-03-31 16:39:01 | DEBUG | Starting new HTTPS connection (1): www.w3schools.com:443
2026-03-31 16:39:01 | DEBUG | https://www.w3schools.com:443 "GET /python/python_lists_remove.asp HTTP/1.1" 200 43647
2026-03-31 16:39:01 | DEBUG | Saved cleaned page: scraper/raw_html\python__python_lists_remove.json
2026-03-31 16:39:03 | DEBUG | Starting new HTTPS connection (1): www.w3schools.com:443
2026-03-31 16:39:03 | DEBUG | https://www.w3schools.com:443 "GET /python/python_lists_loop.asp HTTP/1.1" 200 43850
2026-03-31 16:39:03 | DEBUG | Saved cleaned page: scraper/raw_html\python__python_lists_loop.json
2026-03-31 16:39:04 | DEBUG | Starting new HTTPS connection (1): www.w3schools.com:443
2026-03-31 16:39:05 | DEBUG | https://www.w3schools.com:443 "GET /python/python_lists_comprehension.asp HTTP/1.1" 200 44316
2026-03-31 16:39:05 | DEBUG | Saved cleaned page: scraper/raw_html\python__python_lists_comprehension.json
2026-03-31 16:39:06 | DEBUG | Starting new HTTPS connection (1): www.w3schools.com:443
2026-03-31 16:39:06 | DEBUG | https://www.w3schools.com:443 "GET /python/python_lists_sort.asp HTTP/1.1" 200 43991
2026-03-31 16:39:07 | DEBUG | Saved cleaned page: scraper/raw_html\python__python_lists_sort.json
2026-03-31 16:39:08 | DEBUG | Starting new HTTPS connection (1): www.w3schools.com:443
2026-03-31 16:39:08 | DEBUG | https://www.w3schools.com:443 "GET /python/python_lists_copy.asp HTTP/1.1" 200 43557
2026-03-31 16:39:08 | DEBUG | Saved cleaned page: scraper/raw_html\python__python_lists_copy.json
2026-03-31 16:39:09 | DEBUG | Starting new HTTPS connection (1): www.w3schools.com:443
2026-03-31 16:39:10 | DEBUG | https://www.w3schools.com:443 "GET /python/python_lists_join.asp HTTP/1.1" 200 43587
2026-03-31 16:39:10 | DEBUG | Saved cleaned page: scraper/raw_html\python__python_lists_join.json
2026-03-31 16:39:11 | DEBUG | Starting new HTTPS connection (1): www.w3schools.com:443
2026-03-31 16:39:12 | DEBUG | https://www.w3schools.com:443 "GET /python/python_lists_methods.asp HTTP/1.1" 200 43440
2026-03-31 16:39:12 | DEBUG | Saved cleaned page: scraper/raw_html\python__python_lists_methods.json
2026-03-31 16:39:13 | DEBUG | Starting new HTTPS connection (1): www.w3schools.com:443
2026-03-31 16:39:13 | DEBUG | https://www.w3schools.com:443 "GET /python/python_tuples.asp HTTP/1.1" 200 44652
2026-03-31 16:39:13 | DEBUG | Saved cleaned page: scraper/raw_html\python__python_tuples.json
2026-03-31 16:39:14 | DEBUG | Starting new HTTPS connection (1): www.w3schools.com:443
2026-03-31 16:39:15 | DEBUG | https://www.w3schools.com:443 "GET /python/python_tuples_access.asp HTTP/1.1" 200 44010
2026-03-31 16:39:15 | DEBUG | Saved cleaned page: scraper/raw_html\python__python_tuples_access.json
2026-03-31 16:39:16 | DEBUG | Starting new HTTPS connection (1): www.w3schools.com:443
2026-03-31 16:39:17 | DEBUG | https://www.w3schools.com:443 "GET /python/python_tuples_update.asp HTTP/1.1" 200 44104
2026-03-31 16:39:17 | DEBUG | Saved cleaned page: scraper/raw_html\python__python_tuples_update.json
2026-03-31 16:39:17 | DEBUG | Starting new HTTPS connection (1): www.w3schools.com:443
2026-03-31 16:39:19 | DEBUG | https://www.w3schools.com:443 "GET /python/python_tuples_unpack.asp HTTP/1.1" 200 43747
2026-03-31 16:39:19 | DEBUG | Saved cleaned page: scraper/raw_html\python__python_tuples_unpack.json
2026-03-31 16:39:20 | DEBUG | Starting new HTTPS connection (1): www.w3schools.com:443
2026-03-31 16:39:22 | DEBUG | https://www.w3schools.com:443 "GET /python/python_tuples_loop.asp HTTP/1.1" 200 43679
2026-03-31 16:39:22 | DEBUG | Saved cleaned page: scraper/raw_html\python__python_tuples_loop.json
2026-03-31 16:39:23 | DEBUG | Starting new HTTPS connection (1): www.w3schools.com:443
2026-03-31 16:39:24 | DEBUG | https://www.w3schools.com:443 "GET /python/python_tuples_join.asp HTTP/1.1" 200 43427
2026-03-31 16:39:24 | DEBUG | Saved cleaned page: scraper/raw_html\python__python_tuples_join.json
2026-03-31 16:39:25 | DEBUG | Starting new HTTPS connection (1): www.w3schools.com:443
2026-03-31 16:39:26 | DEBUG | https://www.w3schools.com:443 "GET /python/python_tuples_methods.asp HTTP/1.1" 200 43274
2026-03-31 16:39:26 | DEBUG | Saved cleaned page: scraper/raw_html\python__python_tuples_methods.json
2026-03-31 16:39:28 | DEBUG | Starting new HTTPS connection (1): www.w3schools.com:443
2026-03-31 16:39:29 | DEBUG | https://www.w3schools.com:443 "GET /python/python_sets.asp HTTP/1.1" 200 44770
2026-03-31 16:39:30 | DEBUG | Saved cleaned page: scraper/raw_html\python__python_sets.json
2026-03-31 16:39:31 | DEBUG | Starting new HTTPS connection (1): www.w3schools.com:443
2026-03-31 16:39:31 | DEBUG | https://www.w3schools.com:443 "GET /python/python_sets_access.asp HTTP/1.1" 200 43540
2026-03-31 16:39:31 | DEBUG | Saved cleaned page: scraper/raw_html\python__python_sets_access.json
2026-03-31 16:39:32 | DEBUG | Starting new HTTPS connection (1): www.w3schools.com:443
2026-03-31 16:39:33 | DEBUG | https://www.w3schools.com:443 "GET /python/python_sets_add.asp HTTP/1.1" 200 43616
2026-03-31 16:39:33 | DEBUG | Saved cleaned page: scraper/raw_html\python__python_sets_add.json
2026-03-31 16:39:34 | DEBUG | Starting new HTTPS connection (1): www.w3schools.com:443
2026-03-31 16:39:35 | DEBUG | https://www.w3schools.com:443 "GET /python/python_sets_remove.asp HTTP/1.1" 200 43742
2026-03-31 16:39:35 | DEBUG | Saved cleaned page: scraper/raw_html\python__python_sets_remove.json
2026-03-31 16:39:36 | DEBUG | Starting new HTTPS connection (1): www.w3schools.com:443
2026-03-31 16:39:36 | DEBUG | https://www.w3schools.com:443 "GET /python/python_sets_loop.asp HTTP/1.1" 200 43335
2026-03-31 16:39:36 | DEBUG | Saved cleaned page: scraper/raw_html\python__python_sets_loop.json
2026-03-31 16:39:38 | DEBUG | Starting new HTTPS connection (1): www.w3schools.com:443
2026-03-31 16:39:38 | DEBUG | https://www.w3schools.com:443 "GET /python/python_sets_join.asp HTTP/1.1" 200 44890
2026-03-31 16:39:38 | DEBUG | Saved cleaned page: scraper/raw_html\python__python_sets_join.json
2026-03-31 16:39:39 | DEBUG | Starting new HTTPS connection (1): www.w3schools.com:443
2026-03-31 16:39:40 | DEBUG | https://www.w3schools.com:443 "GET /python/python_frozenset.asp HTTP/1.1" 200 43815
2026-03-31 16:39:40 | DEBUG | Saved cleaned page: scraper/raw_html\python__python_frozenset.json
2026-03-31 16:39:41 | DEBUG | Starting new HTTPS connection (1): www.w3schools.com:443
2026-03-31 16:39:41 | DEBUG | https://www.w3schools.com:443 "GET /python/python_sets_methods.asp HTTP/1.1" 200 43826
2026-03-31 16:39:42 | DEBUG | Saved cleaned page: scraper/raw_html\python__python_sets_methods.json
2026-03-31 16:39:43 | DEBUG | Starting new HTTPS connection (1): www.w3schools.com:443
2026-03-31 16:39:43 | DEBUG | https://www.w3schools.com:443 "GET /python/python_dictionaries.asp HTTP/1.1" 200 44573
2026-03-31 16:39:43 | DEBUG | Saved cleaned page: scraper/raw_html\python__python_dictionaries.json
2026-03-31 16:39:44 | DEBUG | Starting new HTTPS connection (1): www.w3schools.com:443
2026-03-31 16:39:45 | DEBUG | https://www.w3schools.com:443 "GET /python/python_dictionaries_access.asp HTTP/1.1" 200 44124
2026-03-31 16:39:45 | DEBUG | Saved cleaned page: scraper/raw_html\python__python_dictionaries_access.json
2026-03-31 16:39:46 | DEBUG | Starting new HTTPS connection (1): www.w3schools.com:443
2026-03-31 16:39:47 | DEBUG | https://www.w3schools.com:443 "GET /python/python_dictionaries_change.asp HTTP/1.1" 200 43522
2026-03-31 16:39:47 | DEBUG | Saved cleaned page: scraper/raw_html\python__python_dictionaries_change.json
2026-03-31 16:39:47 | DEBUG | Starting new HTTPS connection (1): www.w3schools.com:443
2026-03-31 16:39:48 | DEBUG | https://www.w3schools.com:443 "GET /python/python_dictionaries_add.asp HTTP/1.1" 200 43547
2026-03-31 16:39:48 | DEBUG | Saved cleaned page: scraper/raw_html\python__python_dictionaries_add.json
2026-03-31 16:39:49 | DEBUG | Starting new HTTPS connection (1): www.w3schools.com:443
2026-03-31 16:39:49 | DEBUG | https://www.w3schools.com:443 "GET /python/python_dictionaries_remove.asp HTTP/1.1" 200 43643
2026-03-31 16:39:50 | DEBUG | Saved cleaned page: scraper/raw_html\python__python_dictionaries_remove.json
2026-03-31 16:39:50 | DEBUG | Starting new HTTPS connection (1): www.w3schools.com:443
2026-03-31 16:39:51 | DEBUG | https://www.w3schools.com:443 "GET /python/python_dictionaries_loop.asp HTTP/1.1" 200 43557
2026-03-31 16:39:51 | DEBUG | Saved cleaned page: scraper/raw_html\python__python_dictionaries_loop.json
2026-03-31 16:39:52 | DEBUG | Starting new HTTPS connection (1): www.w3schools.com:443
2026-03-31 16:39:52 | DEBUG | https://www.w3schools.com:443 "GET /python/python_dictionaries_copy.asp HTTP/1.1" 200 43547
2026-03-31 16:39:53 | DEBUG | Saved cleaned page: scraper/raw_html\python__python_dictionaries_copy.json
2026-03-31 16:39:54 | DEBUG | Starting new HTTPS connection (1): www.w3schools.com:443
2026-03-31 16:39:54 | DEBUG | https://www.w3schools.com:443 "GET /python/python_dictionaries_nested.asp HTTP/1.1" 200 43753
2026-03-31 16:39:54 | DEBUG | Saved cleaned page: scraper/raw_html\python__python_dictionaries_nested.json
2026-03-31 16:39:55 | DEBUG | Starting new HTTPS connection (1): www.w3schools.com:443
2026-03-31 16:39:56 | DEBUG | https://www.w3schools.com:443 "GET /python/python_dictionaries_methods.asp HTTP/1.1" 200 43447
2026-03-31 16:39:56 | DEBUG | Saved cleaned page: scraper/raw_html\python__python_dictionaries_methods.json
2026-03-31 16:39:57 | DEBUG | Starting new HTTPS connection (1): www.w3schools.com:443
2026-03-31 16:39:57 | DEBUG | https://www.w3schools.com:443 "GET /python/python_conditions.asp HTTP/1.1" 200 44400
2026-03-31 16:39:57 | DEBUG | Saved cleaned page: scraper/raw_html\python__python_conditions.json
2026-03-31 16:39:59 | DEBUG | Starting new HTTPS connection (1): www.w3schools.com:443
2026-03-31 16:39:59 | DEBUG | https://www.w3schools.com:443 "GET /python/python_if_elif.asp HTTP/1.1" 200 44142
2026-03-31 16:39:59 | DEBUG | Saved cleaned page: scraper/raw_html\python__python_if_elif.json
2026-03-31 16:40:00 | DEBUG | Starting new HTTPS connection (1): www.w3schools.com:443
2026-03-31 16:40:01 | DEBUG | https://www.w3schools.com:443 "GET /python/python_if_else.asp HTTP/1.1" 200 44168
2026-03-31 16:40:01 | DEBUG | Saved cleaned page: scraper/raw_html\python__python_if_else.json
2026-03-31 16:40:02 | DEBUG | Starting new HTTPS connection (1): www.w3schools.com:443
2026-03-31 16:40:02 | DEBUG | https://www.w3schools.com:443 "GET /python/python_if_shorthand.asp HTTP/1.1" 200 44158
2026-03-31 16:40:02 | DEBUG | Saved cleaned page: scraper/raw_html\python__python_if_shorthand.json
2026-03-31 16:40:03 | DEBUG | Starting new HTTPS connection (1): www.w3schools.com:443
2026-03-31 16:40:04 | DEBUG | https://www.w3schools.com:443 "GET /python/python_if_logical.asp HTTP/1.1" 200 44327
2026-03-31 16:40:04 | DEBUG | Saved cleaned page: scraper/raw_html\python__python_if_logical.json
2026-03-31 16:40:05 | DEBUG | Starting new HTTPS connection (1): www.w3schools.com:443
2026-03-31 16:40:05 | DEBUG | https://www.w3schools.com:443 "GET /python/python_if_nested_if.asp HTTP/1.1" 200 44255
2026-03-31 16:40:06 | DEBUG | Saved cleaned page: scraper/raw_html\python__python_if_nested_if.json
2026-03-31 16:40:07 | DEBUG | Starting new HTTPS connection (1): www.w3schools.com:443
2026-03-31 16:40:07 | DEBUG | https://www.w3schools.com:443 "GET /python/python_if_pass.asp HTTP/1.1" 200 44243
2026-03-31 16:40:08 | DEBUG | Saved cleaned page: scraper/raw_html\python__python_if_pass.json
2026-03-31 16:40:09 | DEBUG | Starting new HTTPS connection (1): www.w3schools.com:443
2026-03-31 16:40:09 | DEBUG | https://www.w3schools.com:443 "GET /python/python_match.asp HTTP/1.1" 200 44057
2026-03-31 16:40:09 | DEBUG | Saved cleaned page: scraper/raw_html\python__python_match.json
2026-03-31 16:40:11 | DEBUG | Starting new HTTPS connection (1): www.w3schools.com:443
2026-03-31 16:40:11 | DEBUG | https://www.w3schools.com:443 "GET /python/python_while_loops.asp HTTP/1.1" 200 43842
2026-03-31 16:40:12 | DEBUG | Saved cleaned page: scraper/raw_html\python__python_while_loops.json
2026-03-31 16:40:13 | DEBUG | Starting new HTTPS connection (1): www.w3schools.com:443
2026-03-31 16:40:13 | DEBUG | https://www.w3schools.com:443 "GET /python/python_for_loops.asp HTTP/1.1" 200 44734
2026-03-31 16:40:14 | DEBUG | Saved cleaned page: scraper/raw_html\python__python_for_loops.json
2026-03-31 16:40:14 | DEBUG | Starting new HTTPS connection (1): www.w3schools.com:443
2026-03-31 16:40:15 | DEBUG | https://www.w3schools.com:443 "GET /python/python_functions.asp HTTP/1.1" 200 44462
2026-03-31 16:40:15 | DEBUG | Saved cleaned page: scraper/raw_html\python__python_functions.json
2026-03-31 16:40:16 | DEBUG | Starting new HTTPS connection (1): www.w3schools.com:443
2026-03-31 16:40:17 | DEBUG | https://www.w3schools.com:443 "GET /python/python_arguments.asp HTTP/1.1" 200 45364
2026-03-31 16:40:17 | DEBUG | Saved cleaned page: scraper/raw_html\python__python_arguments.json
2026-03-31 16:40:18 | DEBUG | Starting new HTTPS connection (1): www.w3schools.com:443
2026-03-31 16:40:19 | DEBUG | https://www.w3schools.com:443 "GET /python/python_args_kwargs.asp HTTP/1.1" 200 45022
2026-03-31 16:40:19 | DEBUG | Saved cleaned page: scraper/raw_html\python__python_args_kwargs.json
2026-03-31 16:40:21 | DEBUG | Starting new HTTPS connection (1): www.w3schools.com:443
2026-03-31 16:40:22 | DEBUG | https://www.w3schools.com:443 "GET /python/python_scope.asp HTTP/1.1" 200 44369
2026-03-31 16:40:22 | DEBUG | Saved cleaned page: scraper/raw_html\python__python_scope.json
2026-03-31 16:40:23 | DEBUG | Starting new HTTPS connection (1): www.w3schools.com:443
2026-03-31 16:40:25 | DEBUG | https://www.w3schools.com:443 "GET /python/python_decorators.asp HTTP/1.1" 200 44730
2026-03-31 16:40:25 | DEBUG | Saved cleaned page: scraper/raw_html\python__python_decorators.json
2026-03-31 16:40:27 | DEBUG | Starting new HTTPS connection (1): www.w3schools.com:443
2026-03-31 16:40:29 | DEBUG | https://www.w3schools.com:443 "GET /python/python_lambda.asp HTTP/1.1" 200 44359
2026-03-31 16:40:29 | DEBUG | Saved cleaned page: scraper/raw_html\python__python_lambda.json
2026-03-31 16:40:30 | DEBUG | Starting new HTTPS connection (1): www.w3schools.com:443
2026-03-31 16:40:32 | DEBUG | https://www.w3schools.com:443 "GET /python/python_recursion.asp HTTP/1.1" 200 44499
2026-03-31 16:40:32 | DEBUG | Saved cleaned page: scraper/raw_html\python__python_recursion.json
2026-03-31 16:40:33 | DEBUG | Starting new HTTPS connection (1): www.w3schools.com:443
2026-03-31 16:40:34 | DEBUG | https://www.w3schools.com:443 "GET /python/python_generators.asp HTTP/1.1" 200 44689
2026-03-31 16:40:34 | DEBUG | Saved cleaned page: scraper/raw_html\python__python_generators.json
2026-03-31 16:40:36 | DEBUG | Starting new HTTPS connection (1): www.w3schools.com:443
2026-03-31 16:40:36 | DEBUG | https://www.w3schools.com:443 "GET /python/python_range.asp HTTP/1.1" 200 44321
2026-03-31 16:40:36 | DEBUG | Saved cleaned page: scraper/raw_html\python__python_range.json
2026-03-31 16:40:37 | DEBUG | Starting new HTTPS connection (1): www.w3schools.com:443
2026-03-31 16:40:38 | DEBUG | https://www.w3schools.com:443 "GET /python/python_arrays.asp HTTP/1.1" 200 44587
2026-03-31 16:40:38 | DEBUG | Saved cleaned page: scraper/raw_html\python__python_arrays.json
2026-03-31 16:40:39 | DEBUG | Starting new HTTPS connection (1): www.w3schools.com:443
2026-03-31 16:40:40 | DEBUG | https://www.w3schools.com:443 "GET /python/python_iterators.asp HTTP/1.1" 200 44455
2026-03-31 16:40:40 | DEBUG | Saved cleaned page: scraper/raw_html\python__python_iterators.json
2026-03-31 16:40:41 | DEBUG | Starting new HTTPS connection (1): www.w3schools.com:443
2026-03-31 16:40:42 | DEBUG | https://www.w3schools.com:443 "GET /python/python_modules.asp HTTP/1.1" 200 44621
2026-03-31 16:40:42 | DEBUG | Saved cleaned page: scraper/raw_html\python__python_modules.json
2026-03-31 16:40:43 | DEBUG | Starting new HTTPS connection (1): www.w3schools.com:443
2026-03-31 16:40:44 | DEBUG | https://www.w3schools.com:443 "GET /python/python_datetime.asp HTTP/1.1" 200 44914
2026-03-31 16:40:44 | DEBUG | Saved cleaned page: scraper/raw_html\python__python_datetime.json
2026-03-31 16:40:45 | DEBUG | Starting new HTTPS connection (1): www.w3schools.com:443
2026-03-31 16:40:45 | DEBUG | https://www.w3schools.com:443 "GET /python/python_math.asp HTTP/1.1" 200 43970
2026-03-31 16:40:45 | DEBUG | Saved cleaned page: scraper/raw_html\python__python_math.json
2026-03-31 16:40:46 | DEBUG | Starting new HTTPS connection (1): www.w3schools.com:443
2026-03-31 16:40:47 | DEBUG | https://www.w3schools.com:443 "GET /python/python_json.asp HTTP/1.1" 200 44588
2026-03-31 16:40:47 | DEBUG | Saved cleaned page: scraper/raw_html\python__python_json.json
2026-03-31 16:40:48 | DEBUG | Starting new HTTPS connection (1): www.w3schools.com:443
2026-03-31 16:40:49 | DEBUG | https://www.w3schools.com:443 "GET /python/python_regex.asp HTTP/1.1" 200 46466
2026-03-31 16:40:49 | DEBUG | Saved cleaned page: scraper/raw_html\python__python_regex.json
2026-03-31 16:40:50 | DEBUG | Starting new HTTPS connection (1): www.w3schools.com:443
2026-03-31 16:40:50 | DEBUG | https://www.w3schools.com:443 "GET /python/python_pip.asp HTTP/1.1" 200 44242
2026-03-31 16:40:50 | DEBUG | Saved cleaned page: scraper/raw_html\python__python_pip.json
2026-03-31 16:40:52 | DEBUG | Starting new HTTPS connection (1): www.w3schools.com:443
2026-03-31 16:40:52 | DEBUG | https://www.w3schools.com:443 "GET /python/python_try_except.asp HTTP/1.1" 200 44426
2026-03-31 16:40:52 | DEBUG | Saved cleaned page: scraper/raw_html\python__python_try_except.json
2026-03-31 16:40:53 | DEBUG | Starting new HTTPS connection (1): www.w3schools.com:443
2026-03-31 16:40:54 | DEBUG | https://www.w3schools.com:443 "GET /python/python_string_formatting.asp HTTP/1.1" 200 45794
2026-03-31 16:40:54 | DEBUG | Saved cleaned page: scraper/raw_html\python__python_string_formatting.json
2026-03-31 16:40:55 | DEBUG | Starting new HTTPS connection (1): www.w3schools.com:443
2026-03-31 16:40:56 | DEBUG | https://www.w3schools.com:443 "GET /python/python_none.asp HTTP/1.1" 200 43747
2026-03-31 16:40:56 | DEBUG | Saved cleaned page: scraper/raw_html\python__python_none.json
2026-03-31 16:40:57 | DEBUG | Starting new HTTPS connection (1): www.w3schools.com:443
2026-03-31 16:40:59 | DEBUG | https://www.w3schools.com:443 "GET /python/python_user_input.asp HTTP/1.1" 200 44152
2026-03-31 16:40:59 | DEBUG | Saved cleaned page: scraper/raw_html\python__python_user_input.json
2026-03-31 16:41:00 | DEBUG | Starting new HTTPS connection (1): www.w3schools.com:443
2026-03-31 16:41:02 | DEBUG | https://www.w3schools.com:443 "GET /python/python_virtualenv.asp HTTP/1.1" 200 45440
2026-03-31 16:41:02 | DEBUG | Saved cleaned page: scraper/raw_html\python__python_virtualenv.json
2026-03-31 16:41:04 | DEBUG | Starting new HTTPS connection (1): www.w3schools.com:443
2026-03-31 16:41:04 | DEBUG | https://www.w3schools.com:443 "GET /python/python_oop.asp HTTP/1.1" 200 43805
2026-03-31 16:41:04 | DEBUG | Saved cleaned page: scraper/raw_html\python__python_oop.json
2026-03-31 16:41:06 | DEBUG | Starting new HTTPS connection (1): www.w3schools.com:443
2026-03-31 16:41:06 | DEBUG | https://www.w3schools.com:443 "GET /python/python_classes.asp HTTP/1.1" 200 43777
2026-03-31 16:41:06 | DEBUG | Saved cleaned page: scraper/raw_html\python__python_classes.json
2026-03-31 16:41:08 | DEBUG | Starting new HTTPS connection (1): www.w3schools.com:443
2026-03-31 16:41:09 | DEBUG | https://www.w3schools.com:443 "GET /python/python_class_init.asp HTTP/1.1" 200 43931
2026-03-31 16:41:10 | DEBUG | Saved cleaned page: scraper/raw_html\python__python_class_init.json
2026-03-31 16:41:11 | DEBUG | Starting new HTTPS connection (1): www.w3schools.com:443
2026-03-31 16:41:13 | DEBUG | https://www.w3schools.com:443 "GET /python/python_class_self.asp HTTP/1.1" 200 44089
2026-03-31 16:41:13 | DEBUG | Saved cleaned page: scraper/raw_html\python__python_class_self.json
2026-03-31 16:41:14 | DEBUG | Starting new HTTPS connection (1): www.w3schools.com:443
2026-03-31 16:41:16 | DEBUG | https://www.w3schools.com:443 "GET /python/python_class_properties.asp HTTP/1.1" 200 44035
2026-03-31 16:41:16 | DEBUG | Saved cleaned page: scraper/raw_html\python__python_class_properties.json
2026-03-31 16:41:17 | DEBUG | Starting new HTTPS connection (1): www.w3schools.com:443
2026-03-31 16:41:19 | DEBUG | https://www.w3schools.com:443 "GET /python/python_class_methods.asp HTTP/1.1" 200 44276
2026-03-31 16:41:19 | DEBUG | Saved cleaned page: scraper/raw_html\python__python_class_methods.json
2026-03-31 16:41:20 | DEBUG | Starting new HTTPS connection (1): www.w3schools.com:443
2026-03-31 16:41:22 | DEBUG | https://www.w3schools.com:443 "GET /python/python_inheritance.asp HTTP/1.1" 200 44645
2026-03-31 16:41:22 | DEBUG | Saved cleaned page: scraper/raw_html\python__python_inheritance.json
2026-03-31 16:41:23 | DEBUG | Starting new HTTPS connection (1): www.w3schools.com:443
2026-03-31 16:41:25 | DEBUG | https://www.w3schools.com:443 "GET /python/python_polymorphism.asp HTTP/1.1" 200 44488
2026-03-31 16:41:25 | DEBUG | Saved cleaned page: scraper/raw_html\python__python_polymorphism.json
2026-03-31 16:41:26 | DEBUG | Starting new HTTPS connection (1): www.w3schools.com:443
2026-03-31 16:41:28 | DEBUG | https://www.w3schools.com:443 "GET /python/python_encapsulation.asp HTTP/1.1" 200 44816
2026-03-31 16:41:29 | DEBUG | Saved cleaned page: scraper/raw_html\python__python_encapsulation.json
2026-03-31 16:41:30 | DEBUG | Starting new HTTPS connection (1): www.w3schools.com:443
2026-03-31 16:41:32 | DEBUG | https://www.w3schools.com:443 "GET /python/python_class_inner.asp HTTP/1.1" 200 44074
2026-03-31 16:41:32 | DEBUG | Saved cleaned page: scraper/raw_html\python__python_class_inner.json
2026-03-31 16:41:33 | DEBUG | Starting new HTTPS connection (1): www.w3schools.com:443
2026-03-31 16:41:35 | DEBUG | https://www.w3schools.com:443 "GET /python/python_file_handling.asp HTTP/1.1" 200 43755
2026-03-31 16:41:35 | DEBUG | Saved cleaned page: scraper/raw_html\python__python_file_handling.json
2026-03-31 16:41:36 | DEBUG | Starting new HTTPS connection (1): www.w3schools.com:443
2026-03-31 16:41:38 | DEBUG | https://www.w3schools.com:443 "GET /python/python_file_open.asp HTTP/1.1" 200 44131
2026-03-31 16:41:38 | DEBUG | Saved cleaned page: scraper/raw_html\python__python_file_open.json
2026-03-31 16:41:40 | DEBUG | Starting new HTTPS connection (1): www.w3schools.com:443
2026-03-31 16:41:41 | DEBUG | https://www.w3schools.com:443 "GET /python/python_file_write.asp HTTP/1.1" 200 43810
2026-03-31 16:41:41 | DEBUG | Saved cleaned page: scraper/raw_html\python__python_file_write.json
2026-03-31 16:41:42 | DEBUG | Starting new HTTPS connection (1): www.w3schools.com:443
2026-03-31 16:41:44 | DEBUG | https://www.w3schools.com:443 "GET /python/python_file_remove.asp HTTP/1.1" 200 43481
2026-03-31 16:41:44 | DEBUG | Saved cleaned page: scraper/raw_html\python__python_file_remove.json
2026-03-31 16:41:46 | DEBUG | Starting new HTTPS connection (1): www.w3schools.com:443
2026-03-31 16:41:47 | DEBUG | https://www.w3schools.com:443 "GET /python/python_ml_mean_median_mode.asp HTTP/1.1" 200 44222
2026-03-31 16:41:48 | DEBUG | Saved cleaned page: scraper/raw_html\python__python_ml_mean_median_mode.json
2026-03-31 16:41:49 | DEBUG | Starting new HTTPS connection (1): www.w3schools.com:443
2026-03-31 16:41:49 | DEBUG | https://www.w3schools.com:443 "GET /python/python_ml_standard_deviation.asp HTTP/1.1" 200 44846
2026-03-31 16:41:49 | DEBUG | Saved cleaned page: scraper/raw_html\python__python_ml_standard_deviation.json
2026-03-31 16:41:50 | DEBUG | Starting new HTTPS connection (1): www.w3schools.com:443
2026-03-31 16:41:51 | DEBUG | https://www.w3schools.com:443 "GET /python/python_ml_percentile.asp HTTP/1.1" 200 43586
2026-03-31 16:41:51 | DEBUG | Saved cleaned page: scraper/raw_html\python__python_ml_percentile.json
2026-03-31 16:41:52 | DEBUG | Starting new HTTPS connection (1): www.w3schools.com:443
2026-03-31 16:41:53 | DEBUG | https://www.w3schools.com:443 "GET /python/python_ml_data_distribution.asp HTTP/1.1" 200 44066
2026-03-31 16:41:53 | DEBUG | Saved cleaned page: scraper/raw_html\python__python_ml_data_distribution.json
2026-03-31 16:41:54 | DEBUG | Starting new HTTPS connection (1): www.w3schools.com:443
2026-03-31 16:41:54 | DEBUG | https://www.w3schools.com:443 "GET /python/python_ml_normal_data_distribution.asp HTTP/1.1" 200 43822
2026-03-31 16:41:54 | DEBUG | Saved cleaned page: scraper/raw_html\python__python_ml_normal_data_distribution.json
2026-03-31 16:41:55 | DEBUG | Starting new HTTPS connection (1): www.w3schools.com:443
2026-03-31 16:41:56 | DEBUG | https://www.w3schools.com:443 "GET /python/python_ml_scatterplot.asp HTTP/1.1" 200 44160
2026-03-31 16:41:56 | DEBUG | Saved cleaned page: scraper/raw_html\python__python_ml_scatterplot.json
2026-03-31 16:41:57 | DEBUG | Starting new HTTPS connection (1): www.w3schools.com:443
2026-03-31 16:41:58 | DEBUG | https://www.w3schools.com:443 "GET /python/python_ml_linear_regression.asp HTTP/1.1" 200 45202
2026-03-31 16:41:58 | DEBUG | Saved cleaned page: scraper/raw_html\python__python_ml_linear_regression.json
2026-03-31 16:41:59 | DEBUG | Starting new HTTPS connection (1): www.w3schools.com:443
2026-03-31 16:42:00 | DEBUG | https://www.w3schools.com:443 "GET /python/python_ml_polynomial_regression.asp HTTP/1.1" 200 45064
2026-03-31 16:42:00 | DEBUG | Saved cleaned page: scraper/raw_html\python__python_ml_polynomial_regression.json
2026-03-31 16:42:01 | DEBUG | Starting new HTTPS connection (1): www.w3schools.com:443
2026-03-31 16:42:02 | DEBUG | https://www.w3schools.com:443 "GET /python/python_ml_multiple_regression.asp HTTP/1.1" 200 45630
2026-03-31 16:42:02 | DEBUG | Saved cleaned page: scraper/raw_html\python__python_ml_multiple_regression.json
2026-03-31 16:42:03 | DEBUG | Starting new HTTPS connection (1): www.w3schools.com:443
2026-03-31 16:42:03 | DEBUG | https://www.w3schools.com:443 "GET /python/python_ml_scale.asp HTTP/1.1" 200 45645
2026-03-31 16:42:04 | DEBUG | Saved cleaned page: scraper/raw_html\python__python_ml_scale.json
2026-03-31 16:42:05 | DEBUG | Starting new HTTPS connection (1): www.w3schools.com:443
2026-03-31 16:42:05 | DEBUG | https://www.w3schools.com:443 "GET /python/python_ml_train_test.asp HTTP/1.1" 200 45225
2026-03-31 16:42:05 | DEBUG | Saved cleaned page: scraper/raw_html\python__python_ml_train_test.json
2026-03-31 16:42:07 | DEBUG | Starting new HTTPS connection (1): www.w3schools.com:443
2026-03-31 16:42:07 | DEBUG | https://www.w3schools.com:443 "GET /python/python_ml_decision_tree.asp HTTP/1.1" 200 46034
2026-03-31 16:42:07 | DEBUG | Saved cleaned page: scraper/raw_html\python__python_ml_decision_tree.json
2026-03-31 16:42:09 | DEBUG | Starting new HTTPS connection (1): www.w3schools.com:443
2026-03-31 16:42:10 | DEBUG | https://www.w3schools.com:443 "GET /python/python_ml_confusion_matrix.asp HTTP/1.1" 200 44964
2026-03-31 16:42:10 | DEBUG | Saved cleaned page: scraper/raw_html\python__python_ml_confusion_matrix.json
2026-03-31 16:42:11 | DEBUG | Starting new HTTPS connection (1): www.w3schools.com:443
2026-03-31 16:42:12 | DEBUG | https://www.w3schools.com:443 "GET /python/python_ml_hierarchial_clustering.asp HTTP/1.1" 200 44900
2026-03-31 16:42:12 | DEBUG | Saved cleaned page: scraper/raw_html\python__python_ml_hierarchial_clustering.json
2026-03-31 16:42:13 | DEBUG | Starting new HTTPS connection (1): www.w3schools.com:443
2026-03-31 16:42:14 | DEBUG | https://www.w3schools.com:443 "GET /python/python_ml_logistic_regression.asp HTTP/1.1" 200 45023
2026-03-31 16:42:14 | DEBUG | Saved cleaned page: scraper/raw_html\python__python_ml_logistic_regression.json
2026-03-31 16:42:15 | DEBUG | Starting new HTTPS connection (1): www.w3schools.com:443
2026-03-31 16:42:16 | DEBUG | https://www.w3schools.com:443 "GET /python/python_ml_grid_search.asp HTTP/1.1" 200 44991
2026-03-31 16:42:16 | DEBUG | Saved cleaned page: scraper/raw_html\python__python_ml_grid_search.json
2026-03-31 16:42:17 | DEBUG | Starting new HTTPS connection (1): www.w3schools.com:443
2026-03-31 16:42:19 | DEBUG | https://www.w3schools.com:443 "GET /python/python_ml_preprocessing.asp HTTP/1.1" 200 46290
2026-03-31 16:42:19 | DEBUG | Saved cleaned page: scraper/raw_html\python__python_ml_preprocessing.json
2026-03-31 16:42:20 | DEBUG | Starting new HTTPS connection (1): www.w3schools.com:443
2026-03-31 16:42:21 | DEBUG | https://www.w3schools.com:443 "GET /python/python_ml_k-means.asp HTTP/1.1" 200 44584
2026-03-31 16:42:21 | DEBUG | Saved cleaned page: scraper/raw_html\python__python_ml_k-means.json
2026-03-31 16:42:22 | DEBUG | Starting new HTTPS connection (1): www.w3schools.com:443
2026-03-31 16:42:22 | DEBUG | https://www.w3schools.com:443 "GET /python/python_ml_bagging.asp HTTP/1.1" 200 46364
2026-03-31 16:42:23 | DEBUG | Saved cleaned page: scraper/raw_html\python__python_ml_bagging.json
2026-03-31 16:42:24 | DEBUG | Starting new HTTPS connection (1): www.w3schools.com:443
2026-03-31 16:42:24 | DEBUG | https://www.w3schools.com:443 "GET /python/python_ml_cross_validation.asp HTTP/1.1" 200 44884
2026-03-31 16:42:24 | DEBUG | Saved cleaned page: scraper/raw_html\python__python_ml_cross_validation.json
2026-03-31 16:42:26 | DEBUG | Starting new HTTPS connection (1): www.w3schools.com:443
2026-03-31 16:42:27 | DEBUG | https://www.w3schools.com:443 "GET /python/python_ml_auc_roc.asp HTTP/1.1" 200 45177
2026-03-31 16:42:27 | DEBUG | Saved cleaned page: scraper/raw_html\python__python_ml_auc_roc.json
2026-03-31 16:42:28 | DEBUG | Starting new HTTPS connection (1): www.w3schools.com:443
2026-03-31 16:42:29 | DEBUG | https://www.w3schools.com:443 "GET /python/python_ml_knn.asp HTTP/1.1" 200 44911
2026-03-31 16:42:29 | DEBUG | Saved cleaned page: scraper/raw_html\python__python_ml_knn.json
2026-03-31 16:42:31 | DEBUG | Starting new HTTPS connection (1): www.w3schools.com:443
2026-03-31 16:42:33 | DEBUG | https://www.w3schools.com:443 "GET /python/python_dsa.asp HTTP/1.1" 200 43767
2026-03-31 16:42:33 | DEBUG | Saved cleaned page: scraper/raw_html\python__python_dsa.json
2026-03-31 16:42:34 | DEBUG | Starting new HTTPS connection (1): www.w3schools.com:443
2026-03-31 16:42:35 | DEBUG | https://www.w3schools.com:443 "GET /python/python_dsa_lists.asp HTTP/1.1" 200 44340
2026-03-31 16:42:35 | DEBUG | Saved cleaned page: scraper/raw_html\python__python_dsa_lists.json
2026-03-31 16:42:36 | DEBUG | Starting new HTTPS connection (1): www.w3schools.com:443
2026-03-31 16:42:37 | DEBUG | https://www.w3schools.com:443 "GET /python/python_dsa_stacks.asp HTTP/1.1" 200 45729
2026-03-31 16:42:37 | DEBUG | Saved cleaned page: scraper/raw_html\python__python_dsa_stacks.json
2026-03-31 16:42:38 | DEBUG | Starting new HTTPS connection (1): www.w3schools.com:443
2026-03-31 16:42:38 | DEBUG | https://www.w3schools.com:443 "GET /python/python_dsa_queues.asp HTTP/1.1" 200 45480
2026-03-31 16:42:39 | DEBUG | Saved cleaned page: scraper/raw_html\python__python_dsa_queues.json
2026-03-31 16:42:40 | DEBUG | Starting new HTTPS connection (1): www.w3schools.com:443
2026-03-31 16:42:40 | DEBUG | https://www.w3schools.com:443 "GET /python/python_dsa_linkedlists.asp HTTP/1.1" 200 50487
2026-03-31 16:42:40 | DEBUG | Saved cleaned page: scraper/raw_html\python__python_dsa_linkedlists.json
2026-03-31 16:42:41 | DEBUG | Starting new HTTPS connection (1): www.w3schools.com:443
2026-03-31 16:42:42 | DEBUG | https://www.w3schools.com:443 "GET /python/python_dsa_hashtables.asp HTTP/1.1" 200 46155
2026-03-31 16:42:42 | DEBUG | Saved cleaned page: scraper/raw_html\python__python_dsa_hashtables.json
2026-03-31 16:42:43 | DEBUG | Starting new HTTPS connection (1): www.w3schools.com:443
2026-03-31 16:42:44 | DEBUG | https://www.w3schools.com:443 "GET /python/python_dsa_trees.asp HTTP/1.1" 200 45190
2026-03-31 16:42:44 | DEBUG | Saved cleaned page: scraper/raw_html\python__python_dsa_trees.json
2026-03-31 16:42:45 | DEBUG | Starting new HTTPS connection (1): www.w3schools.com:443
2026-03-31 16:42:46 | DEBUG | https://www.w3schools.com:443 "GET /python/python_dsa_binarytrees.asp HTTP/1.1" 200 47455
2026-03-31 16:42:46 | DEBUG | Saved cleaned page: scraper/raw_html\python__python_dsa_binarytrees.json
2026-03-31 16:42:47 | DEBUG | Starting new HTTPS connection (1): www.w3schools.com:443
2026-03-31 16:42:48 | DEBUG | https://www.w3schools.com:443 "GET /python/python_dsa_binarysearchtrees.asp HTTP/1.1" 200 49528
2026-03-31 16:42:48 | DEBUG | Saved cleaned page: scraper/raw_html\python__python_dsa_binarysearchtrees.json
2026-03-31 16:42:49 | DEBUG | Starting new HTTPS connection (1): www.w3schools.com:443
2026-03-31 16:42:49 | DEBUG | https://www.w3schools.com:443 "GET /python/python_dsa_avltrees.asp HTTP/1.1" 200 58194
2026-03-31 16:42:49 | DEBUG | Saved cleaned page: scraper/raw_html\python__python_dsa_avltrees.json
2026-03-31 16:42:50 | DEBUG | Starting new HTTPS connection (1): www.w3schools.com:443
2026-03-31 16:42:51 | DEBUG | https://www.w3schools.com:443 "GET /python/python_dsa_graphs.asp HTTP/1.1" 200 47150
2026-03-31 16:42:51 | DEBUG | Saved cleaned page: scraper/raw_html\python__python_dsa_graphs.json
2026-03-31 16:42:52 | DEBUG | Starting new HTTPS connection (1): www.w3schools.com:443
2026-03-31 16:42:53 | DEBUG | https://www.w3schools.com:443 "GET /python/python_dsa_linearsearch.asp HTTP/1.1" 200 46827
2026-03-31 16:42:53 | DEBUG | Saved cleaned page: scraper/raw_html\python__python_dsa_linearsearch.json
2026-03-31 16:42:54 | DEBUG | Starting new HTTPS connection (1): www.w3schools.com:443
2026-03-31 16:42:54 | DEBUG | https://www.w3schools.com:443 "GET /python/python_dsa_binarysearch.asp HTTP/1.1" 200 48108
2026-03-31 16:42:54 | DEBUG | Saved cleaned page: scraper/raw_html\python__python_dsa_binarysearch.json
2026-03-31 16:42:56 | DEBUG | Starting new HTTPS connection (1): www.w3schools.com:443
2026-03-31 16:42:56 | DEBUG | https://www.w3schools.com:443 "GET /python/python_dsa_bubblesort.asp HTTP/1.1" 200 47471
2026-03-31 16:42:56 | DEBUG | Saved cleaned page: scraper/raw_html\python__python_dsa_bubblesort.json
2026-03-31 16:42:57 | DEBUG | Starting new HTTPS connection (1): www.w3schools.com:443
2026-03-31 16:42:58 | DEBUG | https://www.w3schools.com:443 "GET /python/python_dsa_selectionsort.asp HTTP/1.1" 200 48230
2026-03-31 16:42:58 | DEBUG | Saved cleaned page: scraper/raw_html\python__python_dsa_selectionsort.json
2026-03-31 16:42:59 | DEBUG | Starting new HTTPS connection (1): www.w3schools.com:443
2026-03-31 16:42:59 | DEBUG | https://www.w3schools.com:443 "GET /python/python_dsa_insertionsort.asp HTTP/1.1" 200 48462
2026-03-31 16:42:59 | DEBUG | Saved cleaned page: scraper/raw_html\python__python_dsa_insertionsort.json
2026-03-31 16:43:00 | DEBUG | Starting new HTTPS connection (1): www.w3schools.com:443
2026-03-31 16:43:01 | DEBUG | https://www.w3schools.com:443 "GET /python/python_dsa_quicksort.asp HTTP/1.1" 200 48125
2026-03-31 16:43:01 | DEBUG | Saved cleaned page: scraper/raw_html\python__python_dsa_quicksort.json
2026-03-31 16:43:02 | DEBUG | Starting new HTTPS connection (1): www.w3schools.com:443
2026-03-31 16:43:03 | DEBUG | https://www.w3schools.com:443 "GET /python/python_dsa_countingsort.asp HTTP/1.1" 200 49035
2026-03-31 16:43:03 | DEBUG | Saved cleaned page: scraper/raw_html\python__python_dsa_countingsort.json
2026-03-31 16:43:04 | DEBUG | Starting new HTTPS connection (1): www.w3schools.com:443
2026-03-31 16:43:04 | DEBUG | https://www.w3schools.com:443 "GET /python/python_dsa_radixsort.asp HTTP/1.1" 200 50361
2026-03-31 16:43:04 | DEBUG | Saved cleaned page: scraper/raw_html\python__python_dsa_radixsort.json
2026-03-31 16:43:06 | DEBUG | Starting new HTTPS connection (1): www.w3schools.com:443
2026-03-31 16:43:06 | DEBUG | https://www.w3schools.com:443 "GET /python/python_dsa_mergesort.asp HTTP/1.1" 200 50175
2026-03-31 16:43:06 | DEBUG | Saved cleaned page: scraper/raw_html\python__python_dsa_mergesort.json
2026-03-31 16:43:07 | DEBUG | Starting new HTTPS connection (1): www.w3schools.com:443
2026-03-31 16:43:08 | DEBUG | https://www.w3schools.com:443 "GET /python/python_mysql_getstarted.asp HTTP/1.1" 200 43913
2026-03-31 16:43:08 | DEBUG | Saved cleaned page: scraper/raw_html\python__python_mysql_getstarted.json
2026-03-31 16:43:09 | DEBUG | Starting new HTTPS connection (1): www.w3schools.com:443
2026-03-31 16:43:10 | DEBUG | https://www.w3schools.com:443 "GET /python/python_mysql_create_db.asp HTTP/1.1" 200 43654
2026-03-31 16:43:10 | DEBUG | Saved cleaned page: scraper/raw_html\python__python_mysql_create_db.json
2026-03-31 16:43:11 | DEBUG | Starting new HTTPS connection (1): www.w3schools.com:443
2026-03-31 16:43:12 | DEBUG | https://www.w3schools.com:443 "GET /python/python_mysql_create_table.asp HTTP/1.1" 200 43921
2026-03-31 16:43:12 | DEBUG | Saved cleaned page: scraper/raw_html\python__python_mysql_create_table.json
2026-03-31 16:43:13 | DEBUG | Starting new HTTPS connection (1): www.w3schools.com:443
2026-03-31 16:43:14 | DEBUG | https://www.w3schools.com:443 "GET /python/python_mysql_insert.asp HTTP/1.1" 200 44139
2026-03-31 16:43:14 | DEBUG | Saved cleaned page: scraper/raw_html\python__python_mysql_insert.json
2026-03-31 16:43:15 | DEBUG | Starting new HTTPS connection (1): www.w3schools.com:443
2026-03-31 16:43:16 | DEBUG | https://www.w3schools.com:443 "GET /python/python_mysql_select.asp HTTP/1.1" 200 43749
2026-03-31 16:43:16 | DEBUG | Saved cleaned page: scraper/raw_html\python__python_mysql_select.json
2026-03-31 16:43:17 | DEBUG | Starting new HTTPS connection (1): www.w3schools.com:443
2026-03-31 16:43:19 | DEBUG | https://www.w3schools.com:443 "GET /python/python_mysql_where.asp HTTP/1.1" 200 43876
2026-03-31 16:43:19 | DEBUG | Saved cleaned page: scraper/raw_html\python__python_mysql_where.json
2026-03-31 16:43:21 | DEBUG | Starting new HTTPS connection (1): www.w3schools.com:443
2026-03-31 16:43:21 | DEBUG | https://www.w3schools.com:443 "GET /python/python_mysql_orderby.asp HTTP/1.1" 200 43555
2026-03-31 16:43:21 | DEBUG | Saved cleaned page: scraper/raw_html\python__python_mysql_orderby.json
2026-03-31 16:43:22 | DEBUG | Starting new HTTPS connection (1): www.w3schools.com:443
2026-03-31 16:43:23 | DEBUG | https://www.w3schools.com:443 "GET /python/python_mysql_delete.asp HTTP/1.1" 200 43887
2026-03-31 16:43:23 | DEBUG | Saved cleaned page: scraper/raw_html\python__python_mysql_delete.json
2026-03-31 16:43:24 | DEBUG | Starting new HTTPS connection (1): www.w3schools.com:443
2026-03-31 16:43:24 | DEBUG | https://www.w3schools.com:443 "GET /python/python_mysql_drop_table.asp HTTP/1.1" 200 43516
2026-03-31 16:43:24 | DEBUG | Saved cleaned page: scraper/raw_html\python__python_mysql_drop_table.json
2026-03-31 16:43:25 | DEBUG | Starting new HTTPS connection (1): www.w3schools.com:443
2026-03-31 16:43:26 | DEBUG | https://www.w3schools.com:443 "GET /python/python_mysql_update.asp HTTP/1.1" 200 43915
2026-03-31 16:43:26 | DEBUG | Saved cleaned page: scraper/raw_html\python__python_mysql_update.json
2026-03-31 16:43:27 | DEBUG | Starting new HTTPS connection (1): www.w3schools.com:443
2026-03-31 16:43:28 | DEBUG | https://www.w3schools.com:443 "GET /python/python_mysql_limit.asp HTTP/1.1" 200 43549
2026-03-31 16:43:28 | DEBUG | Saved cleaned page: scraper/raw_html\python__python_mysql_limit.json
2026-03-31 16:43:29 | DEBUG | Starting new HTTPS connection (1): www.w3schools.com:443
2026-03-31 16:43:29 | DEBUG | https://www.w3schools.com:443 "GET /python/python_mysql_join.asp HTTP/1.1" 200 44119
2026-03-31 16:43:29 | DEBUG | Saved cleaned page: scraper/raw_html\python__python_mysql_join.json
2026-03-31 16:43:30 | DEBUG | Starting new HTTPS connection (1): www.w3schools.com:443
2026-03-31 16:43:31 | DEBUG | https://www.w3schools.com:443 "GET /python/python_mongodb_getstarted.asp HTTP/1.1" 200 43795
2026-03-31 16:43:31 | DEBUG | Saved cleaned page: scraper/raw_html\python__python_mongodb_getstarted.json
2026-03-31 16:43:32 | DEBUG | Starting new HTTPS connection (1): www.w3schools.com:443
2026-03-31 16:43:33 | DEBUG | https://www.w3schools.com:443 "GET /python/python_mongodb_create_db.asp HTTP/1.1" 200 43764
2026-03-31 16:43:33 | DEBUG | Saved cleaned page: scraper/raw_html\python__python_mongodb_create_db.json
2026-03-31 16:43:34 | DEBUG | Starting new HTTPS connection (1): www.w3schools.com:443
2026-03-31 16:43:34 | DEBUG | https://www.w3schools.com:443 "GET /python/python_mongodb_create_collection.asp HTTP/1.1" 200 43735
2026-03-31 16:43:35 | DEBUG | Saved cleaned page: scraper/raw_html\python__python_mongodb_create_collection.json
2026-03-31 16:43:36 | DEBUG | Starting new HTTPS connection (1): www.w3schools.com:443
2026-03-31 16:43:36 | DEBUG | https://www.w3schools.com:443 "GET /python/python_mongodb_insert.asp HTTP/1.1" 200 44508
2026-03-31 16:43:36 | DEBUG | Saved cleaned page: scraper/raw_html\python__python_mongodb_insert.json
2026-03-31 16:43:37 | DEBUG | Starting new HTTPS connection (1): www.w3schools.com:443
2026-03-31 16:43:38 | DEBUG | https://www.w3schools.com:443 "GET /python/python_mongodb_find.asp HTTP/1.1" 200 44050
2026-03-31 16:43:38 | DEBUG | Saved cleaned page: scraper/raw_html\python__python_mongodb_find.json
2026-03-31 16:43:39 | DEBUG | Starting new HTTPS connection (1): www.w3schools.com:443
2026-03-31 16:43:40 | DEBUG | https://www.w3schools.com:443 "GET /python/python_mongodb_query.asp HTTP/1.1" 200 43787
2026-03-31 16:43:40 | DEBUG | Saved cleaned page: scraper/raw_html\python__python_mongodb_query.json
2026-03-31 16:43:41 | DEBUG | Starting new HTTPS connection (1): www.w3schools.com:443
2026-03-31 16:43:42 | DEBUG | https://www.w3schools.com:443 "GET /python/python_mongodb_sort.asp HTTP/1.1" 200 43534
2026-03-31 16:43:42 | DEBUG | Saved cleaned page: scraper/raw_html\python__python_mongodb_sort.json
2026-03-31 16:43:43 | DEBUG | Starting new HTTPS connection (1): www.w3schools.com:443
2026-03-31 16:43:45 | DEBUG | https://www.w3schools.com:443 "GET /python/python_mongodb_delete.asp HTTP/1.1" 200 43677
2026-03-31 16:43:45 | DEBUG | Saved cleaned page: scraper/raw_html\python__python_mongodb_delete.json
2026-03-31 16:43:46 | DEBUG | Starting new HTTPS connection (1): www.w3schools.com:443
2026-03-31 16:43:48 | DEBUG | https://www.w3schools.com:443 "GET /python/python_mongodb_drop_collection.asp HTTP/1.1" 200 43408
2026-03-31 16:43:48 | DEBUG | Saved cleaned page: scraper/raw_html\python__python_mongodb_drop_collection.json
2026-03-31 16:43:49 | DEBUG | Starting new HTTPS connection (1): www.w3schools.com:443
2026-03-31 16:43:50 | DEBUG | https://www.w3schools.com:443 "GET /python/python_mongodb_update.asp HTTP/1.1" 200 43771
2026-03-31 16:43:50 | DEBUG | Saved cleaned page: scraper/raw_html\python__python_mongodb_update.json
2026-03-31 16:43:51 | DEBUG | Starting new HTTPS connection (1): www.w3schools.com:443
2026-03-31 16:43:51 | DEBUG | https://www.w3schools.com:443 "GET /python/python_mongodb_limit.asp HTTP/1.1" 200 43765
2026-03-31 16:43:51 | DEBUG | Saved cleaned page: scraper/raw_html\python__python_mongodb_limit.json
2026-03-31 16:43:52 | DEBUG | Starting new HTTPS connection (1): www.w3schools.com:443
2026-03-31 16:43:53 | DEBUG | https://www.w3schools.com:443 "GET /python/python_howto_remove_duplicates.asp HTTP/1.1" 200 44057
2026-03-31 16:43:53 | DEBUG | Saved cleaned page: scraper/raw_html\python__python_howto_remove_duplicates.json
2026-03-31 16:43:54 | DEBUG | Starting new HTTPS connection (1): www.w3schools.com:443
2026-03-31 16:43:55 | DEBUG | https://www.w3schools.com:443 "GET /python/python_howto_reverse_string.asp HTTP/1.1" 200 44067
2026-03-31 16:43:55 | DEBUG | Saved cleaned page: scraper/raw_html\python__python_howto_reverse_string.json
2026-03-31 16:43:56 | DEBUG | Starting new HTTPS connection (1): www.w3schools.com:443
2026-03-31 16:43:57 | DEBUG | https://www.w3schools.com:443 "GET /python/python_howto_add_two_numbers.asp HTTP/1.1" 200 43378
2026-03-31 16:43:57 | DEBUG | Saved cleaned page: scraper/raw_html\python__python_howto_add_two_numbers.json
2026-03-31 16:43:58 | DEBUG | Starting new HTTPS connection (1): www.w3schools.com:443
2026-03-31 16:43:58 | DEBUG | https://www.w3schools.com:443 "GET /python/python_compiler.asp HTTP/1.1" 200 44042
2026-03-31 16:43:58 | DEBUG | Saved cleaned page: scraper/raw_html\python__python_compiler.json
2026-03-31 16:44:00 | DEBUG | Starting new HTTPS connection (1): www.w3schools.com:443
2026-03-31 16:44:00 | DEBUG | https://www.w3schools.com:443 "GET /python/python_server.asp HTTP/1.1" 200 53590
2026-03-31 16:44:00 | DEBUG | Saved cleaned page: scraper/raw_html\python__python_server.json
2026-03-31 16:44:02 | DEBUG | Starting new HTTPS connection (1): www.w3schools.com:443
2026-03-31 16:44:02 | DEBUG | https://www.w3schools.com:443 "GET /python/python_syllabus.asp HTTP/1.1" 200 45956
2026-03-31 16:44:02 | DEBUG | Saved cleaned page: scraper/raw_html\python__python_syllabus.json
2026-03-31 16:44:03 | DEBUG | Starting new HTTPS connection (1): www.w3schools.com:443
2026-03-31 16:44:04 | DEBUG | https://www.w3schools.com:443 "GET /python/python_study_plan.asp HTTP/1.1" 200 45260
2026-03-31 16:44:04 | DEBUG | Saved cleaned page: scraper/raw_html\python__python_study_plan.json
2026-03-31 16:44:05 | DEBUG | Starting new HTTPS connection (1): www.w3schools.com:443
2026-03-31 16:44:06 | DEBUG | https://www.w3schools.com:443 "GET /python/python_interview_questions.asp HTTP/1.1" 200 47978
2026-03-31 16:44:06 | DEBUG | Saved cleaned page: scraper/raw_html\python__python_interview_questions.json
2026-03-31 16:44:07 | DEBUG | Starting new HTTPS connection (1): www.w3schools.com:443
2026-03-31 16:44:08 | DEBUG | https://www.w3schools.com:443 "GET /python/python_exam.asp HTTP/1.1" 200 46149
2026-03-31 16:44:08 | DEBUG | Saved cleaned page: scraper/raw_html\python__python_exam.json
2026-03-31 16:44:09 | DEBUG | Starting new HTTPS connection (1): www.w3schools.com:443
2026-03-31 16:44:10 | DEBUG | https://www.w3schools.com:443 "GET /python/python_training.asp HTTP/1.1" 200 45717
2026-03-31 16:44:10 | DEBUG | Saved cleaned page: scraper/raw_html\python__python_training.json
2026-03-31 16:44:11 | DEBUG | Starting new HTTPS connection (1): www.w3schools.com:443
2026-03-31 16:44:12 | DEBUG | https://www.w3schools.com:443 "GET /js/js_intro.asp HTTP/1.1" 200 43566
2026-03-31 16:44:12 | DEBUG | Saved cleaned page: scraper/raw_html\js__js_intro.json
2026-03-31 16:44:13 | DEBUG | Starting new HTTPS connection (1): www.w3schools.com:443
2026-03-31 16:44:13 | DEBUG | https://www.w3schools.com:443 "GET /js/js_whereto.asp HTTP/1.1" 200 44037
2026-03-31 16:44:14 | DEBUG | Saved cleaned page: scraper/raw_html\js__js_whereto.json
2026-03-31 16:44:15 | DEBUG | Starting new HTTPS connection (1): www.w3schools.com:443
2026-03-31 16:44:15 | DEBUG | https://www.w3schools.com:443 "GET /js/js_output.asp HTTP/1.1" 200 43725
2026-03-31 16:44:15 | DEBUG | Saved cleaned page: scraper/raw_html\js__js_output.json
2026-03-31 16:44:17 | DEBUG | Starting new HTTPS connection (1): www.w3schools.com:443
2026-03-31 16:44:17 | DEBUG | https://www.w3schools.com:443 "GET /js/js_syntax.asp HTTP/1.1" 200 43936
2026-03-31 16:44:17 | DEBUG | Saved cleaned page: scraper/raw_html\js__js_syntax.json
2026-03-31 16:44:18 | DEBUG | Starting new HTTPS connection (1): www.w3schools.com:443
2026-03-31 16:44:19 | DEBUG | https://www.w3schools.com:443 "GET /js/js_statements.asp HTTP/1.1" 200 44106
2026-03-31 16:44:19 | DEBUG | Saved cleaned page: scraper/raw_html\js__js_statements.json
2026-03-31 16:44:20 | DEBUG | Starting new HTTPS connection (1): www.w3schools.com:443
2026-03-31 16:44:21 | DEBUG | https://www.w3schools.com:443 "GET /js/js_comments.asp HTTP/1.1" 200 43278
2026-03-31 16:44:21 | DEBUG | Saved cleaned page: scraper/raw_html\js__js_comments.json
2026-03-31 16:44:22 | DEBUG | Starting new HTTPS connection (1): www.w3schools.com:443
2026-03-31 16:44:22 | DEBUG | https://www.w3schools.com:443 "GET /js/js_variables.asp HTTP/1.1" 200 45030
2026-03-31 16:44:22 | DEBUG | Saved cleaned page: scraper/raw_html\js__js_variables.json
2026-03-31 16:44:23 | DEBUG | Starting new HTTPS connection (1): www.w3schools.com:443
2026-03-31 16:44:24 | DEBUG | https://www.w3schools.com:443 "GET /js/js_let.asp HTTP/1.1" 200 44329
2026-03-31 16:44:24 | DEBUG | Saved cleaned page: scraper/raw_html\js__js_let.json
2026-03-31 16:44:25 | DEBUG | Starting new HTTPS connection (1): www.w3schools.com:443
2026-03-31 16:44:26 | DEBUG | https://www.w3schools.com:443 "GET /js/js_const.asp HTTP/1.1" 200 44436
2026-03-31 16:44:26 | DEBUG | Saved cleaned page: scraper/raw_html\js__js_const.json
2026-03-31 16:44:27 | DEBUG | Starting new HTTPS connection (1): www.w3schools.com:443
2026-03-31 16:44:28 | DEBUG | https://www.w3schools.com:443 "GET /js/js_types.asp HTTP/1.1" 200 44149
2026-03-31 16:44:28 | DEBUG | Saved cleaned page: scraper/raw_html\js__js_types.json
2026-03-31 16:44:29 | DEBUG | Starting new HTTPS connection (1): www.w3schools.com:443
2026-03-31 16:44:29 | DEBUG | https://www.w3schools.com:443 "GET /js/js_operators.asp HTTP/1.1" 200 43906
2026-03-31 16:44:30 | DEBUG | Saved cleaned page: scraper/raw_html\js__js_operators.json
2026-03-31 16:44:31 | DEBUG | Starting new HTTPS connection (1): www.w3schools.com:443
2026-03-31 16:44:33 | DEBUG | https://www.w3schools.com:443 "GET /js/js_arithmetic.asp HTTP/1.1" 200 43636
2026-03-31 16:44:33 | DEBUG | Saved cleaned page: scraper/raw_html\js__js_arithmetic.json
2026-03-31 16:44:34 | DEBUG | Starting new HTTPS connection (1): www.w3schools.com:443
2026-03-31 16:44:35 | DEBUG | https://www.w3schools.com:443 "GET /js/js_assignment.asp HTTP/1.1" 200 43976
2026-03-31 16:44:35 | DEBUG | Saved cleaned page: scraper/raw_html\js__js_assignment.json
2026-03-31 16:44:37 | DEBUG | Starting new HTTPS connection (1): www.w3schools.com:443
2026-03-31 16:44:39 | DEBUG | https://www.w3schools.com:443 "GET /js/js_comparisons.asp HTTP/1.1" 200 43636
2026-03-31 16:44:39 | DEBUG | Saved cleaned page: scraper/raw_html\js__js_comparisons.json
2026-03-31 16:44:40 | DEBUG | Starting new HTTPS connection (1): www.w3schools.com:443
2026-03-31 16:44:42 | DEBUG | https://www.w3schools.com:443 "GET /js/js_conditionals.asp HTTP/1.1" 200 42802
2026-03-31 16:44:42 | DEBUG | Saved cleaned page: scraper/raw_html\js__js_conditionals.json
2026-03-31 16:44:43 | DEBUG | Starting new HTTPS connection (1): www.w3schools.com:443
2026-03-31 16:44:45 | DEBUG | https://www.w3schools.com:443 "GET /js/js_if.asp HTTP/1.1" 200 42887
2026-03-31 16:44:45 | DEBUG | Saved cleaned page: scraper/raw_html\js__js_if.json
2026-03-31 16:44:46 | DEBUG | Starting new HTTPS connection (1): www.w3schools.com:443
2026-03-31 16:44:48 | DEBUG | https://www.w3schools.com:443 "GET /js/js_if_else.asp HTTP/1.1" 200 42874
2026-03-31 16:44:48 | DEBUG | Saved cleaned page: scraper/raw_html\js__js_if_else.json
2026-03-31 16:44:49 | DEBUG | Starting new HTTPS connection (1): www.w3schools.com:443
2026-03-31 16:44:51 | DEBUG | https://www.w3schools.com:443 "GET /js/js_if_ternary.asp HTTP/1.1" 200 43004
2026-03-31 16:44:51 | DEBUG | Saved cleaned page: scraper/raw_html\js__js_if_ternary.json
2026-03-31 16:44:53 | DEBUG | Starting new HTTPS connection (1): www.w3schools.com:443
2026-03-31 16:44:54 | DEBUG | https://www.w3schools.com:443 "GET /js/js_switch.asp HTTP/1.1" 200 44038
2026-03-31 16:44:55 | DEBUG | Saved cleaned page: scraper/raw_html\js__js_switch.json
2026-03-31 16:44:56 | DEBUG | Starting new HTTPS connection (1): www.w3schools.com:443
2026-03-31 16:44:56 | DEBUG | https://www.w3schools.com:443 "GET /js/js_booleans.asp HTTP/1.1" 200 44184
2026-03-31 16:44:57 | DEBUG | Saved cleaned page: scraper/raw_html\js__js_booleans.json
2026-03-31 16:44:58 | DEBUG | Starting new HTTPS connection (1): www.w3schools.com:443
2026-03-31 16:44:58 | DEBUG | https://www.w3schools.com:443 "GET /js/js_logical.asp HTTP/1.1" 200 43526
2026-03-31 16:44:58 | DEBUG | Saved cleaned page: scraper/raw_html\js__js_logical.json
2026-03-31 16:44:59 | DEBUG | Starting new HTTPS connection (1): www.w3schools.com:443
2026-03-31 16:45:00 | DEBUG | https://www.w3schools.com:443 "GET /js/js_loops.asp HTTP/1.1" 200 43510
2026-03-31 16:45:00 | DEBUG | Saved cleaned page: scraper/raw_html\js__js_loops.json
2026-03-31 16:45:01 | DEBUG | Starting new HTTPS connection (1): www.w3schools.com:443
2026-03-31 16:45:02 | DEBUG | https://www.w3schools.com:443 "GET /js/js_loop_for.asp HTTP/1.1" 200 43532
2026-03-31 16:45:02 | DEBUG | Saved cleaned page: scraper/raw_html\js__js_loop_for.json
2026-03-31 16:45:03 | DEBUG | Starting new HTTPS connection (1): www.w3schools.com:443
2026-03-31 16:45:04 | DEBUG | https://www.w3schools.com:443 "GET /js/js_loop_while.asp HTTP/1.1" 200 43074
2026-03-31 16:45:04 | DEBUG | Saved cleaned page: scraper/raw_html\js__js_loop_while.json
2026-03-31 16:45:05 | DEBUG | Starting new HTTPS connection (1): www.w3schools.com:443
2026-03-31 16:45:06 | DEBUG | https://www.w3schools.com:443 "GET /js/js_break.asp HTTP/1.1" 200 43757
2026-03-31 16:45:06 | DEBUG | Saved cleaned page: scraper/raw_html\js__js_break.json
2026-03-31 16:45:07 | DEBUG | Starting new HTTPS connection (1): www.w3schools.com:443
2026-03-31 16:45:07 | DEBUG | https://www.w3schools.com:443 "GET /js/js_continue.asp HTTP/1.1" 200 42861
2026-03-31 16:45:07 | DEBUG | Saved cleaned page: scraper/raw_html\js__js_continue.json
2026-03-31 16:45:08 | DEBUG | Starting new HTTPS connection (1): www.w3schools.com:443
2026-03-31 16:45:09 | DEBUG | https://www.w3schools.com:443 "GET /js/js_control_flow.asp HTTP/1.1" 200 43293
2026-03-31 16:45:09 | DEBUG | Saved cleaned page: scraper/raw_html\js__js_control_flow.json
2026-03-31 16:45:10 | DEBUG | Starting new HTTPS connection (1): www.w3schools.com:443
2026-03-31 16:45:11 | DEBUG | https://www.w3schools.com:443 "GET /js/js_strings.asp HTTP/1.1" 200 44217
2026-03-31 16:45:11 | DEBUG | Saved cleaned page: scraper/raw_html\js__js_strings.json
2026-03-31 16:45:12 | DEBUG | Starting new HTTPS connection (1): www.w3schools.com:443
2026-03-31 16:45:14 | DEBUG | https://www.w3schools.com:443 "GET /js/js_string_templates.asp HTTP/1.1" 200 43330
2026-03-31 16:45:14 | DEBUG | Saved cleaned page: scraper/raw_html\js__js_string_templates.json
2026-03-31 16:45:15 | DEBUG | Starting new HTTPS connection (1): www.w3schools.com:443
2026-03-31 16:45:17 | DEBUG | https://www.w3schools.com:443 "GET /js/js_string_methods.asp HTTP/1.1" 200 47551
2026-03-31 16:45:17 | DEBUG | Saved cleaned page: scraper/raw_html\js__js_string_methods.json
2026-03-31 16:45:19 | DEBUG | Starting new HTTPS connection (1): www.w3schools.com:443
2026-03-31 16:45:21 | DEBUG | https://www.w3schools.com:443 "GET /js/js_string_search.asp HTTP/1.1" 200 44369
2026-03-31 16:45:21 | DEBUG | Saved cleaned page: scraper/raw_html\js__js_string_search.json
2026-03-31 16:45:22 | DEBUG | Starting new HTTPS connection (1): www.w3schools.com:443
2026-03-31 16:45:23 | DEBUG | https://www.w3schools.com:443 "GET /js/js_numbers.asp HTTP/1.1" 200 45104
2026-03-31 16:45:23 | DEBUG | Saved cleaned page: scraper/raw_html\js__js_numbers.json
2026-03-31 16:45:25 | DEBUG | Starting new HTTPS connection (1): www.w3schools.com:443
2026-03-31 16:45:26 | DEBUG | https://www.w3schools.com:443 "GET /js/js_number_methods.asp HTTP/1.1" 200 44999
2026-03-31 16:45:26 | DEBUG | Saved cleaned page: scraper/raw_html\js__js_number_methods.json
2026-03-31 16:45:28 | DEBUG | Starting new HTTPS connection (1): www.w3schools.com:443
2026-03-31 16:45:29 | DEBUG | https://www.w3schools.com:443 "GET /js/js_number_properties.asp HTTP/1.1" 200 43563
2026-03-31 16:45:29 | DEBUG | Saved cleaned page: scraper/raw_html\js__js_number_properties.json
2026-03-31 16:45:30 | DEBUG | Starting new HTTPS connection (1): www.w3schools.com:443
2026-03-31 16:45:31 | DEBUG | https://www.w3schools.com:443 "GET /js/js_bitwise.asp HTTP/1.1" 200 44651
2026-03-31 16:45:32 | DEBUG | Saved cleaned page: scraper/raw_html\js__js_bitwise.json
2026-03-31 16:45:33 | DEBUG | Starting new HTTPS connection (1): www.w3schools.com:443
2026-03-31 16:45:34 | DEBUG | https://www.w3schools.com:443 "GET /js/js_bigint.asp HTTP/1.1" 200 45295
2026-03-31 16:45:34 | DEBUG | Saved cleaned page: scraper/raw_html\js__js_bigint.json
2026-03-31 16:45:35 | DEBUG | Starting new HTTPS connection (1): www.w3schools.com:443
2026-03-31 16:45:36 | DEBUG | https://www.w3schools.com:443 "GET /js/js_functions.asp HTTP/1.1" 200 43413
2026-03-31 16:45:36 | DEBUG | Saved cleaned page: scraper/raw_html\js__js_functions.json
2026-03-31 16:45:37 | DEBUG | Starting new HTTPS connection (1): www.w3schools.com:443
2026-03-31 16:45:38 | DEBUG | https://www.w3schools.com:443 "GET /js/js_function_intro.asp HTTP/1.1" 200 44086
2026-03-31 16:45:38 | DEBUG | Saved cleaned page: scraper/raw_html\js__js_function_intro.json
2026-03-31 16:45:39 | DEBUG | Starting new HTTPS connection (1): www.w3schools.com:443
2026-03-31 16:45:41 | DEBUG | https://www.w3schools.com:443 "GET /js/js_function_invocation.asp HTTP/1.1" 200 43765
2026-03-31 16:45:41 | DEBUG | Saved cleaned page: scraper/raw_html\js__js_function_invocation.json
2026-03-31 16:45:42 | DEBUG | Starting new HTTPS connection (1): www.w3schools.com:443
2026-03-31 16:45:43 | DEBUG | https://www.w3schools.com:443 "GET /js/js_function_parameters.asp HTTP/1.1" 200 43167
2026-03-31 16:45:43 | DEBUG | Saved cleaned page: scraper/raw_html\js__js_function_parameters.json
2026-03-31 16:45:44 | DEBUG | Starting new HTTPS connection (1): www.w3schools.com:443
2026-03-31 16:45:45 | DEBUG | https://www.w3schools.com:443 "GET /js/js_function_return.asp HTTP/1.1" 200 43502
2026-03-31 16:45:45 | DEBUG | Saved cleaned page: scraper/raw_html\js__js_function_return.json
2026-03-31 16:45:46 | DEBUG | Starting new HTTPS connection (1): www.w3schools.com:443
2026-03-31 16:45:47 | DEBUG | https://www.w3schools.com:443 "GET /js/js_function_arguments.asp HTTP/1.1" 200 44298
2026-03-31 16:45:47 | DEBUG | Saved cleaned page: scraper/raw_html\js__js_function_arguments.json
2026-03-31 16:45:48 | DEBUG | Starting new HTTPS connection (1): www.w3schools.com:443
2026-03-31 16:45:49 | DEBUG | https://www.w3schools.com:443 "GET /js/js_function_expressions.asp HTTP/1.1" 200 44250
2026-03-31 16:45:49 | DEBUG | Saved cleaned page: scraper/raw_html\js__js_function_expressions.json
2026-03-31 16:45:50 | DEBUG | Starting new HTTPS connection (1): www.w3schools.com:443
2026-03-31 16:45:51 | DEBUG | https://www.w3schools.com:443 "GET /js/js_arrow_function.asp HTTP/1.1" 200 43935
2026-03-31 16:45:51 | DEBUG | Saved cleaned page: scraper/raw_html\js__js_arrow_function.json
2026-03-31 16:45:53 | DEBUG | Starting new HTTPS connection (1): www.w3schools.com:443
2026-03-31 16:45:53 | DEBUG | https://www.w3schools.com:443 "GET /js/js_objects.asp HTTP/1.1" 200 43205
2026-03-31 16:45:53 | DEBUG | Saved cleaned page: scraper/raw_html\js__js_objects.json
2026-03-31 16:45:55 | DEBUG | Starting new HTTPS connection (1): www.w3schools.com:443
2026-03-31 16:45:57 | DEBUG | https://www.w3schools.com:443 "GET /js/js_object_intro.asp HTTP/1.1" 200 44500
2026-03-31 16:45:57 | DEBUG | Saved cleaned page: scraper/raw_html\js__js_object_intro.json
2026-03-31 16:45:58 | DEBUG | Starting new HTTPS connection (1): www.w3schools.com:443
2026-03-31 16:46:00 | DEBUG | https://www.w3schools.com:443 "GET /js/js_object_properties.asp HTTP/1.1" 200 43746
2026-03-31 16:46:01 | DEBUG | Saved cleaned page: scraper/raw_html\js__js_object_properties.json
2026-03-31 16:46:02 | DEBUG | Starting new HTTPS connection (1): www.w3schools.com:443
2026-03-31 16:46:04 | DEBUG | https://www.w3schools.com:443 "GET /js/js_object_methods.asp HTTP/1.1" 200 43534
2026-03-31 16:46:04 | DEBUG | Saved cleaned page: scraper/raw_html\js__js_object_methods.json
2026-03-31 16:46:05 | DEBUG | Starting new HTTPS connection (1): www.w3schools.com:443
2026-03-31 16:46:06 | DEBUG | https://www.w3schools.com:443 "GET /js/js_object_this.asp HTTP/1.1" 200 43158
2026-03-31 16:46:06 | DEBUG | Saved cleaned page: scraper/raw_html\js__js_object_this.json
2026-03-31 16:46:07 | DEBUG | Starting new HTTPS connection (1): www.w3schools.com:443
2026-03-31 16:46:09 | DEBUG | https://www.w3schools.com:443 "GET /js/js_object_display.asp HTTP/1.1" 200 43464
2026-03-31 16:46:09 | DEBUG | Saved cleaned page: scraper/raw_html\js__js_object_display.json
2026-03-31 16:46:10 | DEBUG | Starting new HTTPS connection (1): www.w3schools.com:443
2026-03-31 16:46:11 | DEBUG | https://www.w3schools.com:443 "GET /js/js_object_constructors.asp HTTP/1.1" 200 43959
2026-03-31 16:46:11 | DEBUG | Saved cleaned page: scraper/raw_html\js__js_object_constructors.json
2026-03-31 16:46:12 | DEBUG | Starting new HTTPS connection (1): www.w3schools.com:443
2026-03-31 16:46:15 | DEBUG | https://www.w3schools.com:443 "GET /js/js_scope.asp HTTP/1.1" 200 43950
2026-03-31 16:46:15 | DEBUG | Saved cleaned page: scraper/raw_html\js__js_scope.json
2026-03-31 16:46:16 | DEBUG | Starting new HTTPS connection (1): www.w3schools.com:443
2026-03-31 16:46:17 | DEBUG | https://www.w3schools.com:443 "GET /js/js_codeblocks.asp HTTP/1.1" 200 43189
2026-03-31 16:46:17 | DEBUG | Saved cleaned page: scraper/raw_html\js__js_codeblocks.json
2026-03-31 16:46:18 | DEBUG | Starting new HTTPS connection (1): www.w3schools.com:443
2026-03-31 16:46:19 | DEBUG | https://www.w3schools.com:443 "GET /js/js_hoisting.asp HTTP/1.1" 200 43589
2026-03-31 16:46:19 | DEBUG | Saved cleaned page: scraper/raw_html\js__js_hoisting.json
2026-03-31 16:46:20 | DEBUG | Starting new HTTPS connection (1): www.w3schools.com:443
2026-03-31 16:46:21 | DEBUG | https://www.w3schools.com:443 "GET /js/js_strict.asp HTTP/1.1" 200 44416
2026-03-31 16:46:21 | DEBUG | Saved cleaned page: scraper/raw_html\js__js_strict.json
2026-03-31 16:46:22 | DEBUG | Starting new HTTPS connection (1): www.w3schools.com:443
2026-03-31 16:46:23 | DEBUG | https://www.w3schools.com:443 "GET /js/js_dates.asp HTTP/1.1" 200 44428
2026-03-31 16:46:23 | DEBUG | Saved cleaned page: scraper/raw_html\js__js_dates.json
2026-03-31 16:46:24 | DEBUG | Starting new HTTPS connection (1): www.w3schools.com:443
2026-03-31 16:46:25 | DEBUG | https://www.w3schools.com:443 "GET /js/js_date_formats.asp HTTP/1.1" 200 44065
2026-03-31 16:46:25 | DEBUG | Saved cleaned page: scraper/raw_html\js__js_date_formats.json
2026-03-31 16:46:26 | DEBUG | Starting new HTTPS connection (1): www.w3schools.com:443
2026-03-31 16:46:27 | DEBUG | https://www.w3schools.com:443 "GET /js/js_date_methods.asp HTTP/1.1" 200 44585
2026-03-31 16:46:27 | DEBUG | Saved cleaned page: scraper/raw_html\js__js_date_methods.json
2026-03-31 16:46:28 | DEBUG | Starting new HTTPS connection (1): www.w3schools.com:443
2026-03-31 16:46:28 | DEBUG | https://www.w3schools.com:443 "GET /js/js_date_methods_set.asp HTTP/1.1" 200 43344
2026-03-31 16:46:28 | DEBUG | Saved cleaned page: scraper/raw_html\js__js_date_methods_set.json
2026-03-31 16:46:29 | DEBUG | Starting new HTTPS connection (1): www.w3schools.com:443
2026-03-31 16:46:30 | DEBUG | https://www.w3schools.com:443 "GET /js/js_temporal.asp HTTP/1.1" 200 44201
2026-03-31 16:46:30 | DEBUG | Saved cleaned page: scraper/raw_html\js__js_temporal.json
2026-03-31 16:46:31 | DEBUG | Starting new HTTPS connection (1): www.w3schools.com:443
2026-03-31 16:46:32 | DEBUG | https://www.w3schools.com:443 "GET /js/js_temporal_intro.asp HTTP/1.1" 200 44913
2026-03-31 16:46:32 | DEBUG | Saved cleaned page: scraper/raw_html\js__js_temporal_intro.json
2026-03-31 16:46:33 | DEBUG | Starting new HTTPS connection (1): www.w3schools.com:443
2026-03-31 16:46:34 | DEBUG | https://www.w3schools.com:443 "GET /js/js_temporal_vs_date.asp HTTP/1.1" 200 45281
2026-03-31 16:46:34 | DEBUG | Saved cleaned page: scraper/raw_html\js__js_temporal_vs_date.json
2026-03-31 16:46:35 | DEBUG | Starting new HTTPS connection (1): www.w3schools.com:443
2026-03-31 16:46:36 | DEBUG | https://www.w3schools.com:443 "GET /js/js_temporal_duration.asp HTTP/1.1" 200 45398
2026-03-31 16:46:36 | DEBUG | Saved cleaned page: scraper/raw_html\js__js_temporal_duration.json
2026-03-31 16:46:37 | DEBUG | Starting new HTTPS connection (1): www.w3schools.com:443
2026-03-31 16:46:38 | DEBUG | https://www.w3schools.com:443 "GET /js/js_temporal_instant.asp HTTP/1.1" 200 44631
2026-03-31 16:46:38 | DEBUG | Saved cleaned page: scraper/raw_html\js__js_temporal_instant.json
2026-03-31 16:46:39 | DEBUG | Starting new HTTPS connection (1): www.w3schools.com:443
2026-03-31 16:46:39 | DEBUG | https://www.w3schools.com:443 "GET /js/js_temporal_plaindatetime.asp HTTP/1.1" 200 44299
2026-03-31 16:46:40 | DEBUG | Saved cleaned page: scraper/raw_html\js__js_temporal_plaindatetime.json
2026-03-31 16:46:41 | DEBUG | Starting new HTTPS connection (1): www.w3schools.com:443
2026-03-31 16:46:41 | DEBUG | https://www.w3schools.com:443 "GET /js/js_temporal_plain.asp HTTP/1.1" 200 45396
2026-03-31 16:46:42 | DEBUG | Saved cleaned page: scraper/raw_html\js__js_temporal_plain.json
2026-03-31 16:46:43 | DEBUG | Starting new HTTPS connection (1): www.w3schools.com:443
2026-03-31 16:46:44 | DEBUG | https://www.w3schools.com:443 "GET /js/js_temporal_plainyearmonth.asp HTTP/1.1" 200 43185
2026-03-31 16:46:44 | DEBUG | Saved cleaned page: scraper/raw_html\js__js_temporal_plainyearmonth.json
2026-03-31 16:46:46 | DEBUG | Starting new HTTPS connection (1): www.w3schools.com:443
2026-03-31 16:46:46 | DEBUG | https://www.w3schools.com:443 "GET /js/js_temporal_plainmonthday.asp HTTP/1.1" 200 43032
2026-03-31 16:46:46 | DEBUG | Saved cleaned page: scraper/raw_html\js__js_temporal_plainmonthday.json
2026-03-31 16:46:47 | DEBUG | Starting new HTTPS connection (1): www.w3schools.com:443
2026-03-31 16:46:49 | DEBUG | https://www.w3schools.com:443 "GET /js/js_temporal_plaintime.asp HTTP/1.1" 200 44264
2026-03-31 16:46:49 | DEBUG | Saved cleaned page: scraper/raw_html\js__js_temporal_plaintime.json
2026-03-31 16:46:50 | DEBUG | Starting new HTTPS connection (1): www.w3schools.com:443
2026-03-31 16:46:51 | DEBUG | https://www.w3schools.com:443 "GET /js/js_temporal_zoneddatetime.asp HTTP/1.1" 200 45592
2026-03-31 16:46:51 | DEBUG | Saved cleaned page: scraper/raw_html\js__js_temporal_zoneddatetime.json
2026-03-31 16:46:52 | DEBUG | Starting new HTTPS connection (1): www.w3schools.com:443
2026-03-31 16:46:53 | DEBUG | https://www.w3schools.com:443 "GET /js/js_temporal_now.asp HTTP/1.1" 200 43473
2026-03-31 16:46:54 | DEBUG | Saved cleaned page: scraper/raw_html\js__js_temporal_now.json
2026-03-31 16:46:55 | DEBUG | Starting new HTTPS connection (1): www.w3schools.com:443
2026-03-31 16:46:55 | DEBUG | https://www.w3schools.com:443 "GET /js/js_temporal_arithmetic.asp HTTP/1.1" 200 45006
2026-03-31 16:46:56 | DEBUG | Saved cleaned page: scraper/raw_html\js__js_temporal_arithmetic.json
2026-03-31 16:46:57 | DEBUG | Starting new HTTPS connection (1): www.w3schools.com:443
2026-03-31 16:46:58 | DEBUG | https://www.w3schools.com:443 "GET /js/js_temporal_formats.asp HTTP/1.1" 200 44812
2026-03-31 16:46:59 | DEBUG | Saved cleaned page: scraper/raw_html\js__js_temporal_formats.json
2026-03-31 16:47:00 | DEBUG | Starting new HTTPS connection (1): www.w3schools.com:443
2026-03-31 16:47:01 | DEBUG | https://www.w3schools.com:443 "GET /js/js_temporal_mistakes.asp HTTP/1.1" 200 43125
2026-03-31 16:47:02 | DEBUG | Saved cleaned page: scraper/raw_html\js__js_temporal_mistakes.json
2026-03-31 16:47:03 | DEBUG | Starting new HTTPS connection (1): www.w3schools.com:443
2026-03-31 16:47:03 | DEBUG | https://www.w3schools.com:443 "GET /js/js_temporal_migrate.asp HTTP/1.1" 200 43455
2026-03-31 16:47:03 | DEBUG | Saved cleaned page: scraper/raw_html\js__js_temporal_migrate.json
2026-03-31 16:47:05 | DEBUG | Starting new HTTPS connection (1): www.w3schools.com:443
2026-03-31 16:47:05 | DEBUG | https://www.w3schools.com:443 "GET /js/js_arrays.asp HTTP/1.1" 200 46285
2026-03-31 16:47:05 | DEBUG | Saved cleaned page: scraper/raw_html\js__js_arrays.json
2026-03-31 16:47:06 | DEBUG | Starting new HTTPS connection (1): www.w3schools.com:443
2026-03-31 16:47:07 | DEBUG | https://www.w3schools.com:443 "GET /js/js_array_methods.asp HTTP/1.1" 200 46610
2026-03-31 16:47:07 | DEBUG | Saved cleaned page: scraper/raw_html\js__js_array_methods.json
2026-03-31 16:47:08 | DEBUG | Starting new HTTPS connection (1): www.w3schools.com:443
2026-03-31 16:47:09 | DEBUG | https://www.w3schools.com:443 "GET /js/js_array_search.asp HTTP/1.1" 200 44420
2026-03-31 16:47:09 | DEBUG | Saved cleaned page: scraper/raw_html\js__js_array_search.json
2026-03-31 16:47:10 | DEBUG | Starting new HTTPS connection (1): www.w3schools.com:443
2026-03-31 16:47:11 | DEBUG | https://www.w3schools.com:443 "GET /js/js_array_sort.asp HTTP/1.1" 200 45762
2026-03-31 16:47:11 | DEBUG | Saved cleaned page: scraper/raw_html\js__js_array_sort.json
2026-03-31 16:47:12 | DEBUG | Starting new HTTPS connection (1): www.w3schools.com:443
2026-03-31 16:47:13 | DEBUG | https://www.w3schools.com:443 "GET /js/js_array_iteration.asp HTTP/1.1" 200 45783
2026-03-31 16:47:14 | DEBUG | Saved cleaned page: scraper/raw_html\js__js_array_iteration.json
2026-03-31 16:47:15 | DEBUG | Starting new HTTPS connection (1): www.w3schools.com:443
2026-03-31 16:47:16 | DEBUG | https://www.w3schools.com:443 "GET /js/js_array_const.asp HTTP/1.1" 200 43490
2026-03-31 16:47:16 | DEBUG | Saved cleaned page: scraper/raw_html\js__js_array_const.json
2026-03-31 16:47:17 | DEBUG | Starting new HTTPS connection (1): www.w3schools.com:443
2026-03-31 16:47:18 | DEBUG | https://www.w3schools.com:443 "GET /js/js_sets.asp HTTP/1.1" 200 43322
2026-03-31 16:47:18 | DEBUG | Saved cleaned page: scraper/raw_html\js__js_sets.json
2026-03-31 16:47:20 | DEBUG | Starting new HTTPS connection (1): www.w3schools.com:443
2026-03-31 16:47:20 | DEBUG | https://www.w3schools.com:443 "GET /js/js_set_methods.asp HTTP/1.1" 200 43609
2026-03-31 16:47:20 | DEBUG | Saved cleaned page: scraper/raw_html\js__js_set_methods.json
2026-03-31 16:47:22 | DEBUG | Starting new HTTPS connection (1): www.w3schools.com:443
2026-03-31 16:47:22 | DEBUG | https://www.w3schools.com:443 "GET /js/js_set_logic.asp HTTP/1.1" 200 43458
2026-03-31 16:47:23 | DEBUG | Saved cleaned page: scraper/raw_html\js__js_set_logic.json
2026-03-31 16:47:24 | DEBUG | Starting new HTTPS connection (1): www.w3schools.com:443
2026-03-31 16:47:25 | DEBUG | https://www.w3schools.com:443 "GET /js/js_sets_weak.asp HTTP/1.1" 200 44203
2026-03-31 16:47:25 | DEBUG | Saved cleaned page: scraper/raw_html\js__js_sets_weak.json
2026-03-31 16:47:26 | DEBUG | Starting new HTTPS connection (1): www.w3schools.com:443
2026-03-31 16:47:27 | DEBUG | https://www.w3schools.com:443 "GET /js/js_maps.asp HTTP/1.1" 200 43827
2026-03-31 16:47:27 | DEBUG | Saved cleaned page: scraper/raw_html\js__js_maps.json
2026-03-31 16:47:28 | DEBUG | Starting new HTTPS connection (1): www.w3schools.com:443
2026-03-31 16:47:29 | DEBUG | https://www.w3schools.com:443 "GET /js/js_map_methods.asp HTTP/1.1" 200 44016
2026-03-31 16:47:29 | DEBUG | Saved cleaned page: scraper/raw_html\js__js_map_methods.json
2026-03-31 16:47:31 | DEBUG | Starting new HTTPS connection (1): www.w3schools.com:443
2026-03-31 16:47:31 | DEBUG | https://www.w3schools.com:443 "GET /js/js_maps_weak.asp HTTP/1.1" 200 44411
2026-03-31 16:47:32 | DEBUG | Saved cleaned page: scraper/raw_html\js__js_maps_weak.json
2026-03-31 16:47:33 | DEBUG | Starting new HTTPS connection (1): www.w3schools.com:443
2026-03-31 16:47:33 | DEBUG | https://www.w3schools.com:443 "GET /js/js_looping.asp HTTP/1.1" 200 43791
2026-03-31 16:47:33 | DEBUG | Saved cleaned page: scraper/raw_html\js__js_looping.json
2026-03-31 16:47:35 | DEBUG | Starting new HTTPS connection (1): www.w3schools.com:443
2026-03-31 16:47:35 | DEBUG | https://www.w3schools.com:443 "GET /js/js_iterables.asp HTTP/1.1" 200 43859
2026-03-31 16:47:36 | DEBUG | Saved cleaned page: scraper/raw_html\js__js_iterables.json
2026-03-31 16:47:37 | DEBUG | Starting new HTTPS connection (1): www.w3schools.com:443
2026-03-31 16:47:37 | DEBUG | https://www.w3schools.com:443 "GET /js/js_iterators.asp HTTP/1.1" 200 44301
2026-03-31 16:47:38 | DEBUG | Saved cleaned page: scraper/raw_html\js__js_iterators.json
2026-03-31 16:47:39 | DEBUG | Starting new HTTPS connection (1): www.w3schools.com:443
2026-03-31 16:47:40 | DEBUG | https://www.w3schools.com:443 "GET /js/js_generators.asp HTTP/1.1" 200 43471
2026-03-31 16:47:40 | DEBUG | Saved cleaned page: scraper/raw_html\js__js_generators.json
2026-03-31 16:47:41 | DEBUG | Starting new HTTPS connection (1): www.w3schools.com:443
2026-03-31 16:47:43 | DEBUG | https://www.w3schools.com:443 "GET /js/js_math.asp HTTP/1.1" 200 43981
2026-03-31 16:47:43 | DEBUG | Saved cleaned page: scraper/raw_html\js__js_math.json
2026-03-31 16:47:44 | DEBUG | Starting new HTTPS connection (1): www.w3schools.com:443
2026-03-31 16:47:47 | DEBUG | https://www.w3schools.com:443 "GET /js/js_random.asp HTTP/1.1" 200 43280
2026-03-31 16:47:47 | DEBUG | Saved cleaned page: scraper/raw_html\js__js_random.json
2026-03-31 16:47:48 | DEBUG | Starting new HTTPS connection (1): www.w3schools.com:443
2026-03-31 16:47:50 | DEBUG | https://www.w3schools.com:443 "GET /js/js_regexp.asp HTTP/1.1" 200 44718
2026-03-31 16:47:50 | DEBUG | Saved cleaned page: scraper/raw_html\js__js_regexp.json
2026-03-31 16:47:51 | DEBUG | Starting new HTTPS connection (1): www.w3schools.com:443
2026-03-31 16:47:53 | DEBUG | https://www.w3schools.com:443 "GET /js/js_regexp_flags.asp HTTP/1.1" 200 45073
2026-03-31 16:47:53 | DEBUG | Saved cleaned page: scraper/raw_html\js__js_regexp_flags.json
2026-03-31 16:47:54 | DEBUG | Starting new HTTPS connection (1): www.w3schools.com:443
2026-03-31 16:47:55 | DEBUG | https://www.w3schools.com:443 "GET /js/js_regexp_characters.asp HTTP/1.1" 200 43258
2026-03-31 16:47:55 | DEBUG | Saved cleaned page: scraper/raw_html\js__js_regexp_characters.json
2026-03-31 16:47:56 | DEBUG | Starting new HTTPS connection (1): www.w3schools.com:443
2026-03-31 16:47:57 | DEBUG | https://www.w3schools.com:443 "GET /js/js_regexp_meta_characters.asp HTTP/1.1" 200 43532
2026-03-31 16:47:57 | DEBUG | Saved cleaned page: scraper/raw_html\js__js_regexp_meta_characters.json
2026-03-31 16:47:58 | DEBUG | Starting new HTTPS connection (1): www.w3schools.com:443
2026-03-31 16:47:59 | DEBUG | https://www.w3schools.com:443 "GET /js/js_regexp_assertions.asp HTTP/1.1" 200 44389
2026-03-31 16:48:00 | DEBUG | Saved cleaned page: scraper/raw_html\js__js_regexp_assertions.json
2026-03-31 16:48:01 | DEBUG | Starting new HTTPS connection (1): www.w3schools.com:443
2026-03-31 16:48:01 | DEBUG | https://www.w3schools.com:443 "GET /js/js_regexp_quantifiers.asp HTTP/1.1" 200 43357
2026-03-31 16:48:02 | DEBUG | Saved cleaned page: scraper/raw_html\js__js_regexp_quantifiers.json
2026-03-31 16:48:03 | DEBUG | Starting new HTTPS connection (1): www.w3schools.com:443
2026-03-31 16:48:04 | DEBUG | https://www.w3schools.com:443 "GET /js/js_regexp_patterns.asp HTTP/1.1" 200 43781
2026-03-31 16:48:04 | DEBUG | Saved cleaned page: scraper/raw_html\js__js_regexp_patterns.json
2026-03-31 16:48:05 | DEBUG | Starting new HTTPS connection (1): www.w3schools.com:443
2026-03-31 16:48:06 | DEBUG | https://www.w3schools.com:443 "GET /js/js_regexp_objects.asp HTTP/1.1" 200 43473
2026-03-31 16:48:06 | DEBUG | Saved cleaned page: scraper/raw_html\js__js_regexp_objects.json
2026-03-31 16:48:07 | DEBUG | Starting new HTTPS connection (1): www.w3schools.com:443
2026-03-31 16:48:08 | DEBUG | https://www.w3schools.com:443 "GET /js/js_regexp_methods.asp HTTP/1.1" 200 43094
2026-03-31 16:48:08 | DEBUG | Saved cleaned page: scraper/raw_html\js__js_regexp_methods.json
2026-03-31 16:48:09 | DEBUG | Starting new HTTPS connection (1): www.w3schools.com:443
2026-03-31 16:48:10 | DEBUG | https://www.w3schools.com:443 "GET /js/js_datatypes.asp HTTP/1.1" 200 44237
2026-03-31 16:48:10 | DEBUG | Saved cleaned page: scraper/raw_html\js__js_datatypes.json
2026-03-31 16:48:12 | DEBUG | Starting new HTTPS connection (1): www.w3schools.com:443
2026-03-31 16:48:13 | DEBUG | https://www.w3schools.com:443 "GET /js/js_datatypes_primitives.asp HTTP/1.1" 200 44316
2026-03-31 16:48:13 | DEBUG | Saved cleaned page: scraper/raw_html\js__js_datatypes_primitives.json
2026-03-31 16:48:14 | DEBUG | Starting new HTTPS connection (1): www.w3schools.com:443
2026-03-31 16:48:15 | DEBUG | https://www.w3schools.com:443 "GET /js/js_datatypes_objects.asp HTTP/1.1" 200 43767
2026-03-31 16:48:16 | DEBUG | Saved cleaned page: scraper/raw_html\js__js_datatypes_objects.json
2026-03-31 16:48:17 | DEBUG | Starting new HTTPS connection (1): www.w3schools.com:443
2026-03-31 16:48:18 | DEBUG | https://www.w3schools.com:443 "GET /js/js_typeof.asp HTTP/1.1" 200 44662
2026-03-31 16:48:18 | DEBUG | Saved cleaned page: scraper/raw_html\js__js_typeof.json
2026-03-31 16:48:19 | DEBUG | Starting new HTTPS connection (1): www.w3schools.com:443
2026-03-31 16:48:20 | DEBUG | https://www.w3schools.com:443 "GET /js/js_tostring.asp HTTP/1.1" 200 42931
2026-03-31 16:48:20 | DEBUG | Saved cleaned page: scraper/raw_html\js__js_tostring.json
2026-03-31 16:48:21 | DEBUG | Starting new HTTPS connection (1): www.w3schools.com:443
2026-03-31 16:48:22 | DEBUG | https://www.w3schools.com:443 "GET /js/js_type_conversion.asp HTTP/1.1" 200 44954
2026-03-31 16:48:22 | DEBUG | Saved cleaned page: scraper/raw_html\js__js_type_conversion.json
2026-03-31 16:48:23 | DEBUG | Starting new HTTPS connection (1): www.w3schools.com:443
2026-03-31 16:48:24 | DEBUG | https://www.w3schools.com:443 "GET /js/js_destructuring.asp HTTP/1.1" 200 43245
2026-03-31 16:48:25 | DEBUG | Saved cleaned page: scraper/raw_html\js__js_destructuring.json
2026-03-31 16:48:26 | DEBUG | Starting new HTTPS connection (1): www.w3schools.com:443
2026-03-31 16:48:27 | DEBUG | https://www.w3schools.com:443 "GET /js/js_errors_intro.asp HTTP/1.1" 200 44345
2026-03-31 16:48:28 | DEBUG | Saved cleaned page: scraper/raw_html\js__js_errors_intro.json
2026-03-31 16:48:29 | DEBUG | Starting new HTTPS connection (1): www.w3schools.com:443
2026-03-31 16:48:31 | DEBUG | https://www.w3schools.com:443 "GET /js/js_errors_silent.asp HTTP/1.1" 200 43026
2026-03-31 16:48:31 | DEBUG | Saved cleaned page: scraper/raw_html\js__js_errors_silent.json
2026-03-31 16:48:33 | DEBUG | Starting new HTTPS connection (1): www.w3schools.com:443
2026-03-31 16:48:35 | DEBUG | https://www.w3schools.com:443 "GET /js/js_errors.asp HTTP/1.1" 200 44021
2026-03-31 16:48:35 | DEBUG | Saved cleaned page: scraper/raw_html\js__js_errors.json
2026-03-31 16:48:37 | DEBUG | Starting new HTTPS connection (1): www.w3schools.com:443
2026-03-31 16:48:39 | DEBUG | https://www.w3schools.com:443 "GET /js/js_error_object.asp HTTP/1.1" 200 42976
2026-03-31 16:48:39 | DEBUG | Saved cleaned page: scraper/raw_html\js__js_error_object.json
2026-03-31 16:48:40 | DEBUG | Starting new HTTPS connection (1): www.w3schools.com:443
2026-03-31 16:48:42 | DEBUG | https://www.w3schools.com:443 "GET /js/js_debugging.asp HTTP/1.1" 200 44805
2026-03-31 16:48:43 | DEBUG | Saved cleaned page: scraper/raw_html\js__js_debugging.json
2026-03-31 16:48:44 | DEBUG | Starting new HTTPS connection (1): www.w3schools.com:443
2026-03-31 16:48:46 | DEBUG | https://www.w3schools.com:443 "GET /js/js_debugging_console.asp HTTP/1.1" 200 43391
2026-03-31 16:48:46 | DEBUG | Saved cleaned page: scraper/raw_html\js__js_debugging_console.json
2026-03-31 16:48:47 | DEBUG | Starting new HTTPS connection (1): www.w3schools.com:443
2026-03-31 16:48:50 | DEBUG | https://www.w3schools.com:443 "GET /js/js_debugging_breakpoints.asp HTTP/1.1" 200 43725
2026-03-31 16:48:50 | DEBUG | Saved cleaned page: scraper/raw_html\js__js_debugging_breakpoints.json
2026-03-31 16:48:51 | DEBUG | Starting new HTTPS connection (1): www.w3schools.com:443
2026-03-31 16:48:52 | DEBUG | https://www.w3schools.com:443 "GET /js/js_debugging_errors.asp HTTP/1.1" 200 43281
2026-03-31 16:48:53 | DEBUG | Saved cleaned page: scraper/raw_html\js__js_debugging_errors.json
2026-03-31 16:48:54 | DEBUG | Starting new HTTPS connection (1): www.w3schools.com:443
2026-03-31 16:48:55 | DEBUG | https://www.w3schools.com:443 "GET /js/js_debugging_async.asp HTTP/1.1" 200 43265
2026-03-31 16:48:55 | DEBUG | Saved cleaned page: scraper/raw_html\js__js_debugging_async.json
2026-03-31 16:48:56 | DEBUG | Starting new HTTPS connection (1): www.w3schools.com:443
2026-03-31 16:48:57 | DEBUG | https://www.w3schools.com:443 "GET /js/js_conventions.asp HTTP/1.1" 200 44985
2026-03-31 16:48:57 | DEBUG | Saved cleaned page: scraper/raw_html\js__js_conventions.json
2026-03-31 16:48:58 | DEBUG | Starting new HTTPS connection (1): www.w3schools.com:443
2026-03-31 16:48:59 | DEBUG | https://www.w3schools.com:443 "GET /js/js_best_practices.asp HTTP/1.1" 200 45080
2026-03-31 16:49:00 | DEBUG | Saved cleaned page: scraper/raw_html\js__js_best_practices.json
2026-03-31 16:49:01 | DEBUG | Starting new HTTPS connection (1): www.w3schools.com:443
2026-03-31 16:49:01 | DEBUG | https://www.w3schools.com:443 "GET /js/js_mistakes.asp HTTP/1.1" 200 45027
2026-03-31 16:49:02 | DEBUG | Saved cleaned page: scraper/raw_html\js__js_mistakes.json
2026-03-31 16:49:03 | DEBUG | Starting new HTTPS connection (1): www.w3schools.com:443
2026-03-31 16:49:04 | DEBUG | https://www.w3schools.com:443 "GET /js/js_performance.asp HTTP/1.1" 200 43469
2026-03-31 16:49:04 | DEBUG | Saved cleaned page: scraper/raw_html\js__js_performance.json
2026-03-31 16:49:05 | DEBUG | Starting new HTTPS connection (1): www.w3schools.com:443
2026-03-31 16:49:06 | DEBUG | https://www.w3schools.com:443 "GET /js/js_reserved.asp HTTP/1.1" 200 43709
2026-03-31 16:49:06 | DEBUG | Saved cleaned page: scraper/raw_html\js__js_reserved.json
2026-03-31 16:49:07 | DEBUG | Starting new HTTPS connection (1): www.w3schools.com:443
2026-03-31 16:49:08 | DEBUG | https://www.w3schools.com:443 "GET /js/js_precedence.asp HTTP/1.1" 200 44454
2026-03-31 16:49:08 | DEBUG | Saved cleaned page: scraper/raw_html\js__js_precedence.json
2026-03-31 16:49:09 | DEBUG | Starting new HTTPS connection (1): www.w3schools.com:443
2026-03-31 16:49:10 | DEBUG | https://www.w3schools.com:443 "GET /js/js_project_counter.asp HTTP/1.1" 200 43948
2026-03-31 16:49:10 | DEBUG | Saved cleaned page: scraper/raw_html\js__js_project_counter.json
2026-03-31 16:49:11 | DEBUG | Starting new HTTPS connection (1): www.w3schools.com:443
2026-03-31 16:49:13 | DEBUG | https://www.w3schools.com:443 "GET /js/js_project_eventlistener.asp HTTP/1.1" 200 43954
2026-03-31 16:49:13 | DEBUG | Saved cleaned page: scraper/raw_html\js__js_project_eventlistener.json
2026-03-31 16:49:14 | DEBUG | Starting new HTTPS connection (1): www.w3schools.com:443
2026-03-31 16:49:15 | DEBUG | https://www.w3schools.com:443 "GET /js/js_project_todo.asp HTTP/1.1" 200 44224
2026-03-31 16:49:15 | DEBUG | Saved cleaned page: scraper/raw_html\js__js_project_todo.json
2026-03-31 16:49:16 | DEBUG | Starting new HTTPS connection (1): www.w3schools.com:443
2026-03-31 16:49:17 | DEBUG | https://www.w3schools.com:443 "GET /js/js_project_modal_popup.asp HTTP/1.1" 200 44340
2026-03-31 16:49:17 | DEBUG | Saved cleaned page: scraper/raw_html\js__js_project_modal_popup.json
2026-03-31 16:49:18 | DEBUG | Starting new HTTPS connection (1): www.w3schools.com:443
2026-03-31 16:49:19 | DEBUG | https://www.w3schools.com:443 "GET /js/js_project_form_validation.asp HTTP/1.1" 200 44208
2026-03-31 16:49:19 | DEBUG | Saved cleaned page: scraper/raw_html\js__js_project_form_validation.json
2026-03-31 16:49:20 | DEBUG | Starting new HTTPS connection (1): www.w3schools.com:443
2026-03-31 16:49:21 | DEBUG | https://www.w3schools.com:443 "GET /js/js_2026.asp HTTP/1.1" 200 45196
2026-03-31 16:49:21 | DEBUG | Saved cleaned page: scraper/raw_html\js__js_2026.json
2026-03-31 16:49:22 | DEBUG | Starting new HTTPS connection (1): www.w3schools.com:443
2026-03-31 16:49:23 | DEBUG | https://www.w3schools.com:443 "GET /js/js_2025.asp HTTP/1.1" 200 46690
2026-03-31 16:49:23 | DEBUG | Saved cleaned page: scraper/raw_html\js__js_2025.json
2026-03-31 16:49:24 | DEBUG | Starting new HTTPS connection (1): www.w3schools.com:443
2026-03-31 16:49:25 | DEBUG | https://www.w3schools.com:443 "GET /js/js_2024.asp HTTP/1.1" 200 44239
2026-03-31 16:49:25 | DEBUG | Saved cleaned page: scraper/raw_html\js__js_2024.json
2026-03-31 16:49:26 | DEBUG | Starting new HTTPS connection (1): www.w3schools.com:443
2026-03-31 16:49:27 | DEBUG | https://www.w3schools.com:443 "GET /js/js_2023.asp HTTP/1.1" 200 43664
2026-03-31 16:49:27 | DEBUG | Saved cleaned page: scraper/raw_html\js__js_2023.json
2026-03-31 16:49:29 | DEBUG | Starting new HTTPS connection (1): www.w3schools.com:443
2026-03-31 16:49:29 | DEBUG | https://www.w3schools.com:443 "GET /js/js_2022.asp HTTP/1.1" 200 44387
2026-03-31 16:49:29 | DEBUG | Saved cleaned page: scraper/raw_html\js__js_2022.json
2026-03-31 16:49:31 | DEBUG | Starting new HTTPS connection (1): www.w3schools.com:443
2026-03-31 16:49:32 | DEBUG | https://www.w3schools.com:443 "GET /js/js_2021.asp HTTP/1.1" 200 43427
2026-03-31 16:49:33 | DEBUG | Saved cleaned page: scraper/raw_html\js__js_2021.json
2026-03-31 16:49:34 | DEBUG | Starting new HTTPS connection (1): www.w3schools.com:443
2026-03-31 16:49:35 | DEBUG | https://www.w3schools.com:443 "GET /js/js_2020.asp HTTP/1.1" 200 45844
2026-03-31 16:49:35 | DEBUG | Saved cleaned page: scraper/raw_html\js__js_2020.json
2026-03-31 16:49:36 | DEBUG | Starting new HTTPS connection (1): www.w3schools.com:443
2026-03-31 16:49:37 | DEBUG | https://www.w3schools.com:443 "GET /js/js_2019.asp HTTP/1.1" 200 44532
2026-03-31 16:49:37 | DEBUG | Saved cleaned page: scraper/raw_html\js__js_2019.json
2026-03-31 16:49:39 | DEBUG | Starting new HTTPS connection (1): www.w3schools.com:443
2026-03-31 16:49:41 | DEBUG | https://www.w3schools.com:443 "GET /js/js_2018.asp HTTP/1.1" 200 44576
2026-03-31 16:49:41 | DEBUG | Saved cleaned page: scraper/raw_html\js__js_2018.json
2026-03-31 16:49:42 | DEBUG | Starting new HTTPS connection (1): www.w3schools.com:443
2026-03-31 16:49:44 | DEBUG | https://www.w3schools.com:443 "GET /js/js_2017.asp HTTP/1.1" 200 44102
2026-03-31 16:49:44 | DEBUG | Saved cleaned page: scraper/raw_html\js__js_2017.json
2026-03-31 16:49:45 | DEBUG | Starting new HTTPS connection (1): www.w3schools.com:443
2026-03-31 16:49:47 | DEBUG | https://www.w3schools.com:443 "GET /js/js_2016.asp HTTP/1.1" 200 43061
2026-03-31 16:49:47 | DEBUG | Saved cleaned page: scraper/raw_html\js__js_2016.json
2026-03-31 16:49:49 | DEBUG | Starting new HTTPS connection (1): www.w3schools.com:443
2026-03-31 16:49:50 | DEBUG | https://www.w3schools.com:443 "GET /js/js_es6.asp HTTP/1.1" 200 50469
2026-03-31 16:49:50 | DEBUG | Saved cleaned page: scraper/raw_html\js__js_es6.json
2026-03-31 16:49:52 | DEBUG | Starting new HTTPS connection (1): www.w3schools.com:443
2026-03-31 16:49:53 | DEBUG | https://www.w3schools.com:443 "GET /js/js_es5.asp HTTP/1.1" 200 47723
2026-03-31 16:49:53 | DEBUG | Saved cleaned page: scraper/raw_html\js__js_es5.json
2026-03-31 16:49:54 | DEBUG | Starting new HTTPS connection (1): www.w3schools.com:443
2026-03-31 16:49:56 | DEBUG | https://www.w3schools.com:443 "GET /js/js_es3.asp HTTP/1.1" 200 43497
2026-03-31 16:49:57 | DEBUG | Saved cleaned page: scraper/raw_html\js__js_es3.json
2026-03-31 16:49:58 | DEBUG | Starting new HTTPS connection (1): www.w3schools.com:443
2026-03-31 16:50:00 | DEBUG | https://www.w3schools.com:443 "GET /js/js_versions.asp HTTP/1.1" 200 43645
2026-03-31 16:50:00 | DEBUG | Saved cleaned page: scraper/raw_html\js__js_versions.json
2026-03-31 16:50:01 | DEBUG | Starting new HTTPS connection (1): www.w3schools.com:443
2026-03-31 16:50:02 | DEBUG | https://www.w3schools.com:443 "GET /js/js_history.asp HTTP/1.1" 200 44582
2026-03-31 16:50:02 | DEBUG | Saved cleaned page: scraper/raw_html\js__js_history.json
2026-03-31 16:50:03 | DEBUG | Starting new HTTPS connection (1): www.w3schools.com:443
2026-03-31 16:50:05 | DEBUG | https://www.w3schools.com:443 "GET /js/js_htmldom.asp HTTP/1.1" 200 43296
2026-03-31 16:50:05 | DEBUG | Saved cleaned page: scraper/raw_html\js__js_htmldom.json
2026-03-31 16:50:06 | DEBUG | Starting new HTTPS connection (1): www.w3schools.com:443
2026-03-31 16:50:08 | DEBUG | https://www.w3schools.com:443 "GET /js/js_htmldom_methods.asp HTTP/1.1" 200 43668
2026-03-31 16:50:08 | DEBUG | Saved cleaned page: scraper/raw_html\js__js_htmldom_methods.json
2026-03-31 16:50:10 | DEBUG | Starting new HTTPS connection (1): www.w3schools.com:443
2026-03-31 16:50:12 | DEBUG | https://www.w3schools.com:443 "GET /js/js_htmldom_elements.asp HTTP/1.1" 200 43528
2026-03-31 16:50:12 | DEBUG | Saved cleaned page: scraper/raw_html\js__js_htmldom_elements.json
2026-03-31 16:50:13 | DEBUG | Starting new HTTPS connection (1): www.w3schools.com:443
2026-03-31 16:50:15 | DEBUG | https://www.w3schools.com:443 "GET /js/js_htmldom_html.asp HTTP/1.1" 200 43387
2026-03-31 16:50:15 | DEBUG | Saved cleaned page: scraper/raw_html\js__js_htmldom_html.json
2026-03-31 16:50:16 | DEBUG | Starting new HTTPS connection (1): www.w3schools.com:443
2026-03-31 16:50:18 | DEBUG | https://www.w3schools.com:443 "GET /js/js_htmldom_css.asp HTTP/1.1" 200 42991
2026-03-31 16:50:18 | DEBUG | Saved cleaned page: scraper/raw_html\js__js_htmldom_css.json
2026-03-31 16:50:19 | DEBUG | Starting new HTTPS connection (1): www.w3schools.com:443
2026-03-31 16:50:21 | DEBUG | https://www.w3schools.com:443 "GET /js/js_validation.asp HTTP/1.1" 200 43803
2026-03-31 16:50:21 | DEBUG | Saved cleaned page: scraper/raw_html\js__js_validation.json
2026-03-31 16:50:23 | DEBUG | Starting new HTTPS connection (1): www.w3schools.com:443
2026-03-31 16:50:24 | DEBUG | https://www.w3schools.com:443 "GET /js/js_htmldom_animate.asp HTTP/1.1" 200 43004
2026-03-31 16:50:25 | DEBUG | Saved cleaned page: scraper/raw_html\js__js_htmldom_animate.json
2026-03-31 16:50:26 | DEBUG | Starting new HTTPS connection (1): www.w3schools.com:443
2026-03-31 16:50:28 | DEBUG | https://www.w3schools.com:443 "GET /js/js_htmldom_document.asp HTTP/1.1" 200 43886
2026-03-31 16:50:28 | DEBUG | Saved cleaned page: scraper/raw_html\js__js_htmldom_document.json
2026-03-31 16:50:29 | DEBUG | Starting new HTTPS connection (1): www.w3schools.com:443
2026-03-31 16:50:31 | DEBUG | https://www.w3schools.com:443 "GET /js/js_events.asp HTTP/1.1" 200 44034
2026-03-31 16:50:31 | DEBUG | Saved cleaned page: scraper/raw_html\js__js_events.json
2026-03-31 16:50:32 | DEBUG | Starting new HTTPS connection (1): www.w3schools.com:443
2026-03-31 16:50:34 | DEBUG | https://www.w3schools.com:443 "GET /js/js_events_mouse.asp HTTP/1.1" 200 43396
2026-03-31 16:50:34 | DEBUG | Saved cleaned page: scraper/raw_html\js__js_events_mouse.json
2026-03-31 16:50:35 | DEBUG | Starting new HTTPS connection (1): www.w3schools.com:443
2026-03-31 16:50:37 | DEBUG | https://www.w3schools.com:443 "GET /js/js_events_keyboard.asp HTTP/1.1" 200 43166
2026-03-31 16:50:37 | DEBUG | Saved cleaned page: scraper/raw_html\js__js_events_keyboard.json
2026-03-31 16:50:38 | DEBUG | Starting new HTTPS connection (1): www.w3schools.com:443
2026-03-31 16:50:40 | DEBUG | https://www.w3schools.com:443 "GET /js/js_events_load.asp HTTP/1.1" 200 43173
2026-03-31 16:50:40 | DEBUG | Saved cleaned page: scraper/raw_html\js__js_events_load.json
2026-03-31 16:50:42 | DEBUG | Starting new HTTPS connection (1): www.w3schools.com:443
2026-03-31 16:50:44 | DEBUG | https://www.w3schools.com:443 "GET /js/js_events_timing.asp HTTP/1.1" 200 43596
2026-03-31 16:50:44 | DEBUG | Saved cleaned page: scraper/raw_html\js__js_events_timing.json
2026-03-31 16:50:45 | DEBUG | Starting new HTTPS connection (1): www.w3schools.com:443
2026-03-31 16:50:45 | DEBUG | https://www.w3schools.com:443 "GET /js/js_events_management.asp HTTP/1.1" 200 42737
2026-03-31 16:50:45 | DEBUG | Saved cleaned page: scraper/raw_html\js__js_events_management.json
2026-03-31 16:50:47 | DEBUG | Starting new HTTPS connection (1): www.w3schools.com:443
2026-03-31 16:50:47 | DEBUG | https://www.w3schools.com:443 "GET /js/js_htmldom_events.asp HTTP/1.1" 200 43945
2026-03-31 16:50:47 | DEBUG | Saved cleaned page: scraper/raw_html\js__js_htmldom_events.json
2026-03-31 16:50:49 | DEBUG | Starting new HTTPS connection (1): www.w3schools.com:443
2026-03-31 16:50:50 | DEBUG | https://www.w3schools.com:443 "GET /js/js_htmldom_eventlistener.asp HTTP/1.1" 200 43986
2026-03-31 16:50:51 | DEBUG | Saved cleaned page: scraper/raw_html\js__js_htmldom_eventlistener.json
2026-03-31 16:50:52 | DEBUG | Starting new HTTPS connection (1): www.w3schools.com:443
2026-03-31 16:50:54 | DEBUG | https://www.w3schools.com:443 "GET /js/js_function_advanced.asp HTTP/1.1" 200 42790
2026-03-31 16:50:54 | DEBUG | Saved cleaned page: scraper/raw_html\js__js_function_advanced.json
2026-03-31 16:50:55 | DEBUG | Starting new HTTPS connection (1): www.w3schools.com:443
2026-03-31 16:50:57 | DEBUG | https://www.w3schools.com:443 "GET /js/js_function_definition.asp HTTP/1.1" 200 44258
2026-03-31 16:50:57 | DEBUG | Saved cleaned page: scraper/raw_html\js__js_function_definition.json
2026-03-31 16:50:58 | DEBUG | Starting new HTTPS connection (1): www.w3schools.com:443
2026-03-31 16:51:00 | DEBUG | https://www.w3schools.com:443 "GET /js/js_callback.asp HTTP/1.1" 200 44393
2026-03-31 16:51:00 | DEBUG | Saved cleaned page: scraper/raw_html\js__js_callback.json
2026-03-31 16:51:01 | DEBUG | Starting new HTTPS connection (1): www.w3schools.com:443
2026-03-31 16:51:02 | DEBUG | https://www.w3schools.com:443 "GET /js/js_function_this.asp HTTP/1.1" 200 45027
2026-03-31 16:51:03 | DEBUG | Saved cleaned page: scraper/raw_html\js__js_function_this.json
2026-03-31 16:51:04 | DEBUG | Starting new HTTPS connection (1): www.w3schools.com:443
2026-03-31 16:51:04 | DEBUG | https://www.w3schools.com:443 "GET /js/js_function_call.asp HTTP/1.1" 200 43744
2026-03-31 16:51:05 | DEBUG | Saved cleaned page: scraper/raw_html\js__js_function_call.json
2026-03-31 16:51:06 | DEBUG | Starting new HTTPS connection (1): www.w3schools.com:443
2026-03-31 16:51:06 | DEBUG | https://www.w3schools.com:443 "GET /js/js_function_apply.asp HTTP/1.1" 200 44265
2026-03-31 16:51:06 | DEBUG | Saved cleaned page: scraper/raw_html\js__js_function_apply.json
2026-03-31 16:51:08 | DEBUG | Starting new HTTPS connection (1): www.w3schools.com:443
2026-03-31 16:51:08 | DEBUG | https://www.w3schools.com:443 "GET /js/js_function_bind.asp HTTP/1.1" 200 44079
2026-03-31 16:51:08 | DEBUG | Saved cleaned page: scraper/raw_html\js__js_function_bind.json
2026-03-31 16:51:10 | DEBUG | Starting new HTTPS connection (1): www.w3schools.com:443
2026-03-31 16:51:10 | DEBUG | https://www.w3schools.com:443 "GET /js/js_function_iife.asp HTTP/1.1" 200 44147
2026-03-31 16:51:10 | DEBUG | Saved cleaned page: scraper/raw_html\js__js_function_iife.json
2026-03-31 16:51:12 | DEBUG | Starting new HTTPS connection (1): www.w3schools.com:443
2026-03-31 16:51:13 | DEBUG | https://www.w3schools.com:443 "GET /js/js_function_closures.asp HTTP/1.1" 200 44842
2026-03-31 16:51:13 | DEBUG | Saved cleaned page: scraper/raw_html\js__js_function_closures.json
2026-03-31 16:51:14 | DEBUG | Starting new HTTPS connection (1): www.w3schools.com:443
2026-03-31 16:51:15 | DEBUG | https://www.w3schools.com:443 "GET /js/js_object_advanced.asp HTTP/1.1" 200 42610
2026-03-31 16:51:15 | DEBUG | Saved cleaned page: scraper/raw_html\js__js_object_advanced.json
2026-03-31 16:51:17 | DEBUG | Starting new HTTPS connection (1): www.w3schools.com:443
2026-03-31 16:51:18 | DEBUG | https://www.w3schools.com:443 "GET /js/js_object_definition.asp HTTP/1.1" 200 44394
2026-03-31 16:51:18 | DEBUG | Saved cleaned page: scraper/raw_html\js__js_object_definition.json
2026-03-31 16:51:19 | DEBUG | Starting new HTTPS connection (1): www.w3schools.com:443
2026-03-31 16:51:20 | DEBUG | https://www.w3schools.com:443 "GET /js/js_this.asp HTTP/1.1" 200 43650
2026-03-31 16:51:20 | DEBUG | Saved cleaned page: scraper/raw_html\js__js_this.json
2026-03-31 16:51:21 | DEBUG | Starting new HTTPS connection (1): www.w3schools.com:443
2026-03-31 16:51:23 | DEBUG | https://www.w3schools.com:443 "GET /js/js_object_iterations.asp HTTP/1.1" 200 44214
2026-03-31 16:51:24 | DEBUG | Saved cleaned page: scraper/raw_html\js__js_object_iterations.json
2026-03-31 16:51:25 | DEBUG | Starting new HTTPS connection (1): www.w3schools.com:443
2026-03-31 16:51:26 | DEBUG | https://www.w3schools.com:443 "GET /js/js_object_accessors.asp HTTP/1.1" 200 43538
2026-03-31 16:51:26 | DEBUG | Saved cleaned page: scraper/raw_html\js__js_object_accessors.json
2026-03-31 16:51:28 | DEBUG | Starting new HTTPS connection (1): www.w3schools.com:443
2026-03-31 16:51:30 | DEBUG | https://www.w3schools.com:443 "GET /js/js_object_management.asp HTTP/1.1" 200 44089
2026-03-31 16:51:30 | DEBUG | Saved cleaned page: scraper/raw_html\js__js_object_management.json
2026-03-31 16:51:31 | DEBUG | Starting new HTTPS connection (1): www.w3schools.com:443
2026-03-31 16:51:32 | DEBUG | https://www.w3schools.com:443 "GET /js/js_object_protection.asp HTTP/1.1" 200 43597
2026-03-31 16:51:32 | DEBUG | Saved cleaned page: scraper/raw_html\js__js_object_protection.json
2026-03-31 16:51:33 | DEBUG | Starting new HTTPS connection (1): www.w3schools.com:443
2026-03-31 16:51:34 | DEBUG | https://www.w3schools.com:443 "GET /js/js_object_prototypes.asp HTTP/1.1" 200 43142
2026-03-31 16:51:34 | DEBUG | Saved cleaned page: scraper/raw_html\js__js_object_prototypes.json
2026-03-31 16:51:35 | DEBUG | Starting new HTTPS connection (1): www.w3schools.com:443
2026-03-31 16:51:35 | DEBUG | https://www.w3schools.com:443 "GET /js/js_classes.asp HTTP/1.1" 200 43605
2026-03-31 16:51:35 | DEBUG | Saved cleaned page: scraper/raw_html\js__js_classes.json
2026-03-31 16:51:37 | DEBUG | Starting new HTTPS connection (1): www.w3schools.com:443
2026-03-31 16:51:37 | DEBUG | https://www.w3schools.com:443 "GET /js/js_class_inheritance.asp HTTP/1.1" 200 43563
2026-03-31 16:51:37 | DEBUG | Saved cleaned page: scraper/raw_html\js__js_class_inheritance.json
2026-03-31 16:51:38 | DEBUG | Starting new HTTPS connection (1): www.w3schools.com:443
2026-03-31 16:51:39 | DEBUG | https://www.w3schools.com:443 "GET /js/js_class_static.asp HTTP/1.1" 200 42577
2026-03-31 16:51:39 | DEBUG | Saved cleaned page: scraper/raw_html\js__js_class_static.json
2026-03-31 16:51:40 | DEBUG | Starting new HTTPS connection (1): www.w3schools.com:443
2026-03-31 16:51:41 | DEBUG | https://www.w3schools.com:443 "GET /js/js_asynchronous.asp HTTP/1.1" 200 43147
2026-03-31 16:51:41 | DEBUG | Saved cleaned page: scraper/raw_html\js__js_asynchronous.json
2026-03-31 16:51:42 | DEBUG | Starting new HTTPS connection (1): www.w3schools.com:443
2026-03-31 16:51:43 | DEBUG | https://www.w3schools.com:443 "GET /js/js_async.asp HTTP/1.1" 200 44671
2026-03-31 16:51:43 | DEBUG | Saved cleaned page: scraper/raw_html\js__js_async.json
2026-03-31 16:51:44 | DEBUG | Starting new HTTPS connection (1): www.w3schools.com:443
2026-03-31 16:51:45 | DEBUG | https://www.w3schools.com:443 "GET /js/js_async_timeouts.asp HTTP/1.1" 200 42873
2026-03-31 16:51:45 | DEBUG | Saved cleaned page: scraper/raw_html\js__js_async_timeouts.json
2026-03-31 16:51:46 | DEBUG | Starting new HTTPS connection (1): www.w3schools.com:443
2026-03-31 16:51:47 | DEBUG | https://www.w3schools.com:443 "GET /js/js_async_callbacks.asp HTTP/1.1" 200 44855
2026-03-31 16:51:47 | DEBUG | Saved cleaned page: scraper/raw_html\js__js_async_callbacks.json
2026-03-31 16:51:48 | DEBUG | Starting new HTTPS connection (1): www.w3schools.com:443
2026-03-31 16:51:49 | DEBUG | https://www.w3schools.com:443 "GET /js/js_promise.asp HTTP/1.1" 200 45667
2026-03-31 16:51:49 | DEBUG | Saved cleaned page: scraper/raw_html\js__js_promise.json
2026-03-31 16:51:50 | DEBUG | Starting new HTTPS connection (1): www.w3schools.com:443
2026-03-31 16:51:51 | DEBUG | https://www.w3schools.com:443 "GET /js/js_async_await.asp HTTP/1.1" 200 44399
2026-03-31 16:51:51 | DEBUG | Saved cleaned page: scraper/raw_html\js__js_async_await.json
2026-03-31 16:51:52 | DEBUG | Starting new HTTPS connection (1): www.w3schools.com:443
2026-03-31 16:51:54 | DEBUG | https://www.w3schools.com:443 "GET /js/js_async_fetch.asp HTTP/1.1" 200 43872
2026-03-31 16:51:55 | DEBUG | Saved cleaned page: scraper/raw_html\js__js_async_fetch.json
2026-03-31 16:51:56 | DEBUG | Starting new HTTPS connection (1): www.w3schools.com:443
2026-03-31 16:51:58 | DEBUG | https://www.w3schools.com:443 "GET /js/js_async_debug.asp HTTP/1.1" 200 43574
2026-03-31 16:51:58 | DEBUG | Saved cleaned page: scraper/raw_html\js__js_async_debug.json
2026-03-31 16:51:59 | DEBUG | Starting new HTTPS connection (1): www.w3schools.com:443
2026-03-31 16:52:01 | DEBUG | https://www.w3schools.com:443 "GET /js/js_modules.asp HTTP/1.1" 200 44137
2026-03-31 16:52:01 | DEBUG | Saved cleaned page: scraper/raw_html\js__js_modules.json
2026-03-31 16:52:02 | DEBUG | Starting new HTTPS connection (1): www.w3schools.com:443
2026-03-31 16:52:04 | DEBUG | https://www.w3schools.com:443 "GET /js/js_modules_export.asp HTTP/1.1" 200 44041
2026-03-31 16:52:05 | DEBUG | Saved cleaned page: scraper/raw_html\js__js_modules_export.json
2026-03-31 16:52:06 | DEBUG | Starting new HTTPS connection (1): www.w3schools.com:443
2026-03-31 16:52:07 | DEBUG | https://www.w3schools.com:443 "GET /js/js_modules_import.asp HTTP/1.1" 200 43359
2026-03-31 16:52:07 | DEBUG | Saved cleaned page: scraper/raw_html\js__js_modules_import.json
2026-03-31 16:52:08 | DEBUG | Starting new HTTPS connection (1): www.w3schools.com:443
2026-03-31 16:52:10 | DEBUG | https://www.w3schools.com:443 "GET /js/js_modules_namespace.asp HTTP/1.1" 200 43585
2026-03-31 16:52:10 | DEBUG | Saved cleaned page: scraper/raw_html\js__js_modules_namespace.json
2026-03-31 16:52:11 | DEBUG | Starting new HTTPS connection (1): www.w3schools.com:443
2026-03-31 16:52:13 | DEBUG | https://www.w3schools.com:443 "GET /js/js_modules_dynamic.asp HTTP/1.1" 200 44260
2026-03-31 16:52:13 | DEBUG | Saved cleaned page: scraper/raw_html\js__js_modules_dynamic.json
2026-03-31 16:52:14 | DEBUG | Starting new HTTPS connection (1): www.w3schools.com:443
2026-03-31 16:52:16 | DEBUG | https://www.w3schools.com:443 "GET /js/js_meta_programming.asp HTTP/1.1" 200 43596
2026-03-31 16:52:16 | DEBUG | Saved cleaned page: scraper/raw_html\js__js_meta_programming.json
2026-03-31 16:52:18 | DEBUG | Starting new HTTPS connection (1): www.w3schools.com:443
2026-03-31 16:52:18 | DEBUG | https://www.w3schools.com:443 "GET /js/js_meta_proxy.asp HTTP/1.1" 200 46201
2026-03-31 16:52:18 | DEBUG | Saved cleaned page: scraper/raw_html\js__js_meta_proxy.json
2026-03-31 16:52:19 | DEBUG | Starting new HTTPS connection (1): www.w3schools.com:443
2026-03-31 16:52:20 | DEBUG | https://www.w3schools.com:443 "GET /js/js_typed_arrays.asp HTTP/1.1" 200 44956
2026-03-31 16:52:20 | DEBUG | Saved cleaned page: scraper/raw_html\js__js_typed_arrays.json
2026-03-31 16:52:21 | DEBUG | Starting new HTTPS connection (1): www.w3schools.com:443
2026-03-31 16:52:22 | DEBUG | https://www.w3schools.com:443 "GET /js/js_typed_methods.asp HTTP/1.1" 200 43771
2026-03-31 16:52:22 | DEBUG | Saved cleaned page: scraper/raw_html\js__js_typed_methods.json
2026-03-31 16:52:23 | DEBUG | Starting new HTTPS connection (1): www.w3schools.com:443
2026-03-31 16:52:24 | DEBUG | https://www.w3schools.com:443 "GET /js/js_arraybuffers.asp HTTP/1.1" 200 44680
2026-03-31 16:52:24 | DEBUG | Saved cleaned page: scraper/raw_html\js__js_arraybuffers.json
2026-03-31 16:52:25 | DEBUG | Starting new HTTPS connection (1): www.w3schools.com:443
2026-03-31 16:52:25 | DEBUG | https://www.w3schools.com:443 "GET /js/js_dataview.asp HTTP/1.1" 200 45552
2026-03-31 16:52:26 | DEBUG | Saved cleaned page: scraper/raw_html\js__js_dataview.json
2026-03-31 16:52:27 | DEBUG | Starting new HTTPS connection (1): www.w3schools.com:443
2026-03-31 16:52:27 | DEBUG | https://www.w3schools.com:443 "GET /js/js_atomics.asp HTTP/1.1" 200 44546
2026-03-31 16:52:28 | DEBUG | Saved cleaned page: scraper/raw_html\js__js_atomics.json
2026-03-31 16:52:29 | DEBUG | Starting new HTTPS connection (1): www.w3schools.com:443
2026-03-31 16:52:29 | DEBUG | https://www.w3schools.com:443 "GET /js/js_htmldom_navigation.asp HTTP/1.1" 200 44577
2026-03-31 16:52:29 | DEBUG | Saved cleaned page: scraper/raw_html\js__js_htmldom_navigation.json
2026-03-31 16:52:30 | DEBUG | Starting new HTTPS connection (1): www.w3schools.com:443
2026-03-31 16:52:31 | DEBUG | https://www.w3schools.com:443 "GET /js/js_htmldom_nodes.asp HTTP/1.1" 200 43393
2026-03-31 16:52:31 | DEBUG | Saved cleaned page: scraper/raw_html\js__js_htmldom_nodes.json
2026-03-31 16:52:32 | DEBUG | Starting new HTTPS connection (1): www.w3schools.com:443
2026-03-31 16:52:33 | DEBUG | https://www.w3schools.com:443 "GET /js/js_htmldom_collections.asp HTTP/1.1" 200 42855
2026-03-31 16:52:33 | DEBUG | Saved cleaned page: scraper/raw_html\js__js_htmldom_collections.json
2026-03-31 16:52:34 | DEBUG | Starting new HTTPS connection (1): www.w3schools.com:443
2026-03-31 16:52:35 | DEBUG | https://www.w3schools.com:443 "GET /js/js_htmldom_nodelist.asp HTTP/1.1" 200 43300
2026-03-31 16:52:35 | DEBUG | Saved cleaned page: scraper/raw_html\js__js_htmldom_nodelist.json
2026-03-31 16:52:36 | DEBUG | Starting new HTTPS connection (1): www.w3schools.com:443
2026-03-31 16:52:37 | DEBUG | https://www.w3schools.com:443 "GET /js/js_window.asp HTTP/1.1" 200 42939
2026-03-31 16:52:37 | DEBUG | Saved cleaned page: scraper/raw_html\js__js_window.json
2026-03-31 16:52:38 | DEBUG | Starting new HTTPS connection (1): www.w3schools.com:443
2026-03-31 16:52:40 | DEBUG | https://www.w3schools.com:443 "GET /js/js_window_screen.asp HTTP/1.1" 200 43189
2026-03-31 16:52:40 | DEBUG | Saved cleaned page: scraper/raw_html\js__js_window_screen.json
2026-03-31 16:52:41 | DEBUG | Starting new HTTPS connection (1): www.w3schools.com:443
2026-03-31 16:52:42 | DEBUG | https://www.w3schools.com:443 "GET /js/js_window_location.asp HTTP/1.1" 200 43132
2026-03-31 16:52:42 | DEBUG | Saved cleaned page: scraper/raw_html\js__js_window_location.json
2026-03-31 16:52:43 | DEBUG | Starting new HTTPS connection (1): www.w3schools.com:443
2026-03-31 16:52:43 | DEBUG | https://www.w3schools.com:443 "GET /js/js_window_history.asp HTTP/1.1" 200 42731
2026-03-31 16:52:43 | DEBUG | Saved cleaned page: scraper/raw_html\js__js_window_history.json
2026-03-31 16:52:44 | DEBUG | Starting new HTTPS connection (1): www.w3schools.com:443
2026-03-31 16:52:45 | DEBUG | https://www.w3schools.com:443 "GET /js/js_window_navigator.asp HTTP/1.1" 200 43386
2026-03-31 16:52:45 | DEBUG | Saved cleaned page: scraper/raw_html\js__js_window_navigator.json
2026-03-31 16:52:46 | DEBUG | Starting new HTTPS connection (1): www.w3schools.com:443
2026-03-31 16:52:47 | DEBUG | https://www.w3schools.com:443 "GET /js/js_popup.asp HTTP/1.1" 200 43041
2026-03-31 16:52:47 | DEBUG | Saved cleaned page: scraper/raw_html\js__js_popup.json
2026-03-31 16:52:48 | DEBUG | Starting new HTTPS connection (1): www.w3schools.com:443
2026-03-31 16:52:49 | DEBUG | https://www.w3schools.com:443 "GET /js/js_timing.asp HTTP/1.1" 200 44329
2026-03-31 16:52:49 | DEBUG | Saved cleaned page: scraper/raw_html\js__js_timing.json
2026-03-31 16:52:50 | DEBUG | Starting new HTTPS connection (1): www.w3schools.com:443
2026-03-31 16:52:51 | DEBUG | https://www.w3schools.com:443 "GET /js/js_cookies.asp HTTP/1.1" 200 45178
2026-03-31 16:52:51 | DEBUG | Saved cleaned page: scraper/raw_html\js__js_cookies.json
2026-03-31 16:52:52 | DEBUG | Starting new HTTPS connection (1): www.w3schools.com:443
2026-03-31 16:52:53 | DEBUG | https://www.w3schools.com:443 "GET /js/js_api_intro.asp HTTP/1.1" 200 43432
2026-03-31 16:52:53 | DEBUG | Saved cleaned page: scraper/raw_html\js__js_api_intro.json
2026-03-31 16:52:54 | DEBUG | Starting new HTTPS connection (1): www.w3schools.com:443
2026-03-31 16:52:55 | DEBUG | https://www.w3schools.com:443 "GET /js/js_api_fetch.asp HTTP/1.1" 200 42919
2026-03-31 16:52:55 | DEBUG | Saved cleaned page: scraper/raw_html\js__js_api_fetch.json
2026-03-31 16:52:56 | DEBUG | Starting new HTTPS connection (1): www.w3schools.com:443
2026-03-31 16:52:57 | DEBUG | https://www.w3schools.com:443 "GET /js/js_api_geolocation.asp HTTP/1.1" 200 44808
2026-03-31 16:52:57 | DEBUG | Saved cleaned page: scraper/raw_html\js__js_api_geolocation.json
2026-03-31 16:52:58 | DEBUG | Starting new HTTPS connection (1): www.w3schools.com:443
2026-03-31 16:52:59 | DEBUG | https://www.w3schools.com:443 "GET /js/js_api_history.asp HTTP/1.1" 200 42877
2026-03-31 16:53:00 | DEBUG | Saved cleaned page: scraper/raw_html\js__js_api_history.json
2026-03-31 16:53:01 | DEBUG | Starting new HTTPS connection (1): www.w3schools.com:443
2026-03-31 16:53:02 | DEBUG | https://www.w3schools.com:443 "GET /js/js_api_pointer_events.asp HTTP/1.1" 200 43510
2026-03-31 16:53:02 | DEBUG | Saved cleaned page: scraper/raw_html\js__js_api_pointer_events.json
2026-03-31 16:53:03 | DEBUG | Starting new HTTPS connection (1): www.w3schools.com:443
2026-03-31 16:53:05 | DEBUG | https://www.w3schools.com:443 "GET /js/js_api_web_storage.asp HTTP/1.1" 200 43314
2026-03-31 16:53:05 | DEBUG | Saved cleaned page: scraper/raw_html\js__js_api_web_storage.json
2026-03-31 16:53:06 | DEBUG | Starting new HTTPS connection (1): www.w3schools.com:443
2026-03-31 16:53:07 | DEBUG | https://www.w3schools.com:443 "GET /js/js_validation_api.asp HTTP/1.1" 200 43198
2026-03-31 16:53:08 | DEBUG | Saved cleaned page: scraper/raw_html\js__js_validation_api.json
2026-03-31 16:53:09 | DEBUG | Starting new HTTPS connection (1): www.w3schools.com:443
2026-03-31 16:53:10 | DEBUG | https://www.w3schools.com:443 "GET /js/js_api_web_workers.asp HTTP/1.1" 200 44111
2026-03-31 16:53:10 | DEBUG | Saved cleaned page: scraper/raw_html\js__js_api_web_workers.json
2026-03-31 16:53:11 | DEBUG | Starting new HTTPS connection (1): www.w3schools.com:443
2026-03-31 16:53:12 | DEBUG | https://www.w3schools.com:443 "GET /js/js_ajax_http.asp HTTP/1.1" 200 44394
2026-03-31 16:53:12 | DEBUG | Saved cleaned page: scraper/raw_html\js__js_ajax_http.json
2026-03-31 16:53:14 | DEBUG | Starting new HTTPS connection (1): www.w3schools.com:443
2026-03-31 16:53:16 | DEBUG | https://www.w3schools.com:443 "GET /js/js_ajax_http_send.asp HTTP/1.1" 200 44010
2026-03-31 16:53:16 | DEBUG | Saved cleaned page: scraper/raw_html\js__js_ajax_http_send.json
2026-03-31 16:53:17 | DEBUG | Starting new HTTPS connection (1): www.w3schools.com:443
2026-03-31 16:53:19 | DEBUG | https://www.w3schools.com:443 "GET /js/js_ajax_http_response.asp HTTP/1.1" 200 42998
2026-03-31 16:53:20 | DEBUG | Saved cleaned page: scraper/raw_html\js__js_ajax_http_response.json
2026-03-31 16:53:21 | DEBUG | Starting new HTTPS connection (1): www.w3schools.com:443
2026-03-31 16:53:21 | DEBUG | https://www.w3schools.com:443 "GET /js/js_ajax_xmlfile.asp HTTP/1.1" 200 43262
2026-03-31 16:53:21 | DEBUG | Saved cleaned page: scraper/raw_html\js__js_ajax_xmlfile.json
2026-03-31 16:53:22 | DEBUG | Starting new HTTPS connection (1): www.w3schools.com:443
2026-03-31 16:53:23 | DEBUG | https://www.w3schools.com:443 "GET /js/js_ajax_php.asp HTTP/1.1" 200 43803
2026-03-31 16:53:23 | DEBUG | Saved cleaned page: scraper/raw_html\js__js_ajax_php.json
2026-03-31 16:53:24 | DEBUG | Starting new HTTPS connection (1): www.w3schools.com:443
2026-03-31 16:53:24 | DEBUG | https://www.w3schools.com:443 "GET /js/js_ajax_asp.asp HTTP/1.1" 200 43845
2026-03-31 16:53:25 | DEBUG | Saved cleaned page: scraper/raw_html\js__js_ajax_asp.json
2026-03-31 16:53:26 | DEBUG | Starting new HTTPS connection (1): www.w3schools.com:443
2026-03-31 16:53:26 | DEBUG | https://www.w3schools.com:443 "GET /js/js_ajax_database.asp HTTP/1.1" 200 43620
2026-03-31 16:53:26 | DEBUG | Saved cleaned page: scraper/raw_html\js__js_ajax_database.json
2026-03-31 16:53:28 | DEBUG | Starting new HTTPS connection (1): www.w3schools.com:443
2026-03-31 16:53:29 | DEBUG | https://www.w3schools.com:443 "GET /js/js_ajax_applications.asp HTTP/1.1" 200 43349
2026-03-31 16:53:29 | DEBUG | Saved cleaned page: scraper/raw_html\js__js_ajax_applications.json
2026-03-31 16:53:30 | DEBUG | Starting new HTTPS connection (1): www.w3schools.com:443
2026-03-31 16:53:31 | DEBUG | https://www.w3schools.com:443 "GET /js/js_ajax_examples.asp HTTP/1.1" 200 42629
2026-03-31 16:53:32 | DEBUG | Saved cleaned page: scraper/raw_html\js__js_ajax_examples.json
2026-03-31 16:53:33 | DEBUG | Starting new HTTPS connection (1): www.w3schools.com:443
2026-03-31 16:53:33 | DEBUG | https://www.w3schools.com:443 "GET /js/js_json.asp HTTP/1.1" 200 44088
2026-03-31 16:53:33 | DEBUG | Saved cleaned page: scraper/raw_html\js__js_json.json
2026-03-31 16:53:34 | DEBUG | Starting new HTTPS connection (1): www.w3schools.com:443
2026-03-31 16:53:35 | DEBUG | https://www.w3schools.com:443 "GET /js/js_json_syntax.asp HTTP/1.1" 200 43304
2026-03-31 16:53:35 | DEBUG | Saved cleaned page: scraper/raw_html\js__js_json_syntax.json
2026-03-31 16:53:36 | DEBUG | Starting new HTTPS connection (1): www.w3schools.com:443
2026-03-31 16:53:37 | DEBUG | https://www.w3schools.com:443 "GET /js/js_json_xml.asp HTTP/1.1" 200 42927
2026-03-31 16:53:37 | DEBUG | Saved cleaned page: scraper/raw_html\js__js_json_xml.json
2026-03-31 16:53:38 | DEBUG | Starting new HTTPS connection (1): www.w3schools.com:443
2026-03-31 16:53:39 | DEBUG | https://www.w3schools.com:443 "GET /js/js_json_datatypes.asp HTTP/1.1" 200 42666
2026-03-31 16:53:39 | DEBUG | Saved cleaned page: scraper/raw_html\js__js_json_datatypes.json
2026-03-31 16:53:40 | DEBUG | Starting new HTTPS connection (1): www.w3schools.com:443
2026-03-31 16:53:41 | DEBUG | https://www.w3schools.com:443 "GET /js/js_json_parse.asp HTTP/1.1" 200 43322
2026-03-31 16:53:41 | DEBUG | Saved cleaned page: scraper/raw_html\js__js_json_parse.json
2026-03-31 16:53:42 | DEBUG | Starting new HTTPS connection (1): www.w3schools.com:443
2026-03-31 16:53:42 | DEBUG | https://www.w3schools.com:443 "GET /js/js_json_stringify.asp HTTP/1.1" 200 43511
2026-03-31 16:53:42 | DEBUG | Saved cleaned page: scraper/raw_html\js__js_json_stringify.json
2026-03-31 16:53:43 | DEBUG | Starting new HTTPS connection (1): www.w3schools.com:443
2026-03-31 16:53:44 | DEBUG | https://www.w3schools.com:443 "GET /js/js_json_objects.asp HTTP/1.1" 200 43009
2026-03-31 16:53:44 | DEBUG | Saved cleaned page: scraper/raw_html\js__js_json_objects.json
2026-03-31 16:53:45 | DEBUG | Starting new HTTPS connection (1): www.w3schools.com:443
2026-03-31 16:53:47 | DEBUG | https://www.w3schools.com:443 "GET /js/js_json_arrays.asp HTTP/1.1" 200 42894
2026-03-31 16:53:47 | DEBUG | Saved cleaned page: scraper/raw_html\js__js_json_arrays.json
2026-03-31 16:53:48 | DEBUG | Starting new HTTPS connection (1): www.w3schools.com:443
2026-03-31 16:53:49 | DEBUG | https://www.w3schools.com:443 "GET /js/js_json_server.asp HTTP/1.1" 200 43022
2026-03-31 16:53:49 | DEBUG | Saved cleaned page: scraper/raw_html\js__js_json_server.json
2026-03-31 16:53:50 | DEBUG | Starting new HTTPS connection (1): www.w3schools.com:443
2026-03-31 16:53:51 | DEBUG | https://www.w3schools.com:443 "GET /js/js_json_php.asp HTTP/1.1" 200 44131
2026-03-31 16:53:51 | DEBUG | Saved cleaned page: scraper/raw_html\js__js_json_php.json
2026-03-31 16:53:52 | DEBUG | Starting new HTTPS connection (1): www.w3schools.com:443
2026-03-31 16:53:53 | DEBUG | https://www.w3schools.com:443 "GET /js/js_json_html.asp HTTP/1.1" 200 43312
2026-03-31 16:53:53 | DEBUG | Saved cleaned page: scraper/raw_html\js__js_json_html.json
2026-03-31 16:53:54 | DEBUG | Starting new HTTPS connection (1): www.w3schools.com:443
2026-03-31 16:53:56 | DEBUG | https://www.w3schools.com:443 "GET /js/js_json_jsonp.asp HTTP/1.1" 200 43883
2026-03-31 16:53:56 | DEBUG | Saved cleaned page: scraper/raw_html\js__js_json_jsonp.json
2026-03-31 16:53:57 | DEBUG | Starting new HTTPS connection (1): www.w3schools.com:443
2026-03-31 16:53:58 | DEBUG | https://www.w3schools.com:443 "GET /js/js_jquery_selectors.asp HTTP/1.1" 200 42723
2026-03-31 16:53:58 | DEBUG | Saved cleaned page: scraper/raw_html\js__js_jquery_selectors.json
2026-03-31 16:53:59 | DEBUG | Starting new HTTPS connection (1): www.w3schools.com:443
2026-03-31 16:54:00 | DEBUG | https://www.w3schools.com:443 "GET /js/js_jquery_elements.asp HTTP/1.1" 200 42704
2026-03-31 16:54:01 | DEBUG | Saved cleaned page: scraper/raw_html\js__js_jquery_elements.json
2026-03-31 16:54:02 | DEBUG | Starting new HTTPS connection (1): www.w3schools.com:443
2026-03-31 16:54:03 | DEBUG | https://www.w3schools.com:443 "GET /js/js_jquery_css.asp HTTP/1.1" 200 42638
2026-03-31 16:54:03 | DEBUG | Saved cleaned page: scraper/raw_html\js__js_jquery_css.json
2026-03-31 16:54:04 | DEBUG | Starting new HTTPS connection (1): www.w3schools.com:443
2026-03-31 16:54:06 | DEBUG | https://www.w3schools.com:443 "GET /js/js_jquery_dom.asp HTTP/1.1" 200 42600
2026-03-31 16:54:07 | DEBUG | Saved cleaned page: scraper/raw_html\js__js_jquery_dom.json
2026-03-31 16:54:08 | DEBUG | Starting new HTTPS connection (1): www.w3schools.com:443
2026-03-31 16:54:09 | DEBUG | https://www.w3schools.com:443 "GET /js/js_graphics.asp HTTP/1.1" 200 43254
2026-03-31 16:54:09 | DEBUG | Saved cleaned page: scraper/raw_html\js__js_graphics.json
2026-03-31 16:54:10 | DEBUG | Starting new HTTPS connection (1): www.w3schools.com:443
2026-03-31 16:54:11 | DEBUG | https://www.w3schools.com:443 "GET /js/js_graphics_canvas.asp HTTP/1.1" 200 42710
2026-03-31 16:54:11 | DEBUG | Saved cleaned page: scraper/raw_html\js__js_graphics_canvas.json
2026-03-31 16:54:12 | DEBUG | Starting new HTTPS connection (1): www.w3schools.com:443
2026-03-31 16:54:14 | DEBUG | https://www.w3schools.com:443 "GET /js/js_graphics_plotly.asp HTTP/1.1" 200 44518
2026-03-31 16:54:15 | DEBUG | Saved cleaned page: scraper/raw_html\js__js_graphics_plotly.json
2026-03-31 16:54:16 | DEBUG | Starting new HTTPS connection (1): www.w3schools.com:443
2026-03-31 16:54:17 | DEBUG | https://www.w3schools.com:443 "GET /js/js_graphics_chartjs.asp HTTP/1.1" 200 44638
2026-03-31 16:54:17 | DEBUG | Saved cleaned page: scraper/raw_html\js__js_graphics_chartjs.json
2026-03-31 16:54:18 | DEBUG | Starting new HTTPS connection (1): www.w3schools.com:443
2026-03-31 16:54:20 | DEBUG | https://www.w3schools.com:443 "GET /js/js_graphics_google_chart.asp HTTP/1.1" 200 43729
2026-03-31 16:54:20 | DEBUG | Saved cleaned page: scraper/raw_html\js__js_graphics_google_chart.json
2026-03-31 16:54:22 | DEBUG | Starting new HTTPS connection (1): www.w3schools.com:443
2026-03-31 16:54:24 | DEBUG | https://www.w3schools.com:443 "GET /js/js_graphics_d3js.asp HTTP/1.1" 200 43167
2026-03-31 16:54:24 | DEBUG | Saved cleaned page: scraper/raw_html\js__js_graphics_d3js.json
2026-03-31 16:54:25 | DEBUG | Starting new HTTPS connection (1): www.w3schools.com:443
2026-03-31 17:07:16 | DEBUG | https://www.w3schools.com:443 "GET /js/js_dom_examples.asp HTTP/1.1" 200 42739
2026-03-31 17:07:17 | DEBUG | Saved cleaned page: scraper/raw_html\js__js_dom_examples.json
2026-03-31 17:07:18 | DEBUG | Starting new HTTPS connection (1): www.w3schools.com:443
2026-03-31 17:07:20 | DEBUG | https://www.w3schools.com:443 "GET /js/js_input_examples.asp HTTP/1.1" 200 42738
2026-03-31 17:07:20 | DEBUG | Saved cleaned page: scraper/raw_html\js__js_input_examples.json
2026-03-31 17:07:21 | DEBUG | Starting new HTTPS connection (1): www.w3schools.com:443
2026-03-31 17:07:23 | DEBUG | https://www.w3schools.com:443 "GET /js/js_ex_dom.asp HTTP/1.1" 200 42915
2026-03-31 17:07:23 | DEBUG | Saved cleaned page: scraper/raw_html\js__js_ex_dom.json
2026-03-31 17:07:25 | DEBUG | Starting new HTTPS connection (1): www.w3schools.com:443
2026-03-31 17:07:26 | DEBUG | https://www.w3schools.com:443 "GET /js/js_events_examples.asp HTTP/1.1" 200 43001
2026-03-31 17:07:26 | DEBUG | Saved cleaned page: scraper/raw_html\js__js_events_examples.json
2026-03-31 17:07:27 | DEBUG | Starting new HTTPS connection (1): www.w3schools.com:443
2026-03-31 17:07:29 | DEBUG | https://www.w3schools.com:443 "GET /js/js_ex_browser.asp HTTP/1.1" 200 43394
2026-03-31 17:07:29 | DEBUG | Saved cleaned page: scraper/raw_html\js__js_ex_browser.json
2026-03-31 17:07:30 | DEBUG | Starting new HTTPS connection (1): www.w3schools.com:443
2026-03-31 17:07:31 | DEBUG | https://www.w3schools.com:443 "GET /js/js_editor.asp HTTP/1.1" 200 43044
2026-03-31 17:07:32 | DEBUG | Saved cleaned page: scraper/raw_html\js__js_editor.json
2026-03-31 17:07:33 | DEBUG | Starting new HTTPS connection (1): www.w3schools.com:443
2026-03-31 17:07:34 | DEBUG | https://www.w3schools.com:443 "GET /js/js_website.asp HTTP/1.1" 200 52656
2026-03-31 17:07:34 | DEBUG | Saved cleaned page: scraper/raw_html\js__js_website.json
2026-03-31 17:07:35 | DEBUG | Starting new HTTPS connection (1): www.w3schools.com:443
2026-03-31 17:07:36 | DEBUG | https://www.w3schools.com:443 "GET /js/js_syllabus.asp HTTP/1.1" 200 45878
2026-03-31 17:07:36 | DEBUG | Saved cleaned page: scraper/raw_html\js__js_syllabus.json
2026-03-31 17:07:37 | DEBUG | Starting new HTTPS connection (1): www.w3schools.com:443
2026-03-31 17:07:39 | DEBUG | https://www.w3schools.com:443 "GET /js/js_study_plan.asp HTTP/1.1" 200 44433
2026-03-31 17:07:39 | DEBUG | Saved cleaned page: scraper/raw_html\js__js_study_plan.json
2026-03-31 17:07:40 | DEBUG | Starting new HTTPS connection (1): www.w3schools.com:443
2026-03-31 17:07:42 | DEBUG | https://www.w3schools.com:443 "GET /js/js_interview_prep.asp HTTP/1.1" 200 44313
2026-03-31 17:07:42 | DEBUG | Saved cleaned page: scraper/raw_html\js__js_interview_prep.json
2026-03-31 17:07:43 | DEBUG | Starting new HTTPS connection (1): www.w3schools.com:443
2026-03-31 17:07:44 | DEBUG | https://www.w3schools.com:443 "GET /js/js_exam.asp HTTP/1.1" 200 45282
2026-03-31 17:07:44 | DEBUG | Saved cleaned page: scraper/raw_html\js__js_exam.json
2026-03-31 17:07:45 | INFO | Already scraped, loading from disk: https://www.w3schools.com/html/HTML_exam.asp
2026-03-31 17:07:46 | INFO | Already scraped, loading from disk: https://www.w3schools.com/html/HTML_syllabus.asp
2026-03-31 17:07:47 | DEBUG | Starting new HTTPS connection (1): www.w3schools.com:443
2026-03-31 17:07:48 | DEBUG | https://www.w3schools.com:443 "GET /html/html_study_plan.png HTTP/1.1" 200 330038
2026-03-31 17:07:48 | DEBUG | Encoding detection: Unable to determine any suitable charset.
2026-03-31 17:07:48 | WARNING | No div#main found for https://www.w3schools.com/html/html_study_plan.png, skipping
2026-03-31 17:07:48 | DEBUG | Saved cleaned page: scraper/raw_html\html__html_study_plan.png.json
2026-03-31 17:07:49 | DEBUG | Starting new HTTPS connection (1): www.w3schools.com:443
2026-03-31 17:07:51 | DEBUG | https://www.w3schools.com:443 "GET /css/css_icons_fontawesome.asp HTTP/1.1" 404 9496
2026-03-31 17:07:51 | WARNING | Attempt 1 failed for https://www.w3schools.com/css/css_icons_fontawesome.asp: 404 Client Error: Not Found for url: https://www.w3schools.com/css/css_icons_fontawesome.asp
2026-03-31 17:07:53 | DEBUG | Starting new HTTPS connection (1): www.w3schools.com:443
2026-03-31 17:07:54 | DEBUG | https://www.w3schools.com:443 "GET /css/css_icons_fontawesome.asp HTTP/1.1" 404 9496
2026-03-31 17:07:54 | WARNING | Attempt 2 failed for https://www.w3schools.com/css/css_icons_fontawesome.asp: 404 Client Error: Not Found for url: https://www.w3schools.com/css/css_icons_fontawesome.asp
2026-03-31 17:07:56 | DEBUG | Starting new HTTPS connection (1): www.w3schools.com:443
2026-03-31 17:07:58 | DEBUG | https://www.w3schools.com:443 "GET /css/css_icons_fontawesome.asp HTTP/1.1" 404 9496
2026-03-31 17:07:58 | WARNING | Attempt 3 failed for https://www.w3schools.com/css/css_icons_fontawesome.asp: 404 Client Error: Not Found for url: https://www.w3schools.com/css/css_icons_fontawesome.asp
2026-03-31 17:07:58 | ERROR | All retries exhausted for https://www.w3schools.com/css/css_icons_fontawesome.asp
2026-03-31 17:07:58 | DEBUG | Recorded failed URL https://www.w3schools.com/css/css_icons_fontawesome.asp
2026-03-31 17:07:59 | DEBUG | Starting new HTTPS connection (1): www.w3schools.com:443
2026-03-31 17:08:01 | DEBUG | https://www.w3schools.com:443 "GET /css/css_link_states.asp HTTP/1.1" 404 9496
2026-03-31 17:08:01 | WARNING | Attempt 1 failed for https://www.w3schools.com/css/css_link_states.asp: 404 Client Error: Not Found for url: https://www.w3schools.com/css/css_link_states.asp
2026-03-31 17:08:03 | DEBUG | Starting new HTTPS connection (1): www.w3schools.com:443
2026-03-31 17:08:04 | DEBUG | https://www.w3schools.com:443 "GET /css/css_link_states.asp HTTP/1.1" 404 9496
2026-03-31 17:08:04 | WARNING | Attempt 2 failed for https://www.w3schools.com/css/css_link_states.asp: 404 Client Error: Not Found for url: https://www.w3schools.com/css/css_link_states.asp
2026-03-31 17:08:06 | DEBUG | Starting new HTTPS connection (1): www.w3schools.com:443
2026-03-31 17:08:07 | DEBUG | https://www.w3schools.com:443 "GET /css/css_link_states.asp HTTP/1.1" 404 9496
2026-03-31 17:08:07 | WARNING | Attempt 3 failed for https://www.w3schools.com/css/css_link_states.asp: 404 Client Error: Not Found for url: https://www.w3schools.com/css/css_link_states.asp
2026-03-31 17:08:07 | ERROR | All retries exhausted for https://www.w3schools.com/css/css_link_states.asp
2026-03-31 17:08:07 | DEBUG | Recorded failed URL https://www.w3schools.com/css/css_link_states.asp
2026-03-31 17:08:08 | DEBUG | Starting new HTTPS connection (1): www.w3schools.com:443
2026-03-31 17:08:09 | DEBUG | https://www.w3schools.com:443 "GET /css/css_list_markers.asp HTTP/1.1" 200 43845
2026-03-31 17:08:09 | DEBUG | Saved cleaned page: scraper/raw_html\css__css_list_markers.json
2026-03-31 17:08:10 | DEBUG | Starting new HTTPS connection (1): www.w3schools.com:443
2026-03-31 17:08:11 | DEBUG | https://www.w3schools.com:443 "GET /sql/sql_intro.asp HTTP/1.1" 200 44541
2026-03-31 17:08:11 | DEBUG | Saved cleaned page: scraper/raw_html\sql__sql_intro.json
2026-03-31 17:08:12 | DEBUG | Starting new HTTPS connection (1): www.w3schools.com:443
2026-03-31 17:08:12 | DEBUG | https://www.w3schools.com:443 "GET /sql/sql_syntax.asp HTTP/1.1" 200 44520
2026-03-31 17:08:12 | DEBUG | Saved cleaned page: scraper/raw_html\sql__sql_syntax.json
2026-03-31 17:08:13 | DEBUG | Starting new HTTPS connection (1): www.w3schools.com:443
2026-03-31 17:08:14 | DEBUG | https://www.w3schools.com:443 "GET /sql/sql_select.asp HTTP/1.1" 200 44320
2026-03-31 17:08:14 | DEBUG | Saved cleaned page: scraper/raw_html\sql__sql_select.json
2026-03-31 17:08:15 | DEBUG | Starting new HTTPS connection (1): www.w3schools.com:443
2026-03-31 17:08:16 | DEBUG | https://www.w3schools.com:443 "GET /sql/sql_distinct.asp HTTP/1.1" 200 44551
2026-03-31 17:08:16 | DEBUG | Saved cleaned page: scraper/raw_html\sql__sql_distinct.json
2026-03-31 17:08:17 | DEBUG | Starting new HTTPS connection (1): www.w3schools.com:443
2026-03-31 17:08:21 | DEBUG | https://www.w3schools.com:443 "GET /sql/sql_where.asp HTTP/1.1" 200 44864
2026-03-31 17:08:21 | DEBUG | Saved cleaned page: scraper/raw_html\sql__sql_where.json
2026-03-31 17:08:22 | DEBUG | Starting new HTTPS connection (1): www.w3schools.com:443
2026-03-31 17:08:23 | DEBUG | https://www.w3schools.com:443 "GET /sql/sql_orderby.asp HTTP/1.1" 200 44469
2026-03-31 17:08:23 | DEBUG | Saved cleaned page: scraper/raw_html\sql__sql_orderby.json
2026-03-31 17:08:24 | DEBUG | Starting new HTTPS connection (1): www.w3schools.com:443
2026-03-31 17:08:25 | DEBUG | https://www.w3schools.com:443 "GET /sql/sql_and.asp HTTP/1.1" 200 44741
2026-03-31 17:08:25 | DEBUG | Saved cleaned page: scraper/raw_html\sql__sql_and.json
2026-03-31 17:08:26 | DEBUG | Starting new HTTPS connection (1): www.w3schools.com:443
2026-03-31 17:08:27 | DEBUG | https://www.w3schools.com:443 "GET /sql/sql_or.asp HTTP/1.1" 200 44441
2026-03-31 17:08:27 | DEBUG | Saved cleaned page: scraper/raw_html\sql__sql_or.json
2026-03-31 17:08:28 | DEBUG | Starting new HTTPS connection (1): www.w3schools.com:443
2026-03-31 17:08:30 | DEBUG | https://www.w3schools.com:443 "GET /sql/sql_not.asp HTTP/1.1" 200 44994
2026-03-31 17:08:30 | DEBUG | Saved cleaned page: scraper/raw_html\sql__sql_not.json
2026-03-31 17:08:31 | DEBUG | Starting new HTTPS connection (1): www.w3schools.com:443
2026-03-31 17:08:32 | DEBUG | https://www.w3schools.com:443 "GET /sql/sql_insert.asp HTTP/1.1" 200 44856
2026-03-31 17:08:32 | DEBUG | Saved cleaned page: scraper/raw_html\sql__sql_insert.json
2026-03-31 17:08:33 | DEBUG | Starting new HTTPS connection (1): www.w3schools.com:443
2026-03-31 17:08:35 | DEBUG | https://www.w3schools.com:443 "GET /sql/sql_null_values.asp HTTP/1.1" 200 44710
2026-03-31 17:08:35 | DEBUG | Saved cleaned page: scraper/raw_html\sql__sql_null_values.json
2026-03-31 17:08:36 | DEBUG | Starting new HTTPS connection (1): www.w3schools.com:443
2026-03-31 17:08:36 | DEBUG | https://www.w3schools.com:443 "GET /sql/sql_update.asp HTTP/1.1" 200 44365
2026-03-31 17:08:37 | DEBUG | Saved cleaned page: scraper/raw_html\sql__sql_update.json
2026-03-31 17:08:38 | DEBUG | Starting new HTTPS connection (1): www.w3schools.com:443
2026-03-31 17:08:38 | DEBUG | https://www.w3schools.com:443 "GET /sql/sql_delete.asp HTTP/1.1" 200 44253
2026-03-31 17:08:38 | DEBUG | Saved cleaned page: scraper/raw_html\sql__sql_delete.json
2026-03-31 17:08:39 | DEBUG | Starting new HTTPS connection (1): www.w3schools.com:443
2026-03-31 17:08:40 | DEBUG | https://www.w3schools.com:443 "GET /sql/sql_top.asp HTTP/1.1" 200 44652
2026-03-31 17:08:40 | DEBUG | Saved cleaned page: scraper/raw_html\sql__sql_top.json
2026-03-31 17:08:41 | DEBUG | Starting new HTTPS connection (1): www.w3schools.com:443
2026-03-31 17:08:42 | DEBUG | https://www.w3schools.com:443 "GET /sql/sql_aggregate_functions.asp HTTP/1.1" 200 43498
2026-03-31 17:08:42 | DEBUG | Saved cleaned page: scraper/raw_html\sql__sql_aggregate_functions.json
2026-03-31 17:08:43 | DEBUG | Starting new HTTPS connection (1): www.w3schools.com:443
2026-03-31 17:08:43 | DEBUG | https://www.w3schools.com:443 "GET /sql/sql_min_max.asp HTTP/1.1" 200 44061
2026-03-31 17:08:44 | DEBUG | Saved cleaned page: scraper/raw_html\sql__sql_min_max.json
2026-03-31 17:08:45 | DEBUG | Starting new HTTPS connection (1): www.w3schools.com:443
2026-03-31 17:08:45 | DEBUG | https://www.w3schools.com:443 "GET /sql/sql_max.asp HTTP/1.1" 200 44074
2026-03-31 17:08:45 | DEBUG | Saved cleaned page: scraper/raw_html\sql__sql_max.json
2026-03-31 17:08:46 | DEBUG | Starting new HTTPS connection (1): www.w3schools.com:443
2026-03-31 17:08:47 | DEBUG | https://www.w3schools.com:443 "GET /sql/sql_count.asp HTTP/1.1" 200 44450
2026-03-31 17:08:47 | DEBUG | Saved cleaned page: scraper/raw_html\sql__sql_count.json
2026-03-31 17:08:48 | DEBUG | Starting new HTTPS connection (1): www.w3schools.com:443
2026-03-31 17:08:49 | DEBUG | https://www.w3schools.com:443 "GET /sql/sql_sum.asp HTTP/1.1" 200 44237
2026-03-31 17:08:49 | DEBUG | Saved cleaned page: scraper/raw_html\sql__sql_sum.json
2026-03-31 17:08:50 | DEBUG | Starting new HTTPS connection (1): www.w3schools.com:443
2026-03-31 17:08:51 | DEBUG | https://www.w3schools.com:443 "GET /sql/sql_avg.asp HTTP/1.1" 200 44147
2026-03-31 17:08:51 | DEBUG | Saved cleaned page: scraper/raw_html\sql__sql_avg.json
2026-03-31 17:08:52 | DEBUG | Starting new HTTPS connection (1): www.w3schools.com:443
2026-03-31 17:08:53 | DEBUG | https://www.w3schools.com:443 "GET /sql/sql_like.asp HTTP/1.1" 200 44829
2026-03-31 17:08:53 | DEBUG | Saved cleaned page: scraper/raw_html\sql__sql_like.json
2026-03-31 17:08:54 | DEBUG | Starting new HTTPS connection (1): www.w3schools.com:443
2026-03-31 17:08:56 | DEBUG | https://www.w3schools.com:443 "GET /sql/sql_wildcards.asp HTTP/1.1" 200 45022
2026-03-31 17:08:56 | DEBUG | Saved cleaned page: scraper/raw_html\sql__sql_wildcards.json
2026-03-31 17:08:57 | DEBUG | Starting new HTTPS connection (1): www.w3schools.com:443
2026-03-31 17:08:59 | DEBUG | https://www.w3schools.com:443 "GET /sql/sql_in.asp HTTP/1.1" 200 44447
2026-03-31 17:08:59 | DEBUG | Saved cleaned page: scraper/raw_html\sql__sql_in.json
2026-03-31 17:09:00 | DEBUG | Starting new HTTPS connection (1): www.w3schools.com:443
2026-03-31 17:09:01 | DEBUG | https://www.w3schools.com:443 "GET /sql/sql_between.asp HTTP/1.1" 200 44406
2026-03-31 17:09:01 | DEBUG | Saved cleaned page: scraper/raw_html\sql__sql_between.json
2026-03-31 17:09:02 | DEBUG | Starting new HTTPS connection (1): www.w3schools.com:443
2026-03-31 17:09:03 | DEBUG | https://www.w3schools.com:443 "GET /sql/sql_alias.asp HTTP/1.1" 200 44872
2026-03-31 17:09:03 | DEBUG | Saved cleaned page: scraper/raw_html\sql__sql_alias.json
2026-03-31 17:09:04 | DEBUG | Starting new HTTPS connection (1): www.w3schools.com:443
2026-03-31 17:09:04 | DEBUG | https://www.w3schools.com:443 "GET /sql/sql_join.asp HTTP/1.1" 200 44052
2026-03-31 17:09:05 | DEBUG | Saved cleaned page: scraper/raw_html\sql__sql_join.json
2026-03-31 17:09:06 | DEBUG | Starting new HTTPS connection (1): www.w3schools.com:443
2026-03-31 17:09:06 | DEBUG | https://www.w3schools.com:443 "GET /sql/sql_join_inner.asp HTTP/1.1" 200 44642
2026-03-31 17:09:06 | DEBUG | Saved cleaned page: scraper/raw_html\sql__sql_join_inner.json
2026-03-31 17:09:07 | DEBUG | Starting new HTTPS connection (1): www.w3schools.com:443
2026-03-31 17:09:08 | DEBUG | https://www.w3schools.com:443 "GET /sql/sql_join_left.asp HTTP/1.1" 200 44199
2026-03-31 17:09:08 | DEBUG | Saved cleaned page: scraper/raw_html\sql__sql_join_left.json
2026-03-31 17:09:09 | DEBUG | Starting new HTTPS connection (1): www.w3schools.com:443
2026-03-31 17:09:09 | DEBUG | https://www.w3schools.com:443 "GET /sql/sql_join_right.asp HTTP/1.1" 200 44011
2026-03-31 17:09:10 | DEBUG | Saved cleaned page: scraper/raw_html\sql__sql_join_right.json
2026-03-31 17:09:11 | DEBUG | Starting new HTTPS connection (1): www.w3schools.com:443
2026-03-31 17:09:11 | DEBUG | https://www.w3schools.com:443 "GET /sql/sql_join_full.asp HTTP/1.1" 200 44360
2026-03-31 17:09:11 | DEBUG | Saved cleaned page: scraper/raw_html\sql__sql_join_full.json
2026-03-31 17:09:12 | DEBUG | Starting new HTTPS connection (1): www.w3schools.com:443
2026-03-31 17:09:13 | DEBUG | https://www.w3schools.com:443 "GET /sql/sql_join_self.asp HTTP/1.1" 200 43878
2026-03-31 17:09:13 | DEBUG | Saved cleaned page: scraper/raw_html\sql__sql_join_self.json
2026-03-31 17:09:14 | DEBUG | Starting new HTTPS connection (1): www.w3schools.com:443
2026-03-31 17:09:15 | DEBUG | https://www.w3schools.com:443 "GET /sql/sql_union.asp HTTP/1.1" 200 44577
2026-03-31 17:09:15 | DEBUG | Saved cleaned page: scraper/raw_html\sql__sql_union.json
2026-03-31 17:09:16 | DEBUG | Starting new HTTPS connection (1): www.w3schools.com:443
2026-03-31 17:09:16 | DEBUG | https://www.w3schools.com:443 "GET /sql/sql_union_all.asp HTTP/1.1" 200 44330
2026-03-31 17:09:16 | DEBUG | Saved cleaned page: scraper/raw_html\sql__sql_union_all.json
2026-03-31 17:09:18 | DEBUG | Starting new HTTPS connection (1): www.w3schools.com:443
2026-03-31 17:09:18 | DEBUG | https://www.w3schools.com:443 "GET /sql/sql_groupby.asp HTTP/1.1" 200 44418
2026-03-31 17:09:18 | DEBUG | Saved cleaned page: scraper/raw_html\sql__sql_groupby.json
2026-03-31 17:09:19 | DEBUG | Starting new HTTPS connection (1): www.w3schools.com:443
2026-03-31 17:09:20 | DEBUG | https://www.w3schools.com:443 "GET /sql/sql_having.asp HTTP/1.1" 200 44676
2026-03-31 17:09:20 | DEBUG | Saved cleaned page: scraper/raw_html\sql__sql_having.json
2026-03-31 17:09:21 | DEBUG | Starting new HTTPS connection (1): www.w3schools.com:443
2026-03-31 17:09:22 | DEBUG | https://www.w3schools.com:443 "GET /sql/sql_exists.asp HTTP/1.1" 200 44196
2026-03-31 17:09:22 | DEBUG | Saved cleaned page: scraper/raw_html\sql__sql_exists.json
2026-03-31 17:09:23 | DEBUG | Starting new HTTPS connection (1): www.w3schools.com:443
2026-03-31 17:09:24 | DEBUG | https://www.w3schools.com:443 "GET /sql/sql_any_all.asp HTTP/1.1" 200 43989
2026-03-31 17:09:24 | DEBUG | Saved cleaned page: scraper/raw_html\sql__sql_any_all.json
2026-03-31 17:09:25 | DEBUG | Starting new HTTPS connection (1): www.w3schools.com:443
2026-03-31 17:09:26 | DEBUG | https://www.w3schools.com:443 "GET /sql/sql_all.asp HTTP/1.1" 200 43970
2026-03-31 17:09:26 | DEBUG | Saved cleaned page: scraper/raw_html\sql__sql_all.json
2026-03-31 17:09:27 | DEBUG | Starting new HTTPS connection (1): www.w3schools.com:443
2026-03-31 17:09:28 | DEBUG | https://www.w3schools.com:443 "GET /sql/sql_select_into.asp HTTP/1.1" 200 43906
2026-03-31 17:09:28 | DEBUG | Saved cleaned page: scraper/raw_html\sql__sql_select_into.json
2026-03-31 17:09:29 | DEBUG | Starting new HTTPS connection (1): www.w3schools.com:443
2026-03-31 17:09:29 | DEBUG | https://www.w3schools.com:443 "GET /sql/sql_insert_into_select.asp HTTP/1.1" 200 44245
2026-03-31 17:09:29 | DEBUG | Saved cleaned page: scraper/raw_html\sql__sql_insert_into_select.json
2026-03-31 17:09:31 | DEBUG | Starting new HTTPS connection (1): www.w3schools.com:443
2026-03-31 17:09:31 | DEBUG | https://www.w3schools.com:443 "GET /sql/sql_case.asp HTTP/1.1" 200 43689
2026-03-31 17:09:31 | DEBUG | Saved cleaned page: scraper/raw_html\sql__sql_case.json
2026-03-31 17:09:32 | DEBUG | Starting new HTTPS connection (1): www.w3schools.com:443
2026-03-31 17:09:33 | DEBUG | https://www.w3schools.com:443 "GET /sql/sql_isnull.asp HTTP/1.1" 200 44413
2026-03-31 17:09:33 | DEBUG | Saved cleaned page: scraper/raw_html\sql__sql_isnull.json
2026-03-31 17:09:34 | DEBUG | Starting new HTTPS connection (1): www.w3schools.com:443
2026-03-31 17:09:35 | DEBUG | https://www.w3schools.com:443 "GET /sql/sql_stored_procedures.asp HTTP/1.1" 200 44736
2026-03-31 17:09:35 | DEBUG | Saved cleaned page: scraper/raw_html\sql__sql_stored_procedures.json
2026-03-31 17:09:36 | DEBUG | Starting new HTTPS connection (1): www.w3schools.com:443
2026-03-31 17:09:36 | DEBUG | https://www.w3schools.com:443 "GET /sql/sql_comments.asp HTTP/1.1" 200 43907
2026-03-31 17:09:37 | DEBUG | Saved cleaned page: scraper/raw_html\sql__sql_comments.json
2026-03-31 17:09:38 | DEBUG | Starting new HTTPS connection (1): www.w3schools.com:443
2026-03-31 17:09:38 | DEBUG | https://www.w3schools.com:443 "GET /sql/sql_operators.asp HTTP/1.1" 200 44046
2026-03-31 17:09:38 | DEBUG | Saved cleaned page: scraper/raw_html\sql__sql_operators.json
2026-03-31 17:09:40 | DEBUG | Starting new HTTPS connection (1): www.w3schools.com:443
2026-03-31 17:09:40 | DEBUG | https://www.w3schools.com:443 "GET /sql/sql_create_db.asp HTTP/1.1" 200 43460
2026-03-31 17:09:40 | DEBUG | Saved cleaned page: scraper/raw_html\sql__sql_create_db.json
2026-03-31 17:09:41 | DEBUG | Starting new HTTPS connection (1): www.w3schools.com:443
2026-03-31 17:09:42 | DEBUG | https://www.w3schools.com:443 "GET /sql/sql_drop_db.asp HTTP/1.1" 200 43560
2026-03-31 17:09:42 | DEBUG | Saved cleaned page: scraper/raw_html\sql__sql_drop_db.json
2026-03-31 17:09:43 | DEBUG | Starting new HTTPS connection (1): www.w3schools.com:443
2026-03-31 17:09:44 | DEBUG | https://www.w3schools.com:443 "GET /sql/sql_backup_db.asp HTTP/1.1" 200 43618
2026-03-31 17:09:44 | DEBUG | Saved cleaned page: scraper/raw_html\sql__sql_backup_db.json
2026-03-31 17:09:45 | DEBUG | Starting new HTTPS connection (1): www.w3schools.com:443
2026-03-31 17:09:45 | DEBUG | https://www.w3schools.com:443 "GET /sql/sql_create_table.asp HTTP/1.1" 200 44230
2026-03-31 17:09:45 | DEBUG | Saved cleaned page: scraper/raw_html\sql__sql_create_table.json
2026-03-31 17:09:47 | DEBUG | Starting new HTTPS connection (1): www.w3schools.com:443
2026-03-31 17:09:48 | DEBUG | https://www.w3schools.com:443 "GET /sql/sql_drop_table.asp HTTP/1.1" 200 43639
2026-03-31 17:09:49 | DEBUG | Saved cleaned page: scraper/raw_html\sql__sql_drop_table.json
2026-03-31 17:09:50 | DEBUG | Starting new HTTPS connection (1): www.w3schools.com:443
2026-03-31 17:09:51 | DEBUG | https://www.w3schools.com:443 "GET /sql/sql_alter.asp HTTP/1.1" 200 44580
2026-03-31 17:09:51 | DEBUG | Saved cleaned page: scraper/raw_html\sql__sql_alter.json
2026-03-31 17:09:52 | DEBUG | Starting new HTTPS connection (1): www.w3schools.com:443
2026-03-31 17:09:54 | DEBUG | https://www.w3schools.com:443 "GET /sql/sql_constraints.asp HTTP/1.1" 200 43679
2026-03-31 17:09:54 | DEBUG | Saved cleaned page: scraper/raw_html\sql__sql_constraints.json
2026-03-31 17:09:55 | DEBUG | Starting new HTTPS connection (1): www.w3schools.com:443
2026-03-31 17:09:57 | DEBUG | https://www.w3schools.com:443 "GET /sql/sql_notnull.asp HTTP/1.1" 200 43728
2026-03-31 17:09:57 | DEBUG | Saved cleaned page: scraper/raw_html\sql__sql_notnull.json
2026-03-31 17:09:58 | DEBUG | Starting new HTTPS connection (1): www.w3schools.com:443
2026-03-31 17:10:00 | DEBUG | https://www.w3schools.com:443 "GET /sql/sql_unique.asp HTTP/1.1" 200 43714
2026-03-31 17:10:00 | DEBUG | Saved cleaned page: scraper/raw_html\sql__sql_unique.json
2026-03-31 17:10:02 | DEBUG | Starting new HTTPS connection (1): www.w3schools.com:443
2026-03-31 17:10:03 | DEBUG | https://www.w3schools.com:443 "GET /sql/sql_primarykey.asp HTTP/1.1" 200 43963
2026-03-31 17:10:04 | DEBUG | Saved cleaned page: scraper/raw_html\sql__sql_primarykey.json
2026-03-31 17:10:05 | DEBUG | Starting new HTTPS connection (1): www.w3schools.com:443
2026-03-31 17:10:05 | DEBUG | https://www.w3schools.com:443 "GET /sql/sql_foreignkey.asp HTTP/1.1" 200 43975
2026-03-31 17:10:05 | DEBUG | Saved cleaned page: scraper/raw_html\sql__sql_foreignkey.json
2026-03-31 17:10:07 | DEBUG | Starting new HTTPS connection (1): www.w3schools.com:443
2026-03-31 17:10:07 | DEBUG | https://www.w3schools.com:443 "GET /sql/sql_check.asp HTTP/1.1" 200 43746
2026-03-31 17:10:07 | DEBUG | Saved cleaned page: scraper/raw_html\sql__sql_check.json
2026-03-31 17:10:08 | DEBUG | Starting new HTTPS connection (1): www.w3schools.com:443
2026-03-31 17:10:10 | DEBUG | https://www.w3schools.com:443 "GET /sql/sql_create_index.asp HTTP/1.1" 200 43874
2026-03-31 17:10:10 | DEBUG | Saved cleaned page: scraper/raw_html\sql__sql_create_index.json
2026-03-31 17:10:11 | DEBUG | Starting new HTTPS connection (1): www.w3schools.com:443
2026-03-31 17:10:13 | DEBUG | https://www.w3schools.com:443 "GET /sql/sql_autoincrement.asp HTTP/1.1" 200 44271
2026-03-31 17:10:13 | DEBUG | Saved cleaned page: scraper/raw_html\sql__sql_autoincrement.json
2026-03-31 17:10:14 | DEBUG | Starting new HTTPS connection (1): www.w3schools.com:443
2026-03-31 17:10:16 | DEBUG | https://www.w3schools.com:443 "GET /sql/sql_dates.asp HTTP/1.1" 200 44155
2026-03-31 17:10:16 | DEBUG | Saved cleaned page: scraper/raw_html\sql__sql_dates.json
2026-03-31 17:10:17 | DEBUG | Starting new HTTPS connection (1): www.w3schools.com:443
2026-03-31 17:10:19 | DEBUG | https://www.w3schools.com:443 "GET /sql/sql_view.asp HTTP/1.1" 200 43994
2026-03-31 17:10:19 | DEBUG | Saved cleaned page: scraper/raw_html\sql__sql_view.json
2026-03-31 17:10:20 | DEBUG | Starting new HTTPS connection (1): www.w3schools.com:443
2026-03-31 17:10:22 | DEBUG | https://www.w3schools.com:443 "GET /sql/sql_injection.asp HTTP/1.1" 200 44477
2026-03-31 17:10:22 | DEBUG | Saved cleaned page: scraper/raw_html\sql__sql_injection.json
2026-03-31 17:10:23 | DEBUG | Starting new HTTPS connection (1): www.w3schools.com:443
2026-03-31 17:10:25 | DEBUG | https://www.w3schools.com:443 "GET /sql/sql_parameterized_queries.asp HTTP/1.1" 200 43964
2026-03-31 17:10:25 | DEBUG | Saved cleaned page: scraper/raw_html\sql__sql_parameterized_queries.json
2026-03-31 17:10:26 | DEBUG | Starting new HTTPS connection (1): www.w3schools.com:443
2026-03-31 17:10:28 | DEBUG | https://www.w3schools.com:443 "GET /sql/sql_prepared_statements.asp HTTP/1.1" 200 44827
2026-03-31 17:10:28 | DEBUG | Saved cleaned page: scraper/raw_html\sql__sql_prepared_statements.json
2026-03-31 17:10:29 | DEBUG | Starting new HTTPS connection (1): www.w3schools.com:443
2026-03-31 17:10:31 | DEBUG | https://www.w3schools.com:443 "GET /sql/sql_hosting.asp HTTP/1.1" 200 43629
2026-03-31 17:10:31 | DEBUG | Saved cleaned page: scraper/raw_html\sql__sql_hosting.json
2026-03-31 17:10:33 | DEBUG | Starting new HTTPS connection (1): www.w3schools.com:443
2026-03-31 17:10:33 | DEBUG | https://www.w3schools.com:443 "GET /sql/sql_datatypes.asp HTTP/1.1" 200 47192
2026-03-31 17:10:33 | DEBUG | Saved cleaned page: scraper/raw_html\sql__sql_datatypes.json
2026-03-31 17:10:34 | DEBUG | Starting new HTTPS connection (1): www.w3schools.com:443
2026-03-31 17:10:35 | DEBUG | https://www.w3schools.com:443 "GET /sql/sql_quickref.asp HTTP/1.1" 200 44071
2026-03-31 17:10:35 | DEBUG | Saved cleaned page: scraper/raw_html\sql__sql_quickref.json
2026-03-31 17:10:36 | DEBUG | Starting new HTTPS connection (1): www.w3schools.com:443
2026-03-31 17:10:37 | DEBUG | https://www.w3schools.com:443 "GET /sql/sql_editor.asp HTTP/1.1" 200 44279
2026-03-31 17:10:37 | DEBUG | Saved cleaned page: scraper/raw_html\sql__sql_editor.json
2026-03-31 17:10:38 | DEBUG | Starting new HTTPS connection (1): www.w3schools.com:443
2026-03-31 17:10:40 | DEBUG | https://www.w3schools.com:443 "GET /sql/sql_server.asp HTTP/1.1" 200 53644
2026-03-31 17:10:40 | DEBUG | Saved cleaned page: scraper/raw_html\sql__sql_server.json
2026-03-31 17:10:41 | DEBUG | Starting new HTTPS connection (1): www.w3schools.com:443
2026-03-31 17:10:43 | DEBUG | https://www.w3schools.com:443 "GET /sql/sql_syllabus.asp HTTP/1.1" 200 45665
2026-03-31 17:10:43 | DEBUG | Saved cleaned page: scraper/raw_html\sql__sql_syllabus.json
2026-03-31 17:10:44 | DEBUG | Starting new HTTPS connection (1): www.w3schools.com:443
2026-03-31 17:10:46 | DEBUG | https://www.w3schools.com:443 "GET /sql/sql_study_plan.asp HTTP/1.1" 200 45243
2026-03-31 17:10:46 | DEBUG | Saved cleaned page: scraper/raw_html\sql__sql_study_plan.json
2026-03-31 17:10:47 | DEBUG | Starting new HTTPS connection (1): www.w3schools.com:443
2026-03-31 17:10:49 | DEBUG | https://www.w3schools.com:443 "GET /sql/sql_exam.asp HTTP/1.1" 200 46216
2026-03-31 17:10:49 | DEBUG | Saved cleaned page: scraper/raw_html\sql__sql_exam.json
2026-03-31 17:10:50 | DEBUG | Starting new HTTPS connection (1): www.w3schools.com:443
2026-03-31 17:10:52 | DEBUG | https://www.w3schools.com:443 "GET /sql/sql_training.asp HTTP/1.1" 200 45765
2026-03-31 17:10:52 | DEBUG | Saved cleaned page: scraper/raw_html\sql__sql_training.json
2026-03-31 17:10:54 | DEBUG | Starting new HTTPS connection (1): www.w3schools.com:443
2026-03-31 17:10:55 | DEBUG | https://www.w3schools.com:443 "GET /sql/sql_and_or.asp HTTP/1.1" 301 84
2026-03-31 17:10:55 | DEBUG | https://www.w3schools.com:443 "GET /sql/sql_and.asp HTTP/1.1" 200 44741
2026-03-31 17:10:56 | DEBUG | Saved cleaned page: scraper/raw_html\sql__sql_and_or.json
2026-03-31 17:10:57 | DEBUG | Starting new HTTPS connection (1): www.w3schools.com:443
2026-03-31 17:10:58 | DEBUG | https://www.w3schools.com:443 "GET /sql/sql_count_avg_sum.asp HTTP/1.1" 200 44239
2026-03-31 17:10:59 | DEBUG | Saved cleaned page: scraper/raw_html\sql__sql_count_avg_sum.json
2026-03-31 17:11:00 | DEBUG | Starting new HTTPS connection (1): www.w3schools.com:443
2026-03-31 17:11:02 | DEBUG | https://www.w3schools.com:443 "GET /css/css_positioning.asp HTTP/1.1" 301 84
2026-03-31 17:11:02 | DEBUG | https://www.w3schools.com:443 "GET /css/css_position.asp HTTP/1.1" 200 43429
2026-03-31 17:11:02 | DEBUG | Saved cleaned page: scraper/raw_html\css__css_positioning.json
2026-03-31 17:11:03 | DEBUG | Starting new HTTPS connection (1): www.w3schools.com:443
2026-03-31 17:11:05 | DEBUG | https://www.w3schools.com:443 "GET /css/css_navbar_horizontal_fixed.asp HTTP/1.1" 200 44051
2026-03-31 17:11:06 | DEBUG | Saved cleaned page: scraper/raw_html\css__css_navbar_horizontal_fixed.json
2026-03-31 17:11:07 | DEBUG | Starting new HTTPS connection (1): www.w3schools.com:443
2026-03-31 17:11:08 | DEBUG | https://www.w3schools.com:443 "GET /css/css_form.asp HTTP/1.1" 200 43623
2026-03-31 17:11:08 | DEBUG | Saved cleaned page: scraper/raw_html\css__css_form.json
2026-03-31 17:11:09 | INFO | Already scraped, loading from disk: https://www.w3schools.com/css/CSS_exam.asp
2026-03-31 17:11:10 | INFO | Already scraped, loading from disk: https://www.w3schools.com/css/CSS_syllabus.asp
2026-03-31 17:11:11 | DEBUG | Starting new HTTPS connection (1): www.w3schools.com:443
2026-03-31 17:11:13 | DEBUG | https://www.w3schools.com:443 "GET /css/css_study_plan.png HTTP/1.1" 200 847694
2026-03-31 17:11:14 | DEBUG | Encoding detection: Unable to determine any suitable charset.
2026-03-31 17:11:14 | WARNING | No div#main found for https://www.w3schools.com/css/css_study_plan.png, skipping
2026-03-31 17:11:14 | DEBUG | Saved cleaned page: scraper/raw_html\css__css_study_plan.png.json
2026-03-31 17:11:15 | DEBUG | Starting new HTTPS connection (1): www.w3schools.com:443
2026-03-31 17:11:16 | DEBUG | https://www.w3schools.com:443 "GET /python/python_study_plan.png HTTP/1.1" 200 293902
2026-03-31 17:11:17 | DEBUG | Encoding detection: Unable to determine any suitable charset.
2026-03-31 17:11:17 | WARNING | No div#main found for https://www.w3schools.com/python/python_study_plan.png, skipping
2026-03-31 17:11:17 | DEBUG | Saved cleaned page: scraper/raw_html\python__python_study_plan.png.json
2026-03-31 17:11:18 | DEBUG | Starting new HTTPS connection (1): www.w3schools.com:443
2026-03-31 17:11:19 | DEBUG | https://www.w3schools.com:443 "GET /js/js_object_constructor.asp HTTP/1.1" 301 85
2026-03-31 17:11:20 | DEBUG | https://www.w3schools.com:443 "GET /js/js_object_constructors.asp HTTP/1.1" 200 43959
2026-03-31 17:11:20 | DEBUG | Saved cleaned page: scraper/raw_html\js__js_object_constructor.json
2026-03-31 17:11:21 | DEBUG | Starting new HTTPS connection (1): www.w3schools.com:443
2026-03-31 17:11:22 | DEBUG | https://www.w3schools.com:443 "GET /js/js_temporal_plainyearmont.asp HTTP/1.1" 404 9496
2026-03-31 17:11:22 | WARNING | Attempt 1 failed for https://www.w3schools.com/js/js_temporal_plainyearmont.asp: 404 Client Error: Not Found for url: https://www.w3schools.com/js/js_temporal_plainyearmont.asp
2026-03-31 17:11:24 | DEBUG | Starting new HTTPS connection (1): www.w3schools.com:443
2026-03-31 17:11:24 | DEBUG | https://www.w3schools.com:443 "GET /js/js_temporal_plainyearmont.asp HTTP/1.1" 404 9496
2026-03-31 17:11:24 | WARNING | Attempt 2 failed for https://www.w3schools.com/js/js_temporal_plainyearmont.asp: 404 Client Error: Not Found for url: https://www.w3schools.com/js/js_temporal_plainyearmont.asp
2026-03-31 17:11:26 | DEBUG | Starting new HTTPS connection (1): www.w3schools.com:443
2026-03-31 17:11:27 | DEBUG | https://www.w3schools.com:443 "GET /js/js_temporal_plainyearmont.asp HTTP/1.1" 404 9496
2026-03-31 17:11:27 | WARNING | Attempt 3 failed for https://www.w3schools.com/js/js_temporal_plainyearmont.asp: 404 Client Error: Not Found for url: https://www.w3schools.com/js/js_temporal_plainyearmont.asp
2026-03-31 17:11:27 | ERROR | All retries exhausted for https://www.w3schools.com/js/js_temporal_plainyearmont.asp
2026-03-31 17:11:27 | DEBUG | Recorded failed URL https://www.w3schools.com/js/js_temporal_plainyearmont.asp
2026-03-31 17:11:28 | DEBUG | Starting new HTTPS connection (1): www.w3schools.com:443
2026-03-31 17:11:29 | DEBUG | https://www.w3schools.com:443 "GET /js/js_news.asp HTTP/1.1" 301 85
2026-03-31 17:11:29 | DEBUG | https://www.w3schools.com:443 "GET /js/js_versions.asp HTTP/1.1" 200 43645
2026-03-31 17:11:29 | DEBUG | Saved cleaned page: scraper/raw_html\js__js_news.json
2026-03-31 17:11:30 | DEBUG | Starting new HTTPS connection (1): www.w3schools.com:443
2026-03-31 17:11:30 | DEBUG | https://www.w3schools.com:443 "GET /js/js_loop_forin.asp HTTP/1.1" 200 43579
2026-03-31 17:11:30 | DEBUG | Saved cleaned page: scraper/raw_html\js__js_loop_forin.json
2026-03-31 17:11:32 | DEBUG | Starting new HTTPS connection (1): www.w3schools.com:443
2026-03-31 17:11:33 | DEBUG | https://www.w3schools.com:443 "GET /js/js_object_maps.asp HTTP/1.1" 301 85
2026-03-31 17:11:33 | DEBUG | https://www.w3schools.com:443 "GET /js/js_maps.asp HTTP/1.1" 200 43827
2026-03-31 17:11:33 | DEBUG | Saved cleaned page: scraper/raw_html\js__js_object_maps.json
2026-03-31 17:11:34 | DEBUG | Starting new HTTPS connection (1): www.w3schools.com:443
2026-03-31 17:11:34 | DEBUG | https://www.w3schools.com:443 "GET /js/js_object_sets.asp HTTP/1.1" 301 85
2026-03-31 17:11:34 | DEBUG | https://www.w3schools.com:443 "GET /js/js_sets.asp HTTP/1.1" 200 43322
2026-03-31 17:11:35 | DEBUG | Saved cleaned page: scraper/raw_html\js__js_object_sets.json
2026-03-31 17:11:36 | DEBUG | Starting new HTTPS connection (1): www.w3schools.com:443
2026-03-31 17:11:37 | DEBUG | https://www.w3schools.com:443 "GET /js/js_data_types.asp HTTP/1.1" 404 9496
2026-03-31 17:11:37 | WARNING | Attempt 1 failed for https://www.w3schools.com/js/js_data_types.asp: 404 Client Error: Not Found for url: https://www.w3schools.com/js/js_data_types.asp
2026-03-31 17:11:39 | DEBUG | Starting new HTTPS connection (1): www.w3schools.com:443
2026-03-31 17:11:39 | DEBUG | https://www.w3schools.com:443 "GET /js/js_data_types.asp HTTP/1.1" 404 9496
2026-03-31 17:11:39 | WARNING | Attempt 2 failed for https://www.w3schools.com/js/js_data_types.asp: 404 Client Error: Not Found for url: https://www.w3schools.com/js/js_data_types.asp
2026-03-31 17:11:41 | DEBUG | Starting new HTTPS connection (1): www.w3schools.com:443
2026-03-31 17:11:42 | DEBUG | https://www.w3schools.com:443 "GET /js/js_data_types.asp HTTP/1.1" 404 9496
2026-03-31 17:11:42 | WARNING | Attempt 3 failed for https://www.w3schools.com/js/js_data_types.asp: 404 Client Error: Not Found for url: https://www.w3schools.com/js/js_data_types.asp
2026-03-31 17:11:42 | ERROR | All retries exhausted for https://www.w3schools.com/js/js_data_types.asp
2026-03-31 17:11:42 | DEBUG | Recorded failed URL https://www.w3schools.com/js/js_data_types.asp
2026-03-31 17:11:43 | DEBUG | Starting new HTTPS connection (1): www.w3schools.com:443
2026-03-31 17:11:44 | DEBUG | https://www.w3schools.com:443 "GET /js/js_style_guide.asp HTTP/1.1" 404 9496
2026-03-31 17:11:44 | WARNING | Attempt 1 failed for https://www.w3schools.com/js/js_style_guide.asp: 404 Client Error: Not Found for url: https://www.w3schools.com/js/js_style_guide.asp
2026-03-31 17:11:46 | DEBUG | Starting new HTTPS connection (1): www.w3schools.com:443
2026-03-31 17:11:48 | DEBUG | https://www.w3schools.com:443 "GET /js/js_style_guide.asp HTTP/1.1" 404 9496
2026-03-31 17:11:48 | WARNING | Attempt 2 failed for https://www.w3schools.com/js/js_style_guide.asp: 404 Client Error: Not Found for url: https://www.w3schools.com/js/js_style_guide.asp
2026-03-31 17:11:50 | DEBUG | Starting new HTTPS connection (1): www.w3schools.com:443
2026-03-31 17:11:51 | DEBUG | https://www.w3schools.com:443 "GET /js/js_style_guide.asp HTTP/1.1" 404 9496
2026-03-31 17:11:51 | WARNING | Attempt 3 failed for https://www.w3schools.com/js/js_style_guide.asp: 404 Client Error: Not Found for url: https://www.w3schools.com/js/js_style_guide.asp
2026-03-31 17:11:51 | ERROR | All retries exhausted for https://www.w3schools.com/js/js_style_guide.asp
2026-03-31 17:11:51 | DEBUG | Recorded failed URL https://www.w3schools.com/js/js_style_guide.asp
2026-03-31 17:11:52 | DEBUG | Starting new HTTPS connection (1): www.w3schools.com:443
2026-03-31 17:11:54 | DEBUG | https://www.w3schools.com:443 "GET /js/js_class_intro.asp HTTP/1.1" 301 85
2026-03-31 17:11:55 | DEBUG | https://www.w3schools.com:443 "GET /js/js_classes.asp HTTP/1.1" 200 43605
2026-03-31 17:11:55 | DEBUG | Saved cleaned page: scraper/raw_html\js__js_class_intro.json
2026-03-31 17:11:56 | DEBUG | Starting new HTTPS connection (1): www.w3schools.com:443
2026-03-31 17:11:58 | DEBUG | https://www.w3schools.com:443 "GET /js/js_study_plan.png HTTP/1.1" 200 867220
2026-03-31 17:11:59 | DEBUG | Encoding detection: Unable to determine any suitable charset.
2026-03-31 17:11:59 | WARNING | No div#main found for https://www.w3schools.com/js/js_study_plan.png, skipping
2026-03-31 17:11:59 | DEBUG | Saved cleaned page: scraper/raw_html\js__js_study_plan.png.json
2026-03-31 17:12:00 | DEBUG | Starting new HTTPS connection (1): www.w3schools.com:443
2026-03-31 17:12:01 | DEBUG | https://www.w3schools.com:443 "GET /css/css_list_styling.asp HTTP/1.1" 200 43342
2026-03-31 17:12:02 | DEBUG | Saved cleaned page: scraper/raw_html\css__css_list_styling.json
2026-03-31 17:12:03 | INFO | Already scraped, loading from disk: https://www.w3schools.com/sql/SQL_syllabus.asp
2026-03-31 17:12:04 | DEBUG | Starting new HTTPS connection (1): www.w3schools.com:443
2026-03-31 17:12:04 | DEBUG | https://www.w3schools.com:443 "GET /sql/sql_study_plan.png HTTP/1.1" 200 809761
2026-03-31 17:12:05 | DEBUG | Encoding detection: Unable to determine any suitable charset.
2026-03-31 17:12:05 | WARNING | No div#main found for https://www.w3schools.com/sql/sql_study_plan.png, skipping
2026-03-31 17:12:05 | DEBUG | Saved cleaned page: scraper/raw_html\sql__sql_study_plan.png.json
2026-03-31 17:12:06 | DEBUG | Starting new HTTPS connection (1): www.w3schools.com:443
2026-03-31 17:12:07 | DEBUG | https://www.w3schools.com:443 "GET /css/css_form_styling.asp HTTP/1.1" 200 45479
2026-03-31 17:12:07 | DEBUG | Saved cleaned page: scraper/raw_html\css__css_form_styling.json
2026-03-31 17:12:08 | DEBUG | Starting new HTTPS connection (1): www.w3schools.com:443
2026-03-31 17:12:09 | DEBUG | https://www.w3schools.com:443 "GET /js/js_loop_forof.asp HTTP/1.1" 200 42732
2026-03-31 17:12:09 | DEBUG | Saved cleaned page: scraper/raw_html\js__js_loop_forof.json
2026-03-31 17:12:10 | INFO | Loaded 769 saved pages from raw_html/
2026-03-31 17:12:10 | INFO | Total pages loaded: 769
2026-03-31 17:12:12 | INFO | Saved 1238 records to scraper/chunks.json
2026-03-31 17:27:16 | INFO | Starting scrape for 6 seeds
2026-03-31 17:27:16 | DEBUG | Starting new HTTPS connection (1): www.w3schools.com:443
2026-03-31 17:27:17 | DEBUG | https://www.w3schools.com:443 "GET /html/ HTTP/1.1" 200 46267
2026-03-31 17:27:18 | DEBUG | Starting new HTTPS connection (1): www.w3schools.com:443
2026-03-31 17:27:19 | DEBUG | https://www.w3schools.com:443 "GET /css/ HTTP/1.1" 200 46975
2026-03-31 17:27:20 | DEBUG | Starting new HTTPS connection (1): www.w3schools.com:443
2026-03-31 17:27:20 | DEBUG | https://www.w3schools.com:443 "GET /js/ HTTP/1.1" 200 46566
2026-03-31 17:27:21 | DEBUG | Starting new HTTPS connection (1): www.w3schools.com:443
2026-03-31 17:27:22 | DEBUG | https://www.w3schools.com:443 "GET /python/ HTTP/1.1" 200 47294
2026-03-31 17:27:23 | DEBUG | Starting new HTTPS connection (1): www.w3schools.com:443
2026-03-31 17:27:24 | DEBUG | https://www.w3schools.com:443 "GET /sql/ HTTP/1.1" 200 47201
2026-03-31 17:27:25 | DEBUG | Starting new HTTPS connection (1): www.w3schools.com:443
2026-03-31 17:27:26 | DEBUG | https://www.w3schools.com:443 "GET /react/ HTTP/1.1" 200 43912
2026-03-31 17:27:27 | INFO | Already scraped, loading from disk: https://www.w3schools.com/css/css_rwd_intro.asp
2026-03-31 17:27:28 | INFO | Already scraped, loading from disk: https://www.w3schools.com/python/python_ml_getting_started.asp
2026-03-31 17:27:29 | INFO | Already scraped, loading from disk: https://www.w3schools.com/js/js_json_intro.asp
2026-03-31 17:27:30 | INFO | Already scraped, loading from disk: https://www.w3schools.com/js/js_ajax_intro.asp
2026-03-31 17:27:31 | INFO | Already scraped, loading from disk: https://www.w3schools.com/html/html_intro.asp
2026-03-31 17:27:32 | INFO | Already scraped, loading from disk: https://www.w3schools.com/html/html_editors.asp
2026-03-31 17:27:34 | INFO | Already scraped, loading from disk: https://www.w3schools.com/html/html_basic.asp
2026-03-31 17:27:35 | INFO | Already scraped, loading from disk: https://www.w3schools.com/html/html_elements.asp
2026-03-31 17:27:36 | INFO | Already scraped, loading from disk: https://www.w3schools.com/html/html_attributes.asp
2026-03-31 17:27:37 | INFO | Already scraped, loading from disk: https://www.w3schools.com/html/html_headings.asp
2026-03-31 17:27:38 | INFO | Already scraped, loading from disk: https://www.w3schools.com/html/html_paragraphs.asp
2026-03-31 17:27:39 | INFO | Already scraped, loading from disk: https://www.w3schools.com/html/html_styles.asp
2026-03-31 17:27:40 | INFO | Already scraped, loading from disk: https://www.w3schools.com/html/html_formatting.asp
2026-03-31 17:27:41 | INFO | Already scraped, loading from disk: https://www.w3schools.com/html/html_quotation_elements.asp
2026-03-31 17:27:42 | INFO | Already scraped, loading from disk: https://www.w3schools.com/html/html_comments.asp
2026-03-31 17:27:43 | INFO | Already scraped, loading from disk: https://www.w3schools.com/html/html_colors.asp
2026-03-31 17:27:43 | INFO | Already scraped, loading from disk: https://www.w3schools.com/html/html_colors_rgb.asp
2026-03-31 17:27:44 | INFO | Already scraped, loading from disk: https://www.w3schools.com/html/html_colors_hex.asp
2026-03-31 17:27:45 | INFO | Already scraped, loading from disk: https://www.w3schools.com/html/html_colors_hsl.asp
2026-03-31 17:27:46 | INFO | Already scraped, loading from disk: https://www.w3schools.com/html/html_css.asp
2026-03-31 17:27:48 | INFO | Already scraped, loading from disk: https://www.w3schools.com/html/html_links.asp
2026-03-31 17:27:49 | INFO | Already scraped, loading from disk: https://www.w3schools.com/html/html_links_colors.asp
2026-03-31 17:27:50 | INFO | Already scraped, loading from disk: https://www.w3schools.com/html/html_links_bookmarks.asp
2026-03-31 17:27:51 | INFO | Already scraped, loading from disk: https://www.w3schools.com/html/html_images.asp
2026-03-31 17:27:52 | INFO | Already scraped, loading from disk: https://www.w3schools.com/html/html_images_imagemap.asp
2026-03-31 17:27:53 | INFO | Already scraped, loading from disk: https://www.w3schools.com/html/html_images_background.asp
2026-03-31 17:27:54 | INFO | Already scraped, loading from disk: https://www.w3schools.com/html/html_images_picture.asp
2026-03-31 17:27:55 | INFO | Already scraped, loading from disk: https://www.w3schools.com/html/html_favicon.asp
2026-03-31 17:29:03 | INFO | Starting scrape for 6 seeds
2026-03-31 17:29:03 | DEBUG | Starting new HTTPS connection (1): www.w3schools.com:443
2026-03-31 17:29:03 | DEBUG | https://www.w3schools.com:443 "GET /html/ HTTP/1.1" 200 46267
2026-03-31 17:29:04 | DEBUG | Starting new HTTPS connection (1): www.w3schools.com:443
2026-03-31 17:29:05 | DEBUG | https://www.w3schools.com:443 "GET /css/ HTTP/1.1" 200 46975
2026-03-31 17:29:06 | DEBUG | Starting new HTTPS connection (1): www.w3schools.com:443
2026-03-31 17:29:08 | DEBUG | https://www.w3schools.com:443 "GET /js/ HTTP/1.1" 200 46566
2026-03-31 17:29:09 | DEBUG | Starting new HTTPS connection (1): www.w3schools.com:443
2026-03-31 17:29:10 | DEBUG | https://www.w3schools.com:443 "GET /python/ HTTP/1.1" 200 47294
2026-03-31 17:29:11 | DEBUG | Starting new HTTPS connection (1): www.w3schools.com:443
2026-03-31 17:29:13 | DEBUG | https://www.w3schools.com:443 "GET /sql/ HTTP/1.1" 200 47201
2026-03-31 17:29:14 | DEBUG | Starting new HTTPS connection (1): www.w3schools.com:443
2026-03-31 17:29:16 | DEBUG | https://www.w3schools.com:443 "GET /react/ HTTP/1.1" 200 43912
2026-03-31 17:29:17 | DEBUG | Starting new HTTPS connection (1): www.w3schools.com:443
2026-03-31 17:29:18 | DEBUG | https://www.w3schools.com:443 "GET /css/css_rwd_intro.asp HTTP/1.1" 200 43009
2026-03-31 17:29:18 | DEBUG | Saved cleaned page: scraper/raw_html\css__css_rwd_intro.json
2026-03-31 17:29:19 | DEBUG | Starting new HTTPS connection (1): www.w3schools.com:443
2026-03-31 17:29:21 | DEBUG | https://www.w3schools.com:443 "GET /python/python_ml_getting_started.asp HTTP/1.1" 200 44556
2026-03-31 17:29:21 | DEBUG | Saved cleaned page: scraper/raw_html\python__python_ml_getting_started.json
2026-03-31 17:29:22 | DEBUG | Starting new HTTPS connection (1): www.w3schools.com:443
2026-03-31 17:29:23 | DEBUG | https://www.w3schools.com:443 "GET /js/js_json_intro.asp HTTP/1.1" 301 85
2026-03-31 17:29:24 | DEBUG | https://www.w3schools.com:443 "GET /js/js_json.asp HTTP/1.1" 200 44088
2026-03-31 17:29:24 | DEBUG | Saved cleaned page: scraper/raw_html\js__js_json_intro.json
2026-03-31 17:29:25 | DEBUG | Starting new HTTPS connection (1): www.w3schools.com:443
2026-03-31 17:29:27 | DEBUG | https://www.w3schools.com:443 "GET /js/js_ajax_intro.asp HTTP/1.1" 200 43519
2026-03-31 17:29:27 | DEBUG | Saved cleaned page: scraper/raw_html\js__js_ajax_intro.json
2026-03-31 17:29:28 | DEBUG | Starting new HTTPS connection (1): www.w3schools.com:443
2026-03-31 17:29:29 | DEBUG | https://www.w3schools.com:443 "GET /html/html_intro.asp HTTP/1.1" 200 42458
2026-03-31 17:29:29 | DEBUG | Saved cleaned page: scraper/raw_html\html__html_intro.json
2026-03-31 17:29:30 | DEBUG | Starting new HTTPS connection (1): www.w3schools.com:443
2026-03-31 17:29:30 | DEBUG | https://www.w3schools.com:443 "GET /html/html_editors.asp HTTP/1.1" 200 42160
2026-03-31 17:29:30 | DEBUG | Saved cleaned page: scraper/raw_html\html__html_editors.json
2026-03-31 17:29:32 | DEBUG | Starting new HTTPS connection (1): www.w3schools.com:443
2026-03-31 17:29:32 | DEBUG | https://www.w3schools.com:443 "GET /html/html_basic.asp HTTP/1.1" 200 41520
2026-03-31 17:29:32 | DEBUG | Saved cleaned page: scraper/raw_html\html__html_basic.json
2026-03-31 17:29:33 | DEBUG | Starting new HTTPS connection (1): www.w3schools.com:443
2026-03-31 17:29:35 | DEBUG | https://www.w3schools.com:443 "GET /html/html_elements.asp HTTP/1.1" 200 42186
2026-03-31 17:29:35 | DEBUG | Saved cleaned page: scraper/raw_html\html__html_elements.json
2026-03-31 17:29:36 | DEBUG | Starting new HTTPS connection (1): www.w3schools.com:443
2026-03-31 17:29:37 | DEBUG | https://www.w3schools.com:443 "GET /html/html_attributes.asp HTTP/1.1" 200 43053
2026-03-31 17:29:37 | DEBUG | Saved cleaned page: scraper/raw_html\html__html_attributes.json
2026-03-31 17:29:38 | DEBUG | Starting new HTTPS connection (1): www.w3schools.com:443
2026-03-31 17:29:39 | DEBUG | https://www.w3schools.com:443 "GET /html/html_headings.asp HTTP/1.1" 200 41728
2026-03-31 17:29:40 | DEBUG | Saved cleaned page: scraper/raw_html\html__html_headings.json
2026-03-31 17:29:41 | INFO | Test limit 10 reached, stopping.
2026-03-31 17:29:41 | INFO | Loaded 10 saved pages from raw_html/
2026-03-31 17:29:41 | INFO | Total pages loaded: 10
2026-03-31 17:29:41 | INFO | Saved 18 records to scraper/chunks_test.json
2026-03-31 17:36:16 | INFO | Starting scrape for 6 seeds
2026-03-31 17:36:16 | DEBUG | Starting new HTTPS connection (1): www.w3schools.com:443
2026-03-31 17:36:17 | DEBUG | https://www.w3schools.com:443 "GET /html/ HTTP/1.1" 200 46267
2026-03-31 17:36:18 | DEBUG | Starting new HTTPS connection (1): www.w3schools.com:443
2026-03-31 17:36:18 | DEBUG | https://www.w3schools.com:443 "GET /css/ HTTP/1.1" 200 46975
2026-03-31 17:36:20 | DEBUG | Starting new HTTPS connection (1): www.w3schools.com:443
2026-03-31 17:36:20 | DEBUG | https://www.w3schools.com:443 "GET /js/ HTTP/1.1" 200 46566
2026-03-31 17:36:21 | DEBUG | Starting new HTTPS connection (1): www.w3schools.com:443
2026-03-31 17:36:21 | DEBUG | https://www.w3schools.com:443 "GET /python/ HTTP/1.1" 200 47294
2026-03-31 17:36:23 | DEBUG | Starting new HTTPS connection (1): www.w3schools.com:443
2026-03-31 17:36:23 | DEBUG | https://www.w3schools.com:443 "GET /sql/ HTTP/1.1" 200 47201
2026-03-31 17:36:24 | DEBUG | Starting new HTTPS connection (1): www.w3schools.com:443
2026-03-31 17:36:25 | DEBUG | https://www.w3schools.com:443 "GET /react/ HTTP/1.1" 200 43912
2026-03-31 17:36:26 | DEBUG | Starting new HTTPS connection (1): www.w3schools.com:443
2026-03-31 17:36:26 | DEBUG | https://www.w3schools.com:443 "GET /css/css_rwd_intro.asp HTTP/1.1" 200 43009
2026-03-31 17:36:26 | DEBUG | Saved cleaned page: scraper/raw_html\css__css_rwd_intro.json
2026-03-31 17:36:27 | DEBUG | Starting new HTTPS connection (1): www.w3schools.com:443
2026-03-31 17:36:28 | DEBUG | https://www.w3schools.com:443 "GET /python/python_ml_getting_started.asp HTTP/1.1" 200 44556
2026-03-31 17:36:28 | DEBUG | Saved cleaned page: scraper/raw_html\python__python_ml_getting_started.json
2026-03-31 17:36:29 | DEBUG | Starting new HTTPS connection (1): www.w3schools.com:443
2026-03-31 17:36:30 | DEBUG | https://www.w3schools.com:443 "GET /js/js_json_intro.asp HTTP/1.1" 301 85
2026-03-31 17:36:30 | DEBUG | https://www.w3schools.com:443 "GET /js/js_json.asp HTTP/1.1" 200 44088
2026-03-31 17:36:30 | DEBUG | Saved cleaned page: scraper/raw_html\js__js_json_intro.json
2026-03-31 17:36:31 | DEBUG | Starting new HTTPS connection (1): www.w3schools.com:443
2026-03-31 17:36:32 | DEBUG | https://www.w3schools.com:443 "GET /js/js_ajax_intro.asp HTTP/1.1" 200 43519
2026-03-31 17:36:32 | DEBUG | Saved cleaned page: scraper/raw_html\js__js_ajax_intro.json
2026-03-31 17:36:33 | DEBUG | Starting new HTTPS connection (1): www.w3schools.com:443
2026-03-31 17:36:33 | DEBUG | https://www.w3schools.com:443 "GET /html/html_intro.asp HTTP/1.1" 200 42458
2026-03-31 17:36:33 | DEBUG | Saved cleaned page: scraper/raw_html\html__html_intro.json
2026-03-31 17:36:34 | DEBUG | Starting new HTTPS connection (1): www.w3schools.com:443
2026-03-31 17:36:35 | DEBUG | https://www.w3schools.com:443 "GET /html/html_editors.asp HTTP/1.1" 200 42160
2026-03-31 17:36:35 | DEBUG | Saved cleaned page: scraper/raw_html\html__html_editors.json
2026-03-31 17:36:36 | DEBUG | Starting new HTTPS connection (1): www.w3schools.com:443
2026-03-31 17:36:37 | DEBUG | https://www.w3schools.com:443 "GET /html/html_basic.asp HTTP/1.1" 200 41520
2026-03-31 17:36:37 | DEBUG | Saved cleaned page: scraper/raw_html\html__html_basic.json
2026-03-31 17:36:38 | DEBUG | Starting new HTTPS connection (1): www.w3schools.com:443
2026-03-31 17:36:38 | DEBUG | https://www.w3schools.com:443 "GET /html/html_elements.asp HTTP/1.1" 200 42186
2026-03-31 17:36:38 | DEBUG | Saved cleaned page: scraper/raw_html\html__html_elements.json
2026-03-31 17:36:39 | DEBUG | Starting new HTTPS connection (1): www.w3schools.com:443
2026-03-31 17:36:40 | DEBUG | https://www.w3schools.com:443 "GET /html/html_attributes.asp HTTP/1.1" 200 43053
2026-03-31 17:36:40 | DEBUG | Saved cleaned page: scraper/raw_html\html__html_attributes.json
2026-03-31 17:36:41 | DEBUG | Starting new HTTPS connection (1): www.w3schools.com:443
2026-03-31 17:36:41 | DEBUG | https://www.w3schools.com:443 "GET /html/html_headings.asp HTTP/1.1" 200 41728
2026-03-31 17:36:42 | DEBUG | Saved cleaned page: scraper/raw_html\html__html_headings.json
2026-03-31 17:36:43 | INFO | Test limit 10 reached, stopping.
2026-03-31 17:36:43 | INFO | Loaded 10 saved pages from raw_html/
2026-03-31 17:36:43 | INFO | Total pages loaded: 10
2026-03-31 17:36:43 | INFO | Saved 18 records to scraper/chunks_test.json
2026-04-01 11:33:33 | INFO | Starting scrape for 6 seeds
2026-04-01 11:33:33 | DEBUG | Starting new HTTPS connection (1): www.w3schools.com:443
2026-04-01 11:33:34 | DEBUG | https://www.w3schools.com:443 "GET /html/ HTTP/1.1" 200 46267
2026-04-01 11:33:36 | DEBUG | Starting new HTTPS connection (1): www.w3schools.com:443
2026-04-01 11:33:36 | DEBUG | https://www.w3schools.com:443 "GET /css/ HTTP/1.1" 200 46975
2026-04-01 11:33:37 | DEBUG | Starting new HTTPS connection (1): www.w3schools.com:443
2026-04-01 11:33:39 | DEBUG | https://www.w3schools.com:443 "GET /js/ HTTP/1.1" 200 46566
2026-04-01 11:33:40 | DEBUG | Starting new HTTPS connection (1): www.w3schools.com:443
2026-04-01 11:33:41 | DEBUG | https://www.w3schools.com:443 "GET /python/ HTTP/1.1" 200 47294
2026-04-01 11:33:42 | DEBUG | Starting new HTTPS connection (1): www.w3schools.com:443
2026-04-01 11:33:42 | DEBUG | https://www.w3schools.com:443 "GET /sql/ HTTP/1.1" 200 47201
2026-04-01 11:33:44 | DEBUG | Starting new HTTPS connection (1): www.w3schools.com:443
2026-04-01 11:33:44 | DEBUG | https://www.w3schools.com:443 "GET /react/ HTTP/1.1" 200 43912
2026-04-01 11:33:45 | DEBUG | Starting new HTTPS connection (1): www.w3schools.com:443
2026-04-01 11:33:46 | DEBUG | https://www.w3schools.com:443 "GET /css/css_rwd_intro.asp HTTP/1.1" 200 43009
2026-04-01 11:33:46 | DEBUG | Saved cleaned page: scraper/raw_html\css__css_rwd_intro.json
2026-04-01 11:33:47 | DEBUG | Starting new HTTPS connection (1): www.w3schools.com:443
2026-04-01 11:33:48 | DEBUG | https://www.w3schools.com:443 "GET /python/python_ml_getting_started.asp HTTP/1.1" 200 44556
2026-04-01 11:33:48 | DEBUG | Saved cleaned page: scraper/raw_html\python__python_ml_getting_started.json
2026-04-01 11:33:50 | DEBUG | Starting new HTTPS connection (1): www.w3schools.com:443
2026-04-01 11:33:51 | DEBUG | https://www.w3schools.com:443 "GET /js/js_json_intro.asp HTTP/1.1" 301 85
2026-04-01 11:33:51 | DEBUG | https://www.w3schools.com:443 "GET /js/js_json.asp HTTP/1.1" 200 44088
2026-04-01 11:33:51 | DEBUG | Saved cleaned page: scraper/raw_html\js__js_json_intro.json
2026-04-01 11:33:52 | DEBUG | Starting new HTTPS connection (1): www.w3schools.com:443
2026-04-01 11:33:53 | DEBUG | https://www.w3schools.com:443 "GET /js/js_ajax_intro.asp HTTP/1.1" 200 43519
2026-04-01 11:33:53 | DEBUG | Saved cleaned page: scraper/raw_html\js__js_ajax_intro.json
2026-04-01 11:33:54 | DEBUG | Starting new HTTPS connection (1): www.w3schools.com:443
2026-04-01 11:33:56 | DEBUG | https://www.w3schools.com:443 "GET /html/html_intro.asp HTTP/1.1" 200 42458
2026-04-01 11:33:56 | DEBUG | Saved cleaned page: scraper/raw_html\html__html_intro.json
2026-04-01 11:33:57 | DEBUG | Starting new HTTPS connection (1): www.w3schools.com:443
2026-04-01 11:33:59 | DEBUG | https://www.w3schools.com:443 "GET /html/html_editors.asp HTTP/1.1" 200 42160
2026-04-01 11:33:59 | DEBUG | Saved cleaned page: scraper/raw_html\html__html_editors.json
2026-04-01 11:34:00 | DEBUG | Starting new HTTPS connection (1): www.w3schools.com:443
2026-04-01 11:34:01 | DEBUG | https://www.w3schools.com:443 "GET /html/html_basic.asp HTTP/1.1" 200 41520
2026-04-01 11:34:01 | DEBUG | Saved cleaned page: scraper/raw_html\html__html_basic.json
2026-04-01 11:34:03 | DEBUG | Starting new HTTPS connection (1): www.w3schools.com:443
2026-04-01 11:34:04 | DEBUG | https://www.w3schools.com:443 "GET /html/html_elements.asp HTTP/1.1" 200 42186
2026-04-01 11:34:04 | DEBUG | Saved cleaned page: scraper/raw_html\html__html_elements.json
2026-04-01 11:34:05 | DEBUG | Starting new HTTPS connection (1): www.w3schools.com:443
2026-04-01 11:34:06 | DEBUG | https://www.w3schools.com:443 "GET /html/html_attributes.asp HTTP/1.1" 200 43053
2026-04-01 11:34:06 | DEBUG | Saved cleaned page: scraper/raw_html\html__html_attributes.json
2026-04-01 11:34:07 | DEBUG | Starting new HTTPS connection (1): www.w3schools.com:443
2026-04-01 11:34:08 | DEBUG | https://www.w3schools.com:443 "GET /html/html_headings.asp HTTP/1.1" 200 41728
2026-04-01 11:34:08 | DEBUG | Saved cleaned page: scraper/raw_html\html__html_headings.json
2026-04-01 11:34:09 | DEBUG | Starting new HTTPS connection (1): www.w3schools.com:443
2026-04-01 11:34:10 | DEBUG | https://www.w3schools.com:443 "GET /html/html_paragraphs.asp HTTP/1.1" 200 41866
2026-04-01 11:34:10 | DEBUG | Saved cleaned page: scraper/raw_html\html__html_paragraphs.json
2026-04-01 11:34:11 | DEBUG | Starting new HTTPS connection (1): www.w3schools.com:443
2026-04-01 11:34:12 | DEBUG | https://www.w3schools.com:443 "GET /html/html_styles.asp HTTP/1.1" 200 41510
2026-04-01 11:34:12 | DEBUG | Saved cleaned page: scraper/raw_html\html__html_styles.json
2026-04-01 11:34:13 | DEBUG | Starting new HTTPS connection (1): www.w3schools.com:443
2026-04-01 11:34:15 | DEBUG | https://www.w3schools.com:443 "GET /html/html_formatting.asp HTTP/1.1" 200 42162
2026-04-01 11:34:15 | DEBUG | Saved cleaned page: scraper/raw_html\html__html_formatting.json
2026-04-01 11:34:16 | DEBUG | Starting new HTTPS connection (1): www.w3schools.com:443
2026-04-01 11:34:18 | DEBUG | https://www.w3schools.com:443 "GET /html/html_quotation_elements.asp HTTP/1.1" 200 42143
2026-04-01 11:34:18 | DEBUG | Saved cleaned page: scraper/raw_html\html__html_quotation_elements.json
2026-04-01 11:34:19 | DEBUG | Starting new HTTPS connection (1): www.w3schools.com:443
2026-04-01 11:34:20 | DEBUG | https://www.w3schools.com:443 "GET /html/html_comments.asp HTTP/1.1" 200 41374
2026-04-01 11:34:21 | DEBUG | Saved cleaned page: scraper/raw_html\html__html_comments.json
2026-04-01 11:34:22 | DEBUG | Starting new HTTPS connection (1): www.w3schools.com:443
2026-04-01 11:34:23 | DEBUG | https://www.w3schools.com:443 "GET /html/html_colors.asp HTTP/1.1" 200 41948
2026-04-01 11:34:23 | DEBUG | Saved cleaned page: scraper/raw_html\html__html_colors.json
2026-04-01 11:34:25 | DEBUG | Starting new HTTPS connection (1): www.w3schools.com:443
2026-04-01 11:34:27 | DEBUG | https://www.w3schools.com:443 "GET /html/html_colors_rgb.asp HTTP/1.1" 200 42276
2026-04-01 11:34:27 | DEBUG | Saved cleaned page: scraper/raw_html\html__html_colors_rgb.json
2026-04-01 11:34:28 | DEBUG | Starting new HTTPS connection (1): www.w3schools.com:443
2026-04-01 11:34:31 | DEBUG | https://www.w3schools.com:443 "GET /html/html_colors_hex.asp HTTP/1.1" 200 41556
2026-04-01 11:34:31 | DEBUG | Saved cleaned page: scraper/raw_html\html__html_colors_hex.json
2026-04-01 11:34:32 | DEBUG | Starting new HTTPS connection (1): www.w3schools.com:443
2026-04-01 11:34:34 | DEBUG | https://www.w3schools.com:443 "GET /html/html_colors_hsl.asp HTTP/1.1" 200 42417
2026-04-01 11:34:34 | DEBUG | Saved cleaned page: scraper/raw_html\html__html_colors_hsl.json
2026-04-01 11:34:35 | DEBUG | Starting new HTTPS connection (1): www.w3schools.com:443
2026-04-01 11:34:36 | DEBUG | https://www.w3schools.com:443 "GET /html/html_css.asp HTTP/1.1" 200 43279
2026-04-01 11:34:36 | DEBUG | Saved cleaned page: scraper/raw_html\html__html_css.json
2026-04-01 11:34:37 | DEBUG | Starting new HTTPS connection (1): www.w3schools.com:443
2026-04-01 11:34:38 | DEBUG | https://www.w3schools.com:443 "GET /html/html_links.asp HTTP/1.1" 200 42785
2026-04-01 11:34:38 | DEBUG | Saved cleaned page: scraper/raw_html\html__html_links.json
2026-04-01 11:34:39 | DEBUG | Starting new HTTPS connection (1): www.w3schools.com:443
2026-04-01 11:34:40 | DEBUG | https://www.w3schools.com:443 "GET /html/html_links_colors.asp HTTP/1.1" 200 41199
2026-04-01 11:34:40 | DEBUG | Saved cleaned page: scraper/raw_html\html__html_links_colors.json
2026-04-01 11:34:41 | DEBUG | Starting new HTTPS connection (1): www.w3schools.com:443
2026-04-01 11:34:42 | DEBUG | https://www.w3schools.com:443 "GET /html/html_links_bookmarks.asp HTTP/1.1" 200 41078
2026-04-01 11:34:42 | DEBUG | Saved cleaned page: scraper/raw_html\html__html_links_bookmarks.json
2026-04-01 11:34:43 | DEBUG | Starting new HTTPS connection (1): www.w3schools.com:443
2026-04-01 11:34:44 | DEBUG | https://www.w3schools.com:443 "GET /html/html_images.asp HTTP/1.1" 200 43389
2026-04-01 11:34:44 | DEBUG | Saved cleaned page: scraper/raw_html\html__html_images.json
2026-04-01 11:34:45 | DEBUG | Starting new HTTPS connection (1): www.w3schools.com:443
2026-04-01 11:34:46 | DEBUG | https://www.w3schools.com:443 "GET /html/html_images_imagemap.asp HTTP/1.1" 200 42815
2026-04-01 11:34:46 | DEBUG | Saved cleaned page: scraper/raw_html\html__html_images_imagemap.json
2026-04-01 11:34:47 | DEBUG | Starting new HTTPS connection (1): www.w3schools.com:443
2026-04-01 11:34:48 | DEBUG | https://www.w3schools.com:443 "GET /html/html_images_background.asp HTTP/1.1" 200 41281
2026-04-01 11:34:48 | DEBUG | Saved cleaned page: scraper/raw_html\html__html_images_background.json
2026-04-01 11:34:50 | DEBUG | Starting new HTTPS connection (1): www.w3schools.com:443
2026-04-01 11:34:51 | DEBUG | https://www.w3schools.com:443 "GET /html/html_images_picture.asp HTTP/1.1" 200 41433
2026-04-01 11:34:51 | DEBUG | Saved cleaned page: scraper/raw_html\html__html_images_picture.json
2026-04-01 11:34:52 | DEBUG | Starting new HTTPS connection (1): www.w3schools.com:443
2026-04-01 11:34:53 | DEBUG | https://www.w3schools.com:443 "GET /html/html_favicon.asp HTTP/1.1" 200 41257
2026-04-01 11:34:53 | DEBUG | Saved cleaned page: scraper/raw_html\html__html_favicon.json
2026-04-01 11:34:54 | DEBUG | Starting new HTTPS connection (1): www.w3schools.com:443
2026-04-01 11:34:55 | DEBUG | https://www.w3schools.com:443 "GET /html/html_page_title.asp HTTP/1.1" 200 40918
2026-04-01 11:34:55 | DEBUG | Saved cleaned page: scraper/raw_html\html__html_page_title.json
2026-04-01 11:34:56 | DEBUG | Starting new HTTPS connection (1): www.w3schools.com:443
2026-04-01 11:34:57 | DEBUG | https://www.w3schools.com:443 "GET /html/html_tables.asp HTTP/1.1" 200 42749
2026-04-01 11:34:57 | DEBUG | Saved cleaned page: scraper/raw_html\html__html_tables.json
2026-04-01 11:34:58 | DEBUG | Starting new HTTPS connection (1): www.w3schools.com:443
2026-04-01 11:34:59 | DEBUG | https://www.w3schools.com:443 "GET /html/html_table_borders.asp HTTP/1.1" 200 41583
2026-04-01 11:34:59 | DEBUG | Saved cleaned page: scraper/raw_html\html__html_table_borders.json
2026-04-01 11:35:00 | DEBUG | Starting new HTTPS connection (1): www.w3schools.com:443
2026-04-01 11:35:01 | DEBUG | https://www.w3schools.com:443 "GET /html/html_table_sizes.asp HTTP/1.1" 200 41261
2026-04-01 11:35:01 | DEBUG | Saved cleaned page: scraper/raw_html\html__html_table_sizes.json
2026-04-01 11:35:02 | DEBUG | Starting new HTTPS connection (1): www.w3schools.com:443
2026-04-01 11:35:03 | DEBUG | https://www.w3schools.com:443 "GET /html/html_table_headers.asp HTTP/1.1" 200 41864
2026-04-01 11:35:03 | DEBUG | Saved cleaned page: scraper/raw_html\html__html_table_headers.json
2026-04-01 11:35:04 | DEBUG | Starting new HTTPS connection (1): www.w3schools.com:443
2026-04-01 11:35:05 | DEBUG | https://www.w3schools.com:443 "GET /html/html_table_padding_spacing.asp HTTP/1.1" 200 41067
2026-04-01 11:35:05 | DEBUG | Saved cleaned page: scraper/raw_html\html__html_table_padding_spacing.json
2026-04-01 11:35:06 | DEBUG | Starting new HTTPS connection (1): www.w3schools.com:443
2026-04-01 11:35:07 | DEBUG | https://www.w3schools.com:443 "GET /html/html_table_colspan_rowspan.asp HTTP/1.1" 200 40999
2026-04-01 11:35:07 | DEBUG | Saved cleaned page: scraper/raw_html\html__html_table_colspan_rowspan.json
2026-04-01 11:35:08 | DEBUG | Starting new HTTPS connection (1): www.w3schools.com:443
2026-04-01 11:35:10 | DEBUG | https://www.w3schools.com:443 "GET /html/html_table_styling.asp HTTP/1.1" 200 41844
2026-04-01 11:35:10 | DEBUG | Saved cleaned page: scraper/raw_html\html__html_table_styling.json
2026-04-01 11:35:11 | DEBUG | Starting new HTTPS connection (1): www.w3schools.com:443
2026-04-01 11:35:13 | DEBUG | https://www.w3schools.com:443 "GET /html/html_table_colgroup.asp HTTP/1.1" 200 41848
2026-04-01 11:35:14 | DEBUG | Saved cleaned page: scraper/raw_html\html__html_table_colgroup.json
2026-04-01 11:35:15 | DEBUG | Starting new HTTPS connection (1): www.w3schools.com:443
2026-04-01 11:35:16 | DEBUG | https://www.w3schools.com:443 "GET /html/html_lists.asp HTTP/1.1" 200 41367
2026-04-01 11:35:16 | DEBUG | Saved cleaned page: scraper/raw_html\html__html_lists.json
2026-04-01 11:35:18 | DEBUG | Starting new HTTPS connection (1): www.w3schools.com:443
2026-04-01 11:35:18 | DEBUG | https://www.w3schools.com:443 "GET /html/html_lists_unordered.asp HTTP/1.1" 200 41763
2026-04-01 11:35:19 | DEBUG | Saved cleaned page: scraper/raw_html\html__html_lists_unordered.json
2026-04-01 11:35:20 | DEBUG | Starting new HTTPS connection (1): www.w3schools.com:443
2026-04-01 11:35:20 | DEBUG | https://www.w3schools.com:443 "GET /html/html_lists_ordered.asp HTTP/1.1" 200 41446
2026-04-01 11:35:20 | DEBUG | Saved cleaned page: scraper/raw_html\html__html_lists_ordered.json
2026-04-01 11:35:22 | DEBUG | Starting new HTTPS connection (1): www.w3schools.com:443
2026-04-01 11:35:24 | DEBUG | https://www.w3schools.com:443 "GET /html/html_lists_other.asp HTTP/1.1" 200 40865
2026-04-01 11:35:24 | DEBUG | Saved cleaned page: scraper/raw_html\html__html_lists_other.json
2026-04-01 11:35:25 | DEBUG | Starting new HTTPS connection (1): www.w3schools.com:443
2026-04-01 11:35:27 | DEBUG | https://www.w3schools.com:443 "GET /html/html_blocks.asp HTTP/1.1" 200 42668
2026-04-01 11:35:28 | DEBUG | Saved cleaned page: scraper/raw_html\html__html_blocks.json
2026-04-01 11:35:29 | DEBUG | Starting new HTTPS connection (1): www.w3schools.com:443
2026-04-01 11:35:30 | DEBUG | https://www.w3schools.com:443 "GET /html/html_div.asp HTTP/1.1" 200 42552
2026-04-01 11:35:30 | DEBUG | Saved cleaned page: scraper/raw_html\html__html_div.json
2026-04-01 11:35:31 | DEBUG | Starting new HTTPS connection (1): www.w3schools.com:443
2026-04-01 11:35:34 | DEBUG | https://www.w3schools.com:443 "GET /html/html_classes.asp HTTP/1.1" 200 42350
2026-04-01 11:35:34 | DEBUG | Saved cleaned page: scraper/raw_html\html__html_classes.json
2026-04-01 11:35:35 | DEBUG | Starting new HTTPS connection (1): www.w3schools.com:443
2026-04-01 11:35:37 | DEBUG | https://www.w3schools.com:443 "GET /html/html_id.asp HTTP/1.1" 200 42343
2026-04-01 11:35:37 | DEBUG | Saved cleaned page: scraper/raw_html\html__html_id.json
2026-04-01 11:35:38 | DEBUG | Starting new HTTPS connection (1): www.w3schools.com:443
2026-04-01 11:35:40 | DEBUG | https://www.w3schools.com:443 "GET /html/html_buttons.asp HTTP/1.1" 200 41409
2026-04-01 11:35:41 | DEBUG | Saved cleaned page: scraper/raw_html\html__html_buttons.json
2026-04-01 11:35:42 | DEBUG | Starting new HTTPS connection (1): www.w3schools.com:443
2026-04-01 11:35:43 | DEBUG | https://www.w3schools.com:443 "GET /html/html_iframe.asp HTTP/1.1" 200 41697
2026-04-01 11:35:43 | DEBUG | Saved cleaned page: scraper/raw_html\html__html_iframe.json
2026-04-01 11:35:44 | DEBUG | Starting new HTTPS connection (1): www.w3schools.com:443
2026-04-01 11:35:44 | DEBUG | https://www.w3schools.com:443 "GET /html/html_scripts.asp HTTP/1.1" 200 41599
2026-04-01 11:35:45 | DEBUG | Saved cleaned page: scraper/raw_html\html__html_scripts.json
2026-04-01 11:35:46 | DEBUG | Starting new HTTPS connection (1): www.w3schools.com:443
2026-04-01 11:35:46 | DEBUG | https://www.w3schools.com:443 "GET /html/html_filepaths.asp HTTP/1.1" 200 41031
2026-04-01 11:35:46 | DEBUG | Saved cleaned page: scraper/raw_html\html__html_filepaths.json
2026-04-01 11:35:48 | DEBUG | Starting new HTTPS connection (1): www.w3schools.com:443
2026-04-01 11:35:48 | DEBUG | https://www.w3schools.com:443 "GET /html/html_head.asp HTTP/1.1" 200 43303
2026-04-01 11:35:49 | DEBUG | Saved cleaned page: scraper/raw_html\html__html_head.json
2026-04-01 11:35:50 | DEBUG | Starting new HTTPS connection (1): www.w3schools.com:443
2026-04-01 11:35:52 | DEBUG | https://www.w3schools.com:443 "GET /html/html_layout.asp HTTP/1.1" 200 42713
2026-04-01 11:35:52 | DEBUG | Saved cleaned page: scraper/raw_html\html__html_layout.json
2026-04-01 11:35:54 | DEBUG | Starting new HTTPS connection (1): www.w3schools.com:443
2026-04-01 11:35:56 | DEBUG | https://www.w3schools.com:443 "GET /html/html_responsive.asp HTTP/1.1" 200 43785
2026-04-01 11:35:56 | DEBUG | Saved cleaned page: scraper/raw_html\html__html_responsive.json
2026-04-01 11:35:57 | DEBUG | Starting new HTTPS connection (1): www.w3schools.com:443
2026-04-01 11:35:59 | DEBUG | https://www.w3schools.com:443 "GET /html/html_computercode_elements.asp HTTP/1.1" 200 41594
2026-04-01 11:35:59 | DEBUG | Saved cleaned page: scraper/raw_html\html__html_computercode_elements.json
2026-04-01 11:36:00 | DEBUG | Starting new HTTPS connection (1): www.w3schools.com:443
2026-04-01 11:36:01 | DEBUG | https://www.w3schools.com:443 "GET /html/html_entities.asp HTTP/1.1" 200 41935
2026-04-01 11:36:02 | DEBUG | Saved cleaned page: scraper/raw_html\html__html_entities.json
2026-04-01 11:36:03 | DEBUG | Starting new HTTPS connection (1): www.w3schools.com:443
2026-04-01 11:36:04 | DEBUG | https://www.w3schools.com:443 "GET /html/html_symbols.asp HTTP/1.1" 200 42874
2026-04-01 11:36:04 | DEBUG | Saved cleaned page: scraper/raw_html\html__html_symbols.json
2026-04-01 11:36:06 | DEBUG | Starting new HTTPS connection (1): www.w3schools.com:443
2026-04-01 11:36:07 | DEBUG | https://www.w3schools.com:443 "GET /html/html_emojis.asp HTTP/1.1" 200 42132
2026-04-01 11:36:07 | DEBUG | Saved cleaned page: scraper/raw_html\html__html_emojis.json
2026-04-01 11:36:08 | DEBUG | Starting new HTTPS connection (1): www.w3schools.com:443
2026-04-01 11:36:11 | DEBUG | https://www.w3schools.com:443 "GET /html/html_charset.asp HTTP/1.1" 200 41810
2026-04-01 11:36:11 | DEBUG | Saved cleaned page: scraper/raw_html\html__html_charset.json
2026-04-01 11:36:12 | DEBUG | Starting new HTTPS connection (1): www.w3schools.com:443
2026-04-01 11:36:14 | DEBUG | https://www.w3schools.com:443 "GET /html/html_urlencode.asp HTTP/1.1" 200 41741
2026-04-01 11:36:14 | DEBUG | Saved cleaned page: scraper/raw_html\html__html_urlencode.json
2026-04-01 11:36:15 | DEBUG | Starting new HTTPS connection (1): www.w3schools.com:443
2026-04-01 11:36:17 | DEBUG | https://www.w3schools.com:443 "GET /html/html_xhtml.asp HTTP/1.1" 200 41840
2026-04-01 11:36:18 | DEBUG | Saved cleaned page: scraper/raw_html\html__html_xhtml.json
2026-04-01 11:36:19 | DEBUG | Starting new HTTPS connection (1): www.w3schools.com:443
2026-04-01 11:36:20 | DEBUG | https://www.w3schools.com:443 "GET /html/html_forms.asp HTTP/1.1" 200 42728
2026-04-01 11:36:20 | DEBUG | Saved cleaned page: scraper/raw_html\html__html_forms.json
2026-04-01 11:36:21 | DEBUG | Starting new HTTPS connection (1): www.w3schools.com:443
2026-04-01 11:36:22 | DEBUG | https://www.w3schools.com:443 "GET /html/html_forms_attributes.asp HTTP/1.1" 200 42193
2026-04-01 11:36:22 | DEBUG | Saved cleaned page: scraper/raw_html\html__html_forms_attributes.json
2026-04-01 11:36:23 | DEBUG | Starting new HTTPS connection (1): www.w3schools.com:443
2026-04-01 11:36:24 | DEBUG | https://www.w3schools.com:443 "GET /html/html_form_elements.asp HTTP/1.1" 200 42939
2026-04-01 11:36:24 | DEBUG | Saved cleaned page: scraper/raw_html\html__html_form_elements.json
2026-04-01 11:36:25 | DEBUG | Starting new HTTPS connection (1): www.w3schools.com:443
2026-04-01 11:36:26 | DEBUG | https://www.w3schools.com:443 "GET /html/html_form_input_types.asp HTTP/1.1" 200 44531
2026-04-01 11:36:26 | DEBUG | Saved cleaned page: scraper/raw_html\html__html_form_input_types.json
2026-04-01 11:36:27 | DEBUG | Starting new HTTPS connection (1): www.w3schools.com:443
2026-04-01 11:36:28 | DEBUG | https://www.w3schools.com:443 "GET /html/html_form_attributes.asp HTTP/1.1" 200 43650
2026-04-01 11:36:28 | DEBUG | Saved cleaned page: scraper/raw_html\html__html_form_attributes.json
2026-04-01 11:36:29 | DEBUG | Starting new HTTPS connection (1): www.w3schools.com:443
2026-04-01 11:36:30 | DEBUG | https://www.w3schools.com:443 "GET /html/html_form_attributes_form.asp HTTP/1.1" 200 42241
2026-04-01 11:36:30 | DEBUG | Saved cleaned page: scraper/raw_html\html__html_form_attributes_form.json
2026-04-01 11:36:31 | DEBUG | Starting new HTTPS connection (1): www.w3schools.com:443
2026-04-01 11:36:33 | DEBUG | https://www.w3schools.com:443 "GET /html/html_media.asp HTTP/1.1" 200 41980
2026-04-01 11:36:34 | DEBUG | Saved cleaned page: scraper/raw_html\html__html_media.json
2026-04-01 11:36:35 | DEBUG | Starting new HTTPS connection (1): www.w3schools.com:443
2026-04-01 11:36:36 | DEBUG | https://www.w3schools.com:443 "GET /html/html_object.asp HTTP/1.1" 200 41102
2026-04-01 11:36:36 | DEBUG | Saved cleaned page: scraper/raw_html\html__html_object.json
2026-04-01 11:36:38 | DEBUG | Starting new HTTPS connection (1): www.w3schools.com:443
2026-04-01 11:36:39 | DEBUG | https://www.w3schools.com:443 "GET /html/html_youtube.asp HTTP/1.1" 200 41347
2026-04-01 11:36:39 | DEBUG | Saved cleaned page: scraper/raw_html\html__html_youtube.json
2026-04-01 11:36:40 | DEBUG | Starting new HTTPS connection (1): www.w3schools.com:443
2026-04-01 11:36:42 | DEBUG | https://www.w3schools.com:443 "GET /html/html_examples.asp HTTP/1.1" 200 44421
2026-04-01 11:36:42 | DEBUG | Saved cleaned page: scraper/raw_html\html__html_examples.json
2026-04-01 11:36:43 | DEBUG | Starting new HTTPS connection (1): www.w3schools.com:443
2026-04-01 11:36:44 | DEBUG | https://www.w3schools.com:443 "GET /html/html_editor.asp HTTP/1.1" 200 41221
2026-04-01 11:36:44 | DEBUG | Saved cleaned page: scraper/raw_html\html__html_editor.json
2026-04-01 11:36:45 | DEBUG | Starting new HTTPS connection (1): www.w3schools.com:443
2026-04-01 11:36:46 | DEBUG | https://www.w3schools.com:443 "GET /html/html_website.asp HTTP/1.1" 200 50763
2026-04-01 11:36:46 | DEBUG | Saved cleaned page: scraper/raw_html\html__html_website.json
2026-04-01 11:36:47 | DEBUG | Starting new HTTPS connection (1): www.w3schools.com:443
2026-04-01 11:36:48 | DEBUG | https://www.w3schools.com:443 "GET /html/html_syllabus.asp HTTP/1.1" 200 43406
2026-04-01 11:36:48 | DEBUG | Saved cleaned page: scraper/raw_html\html__html_syllabus.json
2026-04-01 11:36:50 | DEBUG | Starting new HTTPS connection (1): www.w3schools.com:443
2026-04-01 11:36:50 | DEBUG | https://www.w3schools.com:443 "GET /html/html_study_plan.asp HTTP/1.1" 200 42390
2026-04-01 11:36:51 | DEBUG | Saved cleaned page: scraper/raw_html\html__html_study_plan.json
2026-04-01 11:36:52 | DEBUG | Starting new HTTPS connection (1): www.w3schools.com:443
2026-04-01 11:36:53 | DEBUG | https://www.w3schools.com:443 "GET /html/html_interview_prep.asp HTTP/1.1" 200 42425
2026-04-01 11:36:53 | DEBUG | Saved cleaned page: scraper/raw_html\html__html_interview_prep.json
2026-04-01 11:36:54 | DEBUG | Starting new HTTPS connection (1): www.w3schools.com:443
2026-04-01 11:36:55 | DEBUG | https://www.w3schools.com:443 "GET /html/html_exam.asp HTTP/1.1" 200 43405
2026-04-01 11:36:55 | DEBUG | Saved cleaned page: scraper/raw_html\html__html_exam.json
2026-04-01 11:36:56 | DEBUG | Starting new HTTPS connection (1): www.w3schools.com:443
2026-04-01 11:36:57 | DEBUG | https://www.w3schools.com:443 "GET /html/html_summary.asp HTTP/1.1" 200 44063
2026-04-01 11:36:57 | DEBUG | Saved cleaned page: scraper/raw_html\html__html_summary.json
2026-04-01 11:36:58 | DEBUG | Starting new HTTPS connection (1): www.w3schools.com:443
2026-04-01 11:36:59 | DEBUG | https://www.w3schools.com:443 "GET /html/html_accessibility.asp HTTP/1.1" 200 42428
2026-04-01 11:36:59 | DEBUG | Saved cleaned page: scraper/raw_html\html__html_accessibility.json
2026-04-01 11:37:01 | DEBUG | Starting new HTTPS connection (1): www.w3schools.com:443
2026-04-01 11:37:03 | DEBUG | https://www.w3schools.com:443 "GET /css/css_examples.asp HTTP/1.1" 200 53376
2026-04-01 11:37:03 | DEBUG | Saved cleaned page: scraper/raw_html\css__css_examples.json
2026-04-01 11:37:04 | DEBUG | Starting new HTTPS connection (1): www.w3schools.com:443
2026-04-01 11:37:06 | DEBUG | https://www.w3schools.com:443 "GET /js/js_examples.asp HTTP/1.1" 200 48692
2026-04-01 11:37:06 | DEBUG | Saved cleaned page: scraper/raw_html\js__js_examples.json
2026-04-01 11:37:07 | DEBUG | Starting new HTTPS connection (1): www.w3schools.com:443
2026-04-01 11:37:09 | DEBUG | https://www.w3schools.com:443 "GET /sql/sql_examples.asp HTTP/1.1" 200 47356
2026-04-01 11:37:09 | DEBUG | Saved cleaned page: scraper/raw_html\sql__sql_examples.json
2026-04-01 11:37:10 | DEBUG | Starting new HTTPS connection (1): www.w3schools.com:443
2026-04-01 11:37:11 | DEBUG | https://www.w3schools.com:443 "GET /python/python_examples.asp HTTP/1.1" 200 47059
2026-04-01 11:37:12 | DEBUG | Saved cleaned page: scraper/raw_html\python__python_examples.json
2026-04-01 11:37:13 | DEBUG | Starting new HTTPS connection (1): www.w3schools.com:443
2026-04-01 11:37:14 | DEBUG | https://www.w3schools.com:443 "GET /css/css_intro.asp HTTP/1.1" 200 43485
2026-04-01 11:37:14 | DEBUG | Saved cleaned page: scraper/raw_html\css__css_intro.json
2026-04-01 11:37:15 | DEBUG | Starting new HTTPS connection (1): www.w3schools.com:443
2026-04-01 11:37:17 | DEBUG | https://www.w3schools.com:443 "GET /css/css_syntax.asp HTTP/1.1" 200 43353
2026-04-01 11:37:17 | DEBUG | Saved cleaned page: scraper/raw_html\css__css_syntax.json
2026-04-01 11:37:18 | DEBUG | Starting new HTTPS connection (1): www.w3schools.com:443
2026-04-01 11:37:19 | DEBUG | https://www.w3schools.com:443 "GET /css/css_selectors.asp HTTP/1.1" 200 43497
2026-04-01 11:37:19 | DEBUG | Saved cleaned page: scraper/raw_html\css__css_selectors.json
2026-04-01 11:37:20 | DEBUG | Starting new HTTPS connection (1): www.w3schools.com:443
2026-04-01 11:37:21 | DEBUG | https://www.w3schools.com:443 "GET /css/css_selectors_grouping.asp HTTP/1.1" 200 43509
2026-04-01 11:37:21 | DEBUG | Saved cleaned page: scraper/raw_html\css__css_selectors_grouping.json
2026-04-01 11:37:22 | DEBUG | Starting new HTTPS connection (1): www.w3schools.com:443
2026-04-01 11:37:23 | DEBUG | https://www.w3schools.com:443 "GET /css/css_howto.asp HTTP/1.1" 200 43568
2026-04-01 11:37:23 | DEBUG | Saved cleaned page: scraper/raw_html\css__css_howto.json
2026-04-01 11:37:24 | DEBUG | Starting new HTTPS connection (1): www.w3schools.com:443
2026-04-01 11:37:25 | DEBUG | https://www.w3schools.com:443 "GET /css/css_howto_internal.asp HTTP/1.1" 200 42864
2026-04-01 11:37:25 | DEBUG | Saved cleaned page: scraper/raw_html\css__css_howto_internal.json
2026-04-01 11:37:26 | DEBUG | Starting new HTTPS connection (1): www.w3schools.com:443
2026-04-01 11:37:28 | DEBUG | https://www.w3schools.com:443 "GET /css/css_howto_inline.asp HTTP/1.1" 200 42943
2026-04-01 11:37:29 | DEBUG | Saved cleaned page: scraper/raw_html\css__css_howto_inline.json
2026-04-01 11:37:30 | DEBUG | Starting new HTTPS connection (1): www.w3schools.com:443
2026-04-01 11:37:32 | DEBUG | https://www.w3schools.com:443 "GET /css/css_howto_multiple_cascade.asp HTTP/1.1" 200 43267
2026-04-01 11:37:32 | DEBUG | Saved cleaned page: scraper/raw_html\css__css_howto_multiple_cascade.json
2026-04-01 11:37:33 | DEBUG | Starting new HTTPS connection (1): www.w3schools.com:443
2026-04-01 11:37:35 | DEBUG | https://www.w3schools.com:443 "GET /css/css_comments.asp HTTP/1.1" 200 43547
2026-04-01 11:37:35 | DEBUG | Saved cleaned page: scraper/raw_html\css__css_comments.json
2026-04-01 11:37:36 | DEBUG | Starting new HTTPS connection (1): www.w3schools.com:443
2026-04-01 11:37:38 | DEBUG | https://www.w3schools.com:443 "GET /css/css_errors.asp HTTP/1.1" 200 43176
2026-04-01 11:37:39 | DEBUG | Saved cleaned page: scraper/raw_html\css__css_errors.json
2026-04-01 11:37:40 | DEBUG | Starting new HTTPS connection (1): www.w3schools.com:443
2026-04-01 11:37:41 | DEBUG | https://www.w3schools.com:443 "GET /css/css_colors.asp HTTP/1.1" 200 44055
2026-04-01 11:37:41 | DEBUG | Saved cleaned page: scraper/raw_html\css__css_colors.json
2026-04-01 11:37:42 | DEBUG | Starting new HTTPS connection (1): www.w3schools.com:443
2026-04-01 11:37:44 | DEBUG | https://www.w3schools.com:443 "GET /css/css_colors_rgb.asp HTTP/1.1" 200 44614
2026-04-01 11:37:44 | DEBUG | Saved cleaned page: scraper/raw_html\css__css_colors_rgb.json
2026-04-01 11:37:45 | DEBUG | Starting new HTTPS connection (1): www.w3schools.com:443
2026-04-01 11:37:47 | DEBUG | https://www.w3schools.com:443 "GET /css/css_colors_hex.asp HTTP/1.1" 200 44281
2026-04-01 11:37:47 | DEBUG | Saved cleaned page: scraper/raw_html\css__css_colors_hex.json
2026-04-01 11:37:49 | DEBUG | Starting new HTTPS connection (1): www.w3schools.com:443
2026-04-01 11:37:50 | DEBUG | https://www.w3schools.com:443 "GET /css/css_colors_hsl.asp HTTP/1.1" 200 44916
2026-04-01 11:37:50 | DEBUG | Saved cleaned page: scraper/raw_html\css__css_colors_hsl.json
2026-04-01 11:37:51 | DEBUG | Starting new HTTPS connection (1): www.w3schools.com:443
2026-04-01 11:37:52 | DEBUG | https://www.w3schools.com:443 "GET /css/css_background.asp HTTP/1.1" 200 44267
2026-04-01 11:37:53 | DEBUG | Saved cleaned page: scraper/raw_html\css__css_background.json
2026-04-01 11:37:54 | DEBUG | Starting new HTTPS connection (1): www.w3schools.com:443
2026-04-01 11:37:55 | DEBUG | https://www.w3schools.com:443 "GET /css/css_background_image.asp HTTP/1.1" 200 43337
2026-04-01 11:37:55 | DEBUG | Saved cleaned page: scraper/raw_html\css__css_background_image.json
2026-04-01 11:37:56 | DEBUG | Starting new HTTPS connection (1): www.w3schools.com:443
2026-04-01 11:37:57 | DEBUG | https://www.w3schools.com:443 "GET /css/css_background_repeat.asp HTTP/1.1" 200 43601
2026-04-01 11:37:57 | DEBUG | Saved cleaned page: scraper/raw_html\css__css_background_repeat.json
2026-04-01 11:37:59 | DEBUG | Starting new HTTPS connection (1): www.w3schools.com:443
2026-04-01 11:38:00 | DEBUG | https://www.w3schools.com:443 "GET /css/css_background_attachment.asp HTTP/1.1" 200 43216
2026-04-01 11:38:00 | DEBUG | Saved cleaned page: scraper/raw_html\css__css_background_attachment.json
2026-04-01 11:38:01 | DEBUG | Starting new HTTPS connection (1): www.w3schools.com:443
2026-04-01 11:38:02 | DEBUG | https://www.w3schools.com:443 "GET /css/css_background_shorthand.asp HTTP/1.1" 200 43623
2026-04-01 11:38:02 | DEBUG | Saved cleaned page: scraper/raw_html\css__css_background_shorthand.json
2026-04-01 11:38:04 | DEBUG | Starting new HTTPS connection (1): www.w3schools.com:443
2026-04-01 11:38:05 | DEBUG | https://www.w3schools.com:443 "GET /css/css_border.asp HTTP/1.1" 200 43438
2026-04-01 11:38:05 | DEBUG | Saved cleaned page: scraper/raw_html\css__css_border.json
2026-04-01 11:38:06 | DEBUG | Starting new HTTPS connection (1): www.w3schools.com:443
2026-04-01 11:38:07 | DEBUG | https://www.w3schools.com:443 "GET /css/css_border_width.asp HTTP/1.1" 200 43153
2026-04-01 11:38:08 | DEBUG | Saved cleaned page: scraper/raw_html\css__css_border_width.json
2026-04-01 11:38:09 | DEBUG | Starting new HTTPS connection (1): www.w3schools.com:443
2026-04-01 11:38:10 | DEBUG | https://www.w3schools.com:443 "GET /css/css_border_color.asp HTTP/1.1" 200 43375
2026-04-01 11:38:10 | DEBUG | Saved cleaned page: scraper/raw_html\css__css_border_color.json
2026-04-01 11:38:11 | DEBUG | Starting new HTTPS connection (1): www.w3schools.com:443
2026-04-01 11:38:12 | DEBUG | https://www.w3schools.com:443 "GET /css/css_border_sides.asp HTTP/1.1" 200 43386
2026-04-01 11:38:13 | DEBUG | Saved cleaned page: scraper/raw_html\css__css_border_sides.json
2026-04-01 11:38:14 | DEBUG | Starting new HTTPS connection (1): www.w3schools.com:443
2026-04-01 11:38:15 | DEBUG | https://www.w3schools.com:443 "GET /css/css_border_shorthand.asp HTTP/1.1" 200 43031
2026-04-01 11:38:15 | DEBUG | Saved cleaned page: scraper/raw_html\css__css_border_shorthand.json
2026-04-01 11:38:16 | DEBUG | Starting new HTTPS connection (1): www.w3schools.com:443
2026-04-01 11:38:17 | DEBUG | https://www.w3schools.com:443 "GET /css/css_border_rounded.asp HTTP/1.1" 200 43338
2026-04-01 11:38:17 | DEBUG | Saved cleaned page: scraper/raw_html\css__css_border_rounded.json
2026-04-01 11:38:18 | DEBUG | Starting new HTTPS connection (1): www.w3schools.com:443
2026-04-01 11:38:19 | DEBUG | https://www.w3schools.com:443 "GET /css/css_margin.asp HTTP/1.1" 200 44001
2026-04-01 11:38:19 | DEBUG | Saved cleaned page: scraper/raw_html\css__css_margin.json
2026-04-01 11:38:21 | DEBUG | Starting new HTTPS connection (1): www.w3schools.com:443
2026-04-01 11:38:23 | DEBUG | https://www.w3schools.com:443 "GET /css/css_margin_collapse.asp HTTP/1.1" 200 43238
2026-04-01 11:38:24 | DEBUG | Saved cleaned page: scraper/raw_html\css__css_margin_collapse.json
2026-04-01 11:38:25 | DEBUG | Starting new HTTPS connection (1): www.w3schools.com:443
2026-04-01 11:38:27 | DEBUG | https://www.w3schools.com:443 "GET /css/css_padding.asp HTTP/1.1" 200 43667
2026-04-01 11:38:28 | DEBUG | Saved cleaned page: scraper/raw_html\css__css_padding.json
2026-04-01 11:38:29 | DEBUG | Starting new HTTPS connection (1): www.w3schools.com:443
2026-04-01 11:38:30 | DEBUG | https://www.w3schools.com:443 "GET /css/css_padding_box-sizing.asp HTTP/1.1" 200 43453
2026-04-01 11:38:31 | DEBUG | Saved cleaned page: scraper/raw_html\css__css_padding_box-sizing.json
2026-04-01 11:38:32 | DEBUG | Starting new HTTPS connection (1): www.w3schools.com:443
2026-04-01 11:38:33 | DEBUG | https://www.w3schools.com:443 "GET /css/css_height_width.asp HTTP/1.1" 200 43368
2026-04-01 11:38:33 | DEBUG | Saved cleaned page: scraper/raw_html\css__css_height_width.json
2026-04-01 11:38:34 | DEBUG | Starting new HTTPS connection (1): www.w3schools.com:443
2026-04-01 11:38:37 | DEBUG | https://www.w3schools.com:443 "GET /css/css_height_width_min_max.asp HTTP/1.1" 200 43634
2026-04-01 11:38:37 | DEBUG | Saved cleaned page: scraper/raw_html\css__css_height_width_min_max.json
2026-04-01 11:38:38 | DEBUG | Starting new HTTPS connection (1): www.w3schools.com:443
2026-04-01 11:38:40 | DEBUG | https://www.w3schools.com:443 "GET /css/css_boxmodel.asp HTTP/1.1" 200 44091
2026-04-01 11:38:40 | DEBUG | Saved cleaned page: scraper/raw_html\css__css_boxmodel.json
2026-04-01 11:38:41 | DEBUG | Starting new HTTPS connection (1): www.w3schools.com:443
2026-04-01 11:38:44 | DEBUG | https://www.w3schools.com:443 "GET /css/css_outline.asp HTTP/1.1" 200 44010
2026-04-01 11:38:44 | DEBUG | Saved cleaned page: scraper/raw_html\css__css_outline.json
2026-04-01 11:38:45 | DEBUG | Starting new HTTPS connection (1): www.w3schools.com:443
2026-04-01 11:38:48 | DEBUG | https://www.w3schools.com:443 "GET /css/css_outline_width.asp HTTP/1.1" 200 42973
2026-04-01 11:38:48 | DEBUG | Saved cleaned page: scraper/raw_html\css__css_outline_width.json
2026-04-01 11:38:49 | DEBUG | Starting new HTTPS connection (1): www.w3schools.com:443
2026-04-01 11:38:51 | DEBUG | https://www.w3schools.com:443 "GET /css/css_outline_color.asp HTTP/1.1" 200 43336
2026-04-01 11:38:51 | DEBUG | Saved cleaned page: scraper/raw_html\css__css_outline_color.json
2026-04-01 11:38:52 | DEBUG | Starting new HTTPS connection (1): www.w3schools.com:443
2026-04-01 11:38:55 | DEBUG | https://www.w3schools.com:443 "GET /css/css_outline_shorthand.asp HTTP/1.1" 200 43209
2026-04-01 11:38:55 | DEBUG | Saved cleaned page: scraper/raw_html\css__css_outline_shorthand.json
2026-04-01 11:38:56 | DEBUG | Starting new HTTPS connection (1): www.w3schools.com:443
2026-04-01 11:38:58 | DEBUG | https://www.w3schools.com:443 "GET /css/css_outline_offset.asp HTTP/1.1" 200 43238
2026-04-01 11:38:59 | DEBUG | Saved cleaned page: scraper/raw_html\css__css_outline_offset.json
2026-04-01 11:39:00 | DEBUG | Starting new HTTPS connection (1): www.w3schools.com:443
2026-04-01 11:39:01 | DEBUG | https://www.w3schools.com:443 "GET /css/css_text.asp HTTP/1.1" 200 43438
2026-04-01 11:39:01 | DEBUG | Saved cleaned page: scraper/raw_html\css__css_text.json
2026-04-01 11:39:02 | DEBUG | Starting new HTTPS connection (1): www.w3schools.com:443
2026-04-01 11:39:03 | DEBUG | https://www.w3schools.com:443 "GET /css/css_text_align.asp HTTP/1.1" 200 43966
2026-04-01 11:39:03 | DEBUG | Saved cleaned page: scraper/raw_html\css__css_text_align.json
2026-04-01 11:39:05 | DEBUG | Starting new HTTPS connection (1): www.w3schools.com:443
2026-04-01 11:39:05 | DEBUG | https://www.w3schools.com:443 "GET /css/css_text_decoration.asp HTTP/1.1" 200 43255
2026-04-01 11:39:06 | DEBUG | Saved cleaned page: scraper/raw_html\css__css_text_decoration.json
2026-04-01 11:39:07 | DEBUG | Starting new HTTPS connection (1): www.w3schools.com:443
2026-04-01 11:39:08 | DEBUG | https://www.w3schools.com:443 "GET /css/css_text_decoration_styles.asp HTTP/1.1" 200 43288
2026-04-01 11:39:09 | DEBUG | Saved cleaned page: scraper/raw_html\css__css_text_decoration_styles.json
2026-04-01 11:39:10 | DEBUG | Starting new HTTPS connection (1): www.w3schools.com:443
2026-04-01 11:39:11 | DEBUG | https://www.w3schools.com:443 "GET /css/css_text_transformation.asp HTTP/1.1" 200 43041
2026-04-01 11:39:11 | DEBUG | Saved cleaned page: scraper/raw_html\css__css_text_transformation.json
2026-04-01 11:39:13 | DEBUG | Starting new HTTPS connection (1): www.w3schools.com:443
2026-04-01 11:39:13 | DEBUG | https://www.w3schools.com:443 "GET /css/css_text_spacing.asp HTTP/1.1" 200 43446
2026-04-01 11:39:14 | DEBUG | Saved cleaned page: scraper/raw_html\css__css_text_spacing.json
2026-04-01 11:39:15 | DEBUG | Starting new HTTPS connection (1): www.w3schools.com:443
2026-04-01 11:39:16 | DEBUG | https://www.w3schools.com:443 "GET /css/css_text_shadow.asp HTTP/1.1" 200 43473
2026-04-01 11:39:16 | DEBUG | Saved cleaned page: scraper/raw_html\css__css_text_shadow.json
2026-04-01 11:39:17 | DEBUG | Starting new HTTPS connection (1): www.w3schools.com:443
2026-04-01 11:39:18 | DEBUG | https://www.w3schools.com:443 "GET /css/css_font.asp HTTP/1.1" 200 43933
2026-04-01 11:39:18 | DEBUG | Saved cleaned page: scraper/raw_html\css__css_font.json
2026-04-01 11:39:19 | DEBUG | Starting new HTTPS connection (1): www.w3schools.com:443
2026-04-01 11:39:20 | DEBUG | https://www.w3schools.com:443 "GET /css/css_font_websafe.asp HTTP/1.1" 200 44242
2026-04-01 11:39:21 | DEBUG | Saved cleaned page: scraper/raw_html\css__css_font_websafe.json
2026-04-01 11:39:22 | DEBUG | Starting new HTTPS connection (1): www.w3schools.com:443
2026-04-01 11:39:23 | DEBUG | https://www.w3schools.com:443 "GET /css/css_font_fallbacks.asp HTTP/1.1" 200 43236
2026-04-01 11:39:24 | DEBUG | Saved cleaned page: scraper/raw_html\css__css_font_fallbacks.json
2026-04-01 11:39:25 | DEBUG | Starting new HTTPS connection (1): www.w3schools.com:443
2026-04-01 11:39:26 | DEBUG | https://www.w3schools.com:443 "GET /css/css_font_style.asp HTTP/1.1" 200 43216
2026-04-01 11:39:26 | DEBUG | Saved cleaned page: scraper/raw_html\css__css_font_style.json
2026-04-01 11:39:27 | DEBUG | Starting new HTTPS connection (1): www.w3schools.com:443
2026-04-01 11:39:29 | DEBUG | https://www.w3schools.com:443 "GET /css/css_font_size.asp HTTP/1.1" 200 44225
2026-04-01 11:39:29 | DEBUG | Saved cleaned page: scraper/raw_html\css__css_font_size.json
2026-04-01 11:39:30 | DEBUG | Starting new HTTPS connection (1): www.w3schools.com:443
2026-04-01 11:39:31 | DEBUG | https://www.w3schools.com:443 "GET /css/css_font_google.asp HTTP/1.1" 200 44088
2026-04-01 11:39:31 | DEBUG | Saved cleaned page: scraper/raw_html\css__css_font_google.json
2026-04-01 11:39:32 | DEBUG | Starting new HTTPS connection (1): www.w3schools.com:443
2026-04-01 11:39:34 | DEBUG | https://www.w3schools.com:443 "GET /css/css_font_pairings.asp HTTP/1.1" 200 44592
2026-04-01 11:39:34 | DEBUG | Saved cleaned page: scraper/raw_html\css__css_font_pairings.json
2026-04-01 11:39:35 | DEBUG | Starting new HTTPS connection (1): www.w3schools.com:443
2026-04-01 11:39:36 | DEBUG | https://www.w3schools.com:443 "GET /css/css_font_shorthand.asp HTTP/1.1" 200 43347
2026-04-01 11:39:36 | DEBUG | Saved cleaned page: scraper/raw_html\css__css_font_shorthand.json
2026-04-01 11:39:38 | DEBUG | Starting new HTTPS connection (1): www.w3schools.com:443
2026-04-01 11:39:39 | DEBUG | https://www.w3schools.com:443 "GET /css/css_icons.asp HTTP/1.1" 200 43390
2026-04-01 11:39:39 | DEBUG | Saved cleaned page: scraper/raw_html\css__css_icons.json
2026-04-01 11:39:40 | DEBUG | Starting new HTTPS connection (1): www.w3schools.com:443
2026-04-01 11:39:41 | DEBUG | https://www.w3schools.com:443 "GET /css/css_icons_bootstrap.asp HTTP/1.1" 200 42956
2026-04-01 11:39:41 | DEBUG | Saved cleaned page: scraper/raw_html\css__css_icons_bootstrap.json
2026-04-01 11:39:43 | DEBUG | Starting new HTTPS connection (1): www.w3schools.com:443
2026-04-01 11:39:44 | DEBUG | https://www.w3schools.com:443 "GET /css/css_icons_google.asp HTTP/1.1" 200 43000
2026-04-01 11:39:44 | DEBUG | Saved cleaned page: scraper/raw_html\css__css_icons_google.json
2026-04-01 11:39:45 | DEBUG | Starting new HTTPS connection (1): www.w3schools.com:443
2026-04-01 11:39:46 | DEBUG | https://www.w3schools.com:443 "GET /css/css_link.asp HTTP/1.1" 200 43735
2026-04-01 11:39:46 | DEBUG | Saved cleaned page: scraper/raw_html\css__css_link.json
2026-04-01 11:39:47 | DEBUG | Starting new HTTPS connection (1): www.w3schools.com:443
2026-04-01 11:39:48 | DEBUG | https://www.w3schools.com:443 "GET /css/css_link_buttons.asp HTTP/1.1" 200 43110
2026-04-01 11:39:49 | DEBUG | Saved cleaned page: scraper/raw_html\css__css_link_buttons.json
2026-04-01 11:39:50 | DEBUG | Starting new HTTPS connection (1): www.w3schools.com:443
2026-04-01 11:39:51 | DEBUG | https://www.w3schools.com:443 "GET /css/css_list.asp HTTP/1.1" 200 44442
2026-04-01 11:39:51 | DEBUG | Saved cleaned page: scraper/raw_html\css__css_list.json
2026-04-01 11:39:52 | DEBUG | Starting new HTTPS connection (1): www.w3schools.com:443
2026-04-01 11:39:55 | DEBUG | https://www.w3schools.com:443 "GET /css/css_table.asp HTTP/1.1" 200 44458
2026-04-01 11:39:55 | DEBUG | Saved cleaned page: scraper/raw_html\css__css_table.json
2026-04-01 11:39:56 | DEBUG | Starting new HTTPS connection (1): www.w3schools.com:443
2026-04-01 11:39:58 | DEBUG | https://www.w3schools.com:443 "GET /css/css_table_size.asp HTTP/1.1" 200 43383
2026-04-01 11:39:58 | DEBUG | Saved cleaned page: scraper/raw_html\css__css_table_size.json
2026-04-01 11:40:00 | DEBUG | Starting new HTTPS connection (1): www.w3schools.com:443
2026-04-01 11:40:02 | DEBUG | https://www.w3schools.com:443 "GET /css/css_table_align.asp HTTP/1.1" 200 43381
2026-04-01 11:40:02 | DEBUG | Saved cleaned page: scraper/raw_html\css__css_table_align.json
2026-04-01 11:40:04 | DEBUG | Starting new HTTPS connection (1): www.w3schools.com:443
2026-04-01 11:40:06 | DEBUG | https://www.w3schools.com:443 "GET /css/css_table_style.asp HTTP/1.1" 200 43535
2026-04-01 11:40:07 | DEBUG | Saved cleaned page: scraper/raw_html\css__css_table_style.json
2026-04-01 11:40:08 | DEBUG | Starting new HTTPS connection (1): www.w3schools.com:443
2026-04-01 11:40:10 | DEBUG | https://www.w3schools.com:443 "GET /css/css_table_responsive.asp HTTP/1.1" 200 43500
2026-04-01 11:40:10 | DEBUG | Saved cleaned page: scraper/raw_html\css__css_table_responsive.json
2026-04-01 11:40:12 | DEBUG | Starting new HTTPS connection (1): www.w3schools.com:443
2026-04-01 11:40:14 | DEBUG | https://www.w3schools.com:443 "GET /css/css_display.asp HTTP/1.1" 200 43930
2026-04-01 11:40:14 | DEBUG | Saved cleaned page: scraper/raw_html\css__css_display.json
2026-04-01 11:40:16 | DEBUG | Starting new HTTPS connection (1): www.w3schools.com:443
2026-04-01 11:40:18 | DEBUG | https://www.w3schools.com:443 "GET /css/css_display_hide.asp HTTP/1.1" 200 43884
2026-04-01 11:40:18 | DEBUG | Saved cleaned page: scraper/raw_html\css__css_display_hide.json
2026-04-01 11:40:20 | DEBUG | Starting new HTTPS connection (1): www.w3schools.com:443
2026-04-01 11:40:22 | DEBUG | https://www.w3schools.com:443 "GET /css/css_max-width.asp HTTP/1.1" 200 43359
2026-04-01 11:40:23 | DEBUG | Saved cleaned page: scraper/raw_html\css__css_max-width.json
2026-04-01 11:40:24 | DEBUG | Starting new HTTPS connection (1): www.w3schools.com:443
2026-04-01 11:40:26 | DEBUG | https://www.w3schools.com:443 "GET /css/css_position.asp HTTP/1.1" 200 43429
2026-04-01 11:40:26 | DEBUG | Saved cleaned page: scraper/raw_html\css__css_position.json
2026-04-01 11:40:28 | DEBUG | Starting new HTTPS connection (1): www.w3schools.com:443
2026-04-01 11:40:30 | DEBUG | https://www.w3schools.com:443 "GET /css/css_positioning_fixed_absolute.asp HTTP/1.1" 200 43592
2026-04-01 11:40:30 | DEBUG | Saved cleaned page: scraper/raw_html\css__css_positioning_fixed_absolute.json
2026-04-01 11:40:31 | DEBUG | Starting new HTTPS connection (1): www.w3schools.com:443
2026-04-01 11:40:33 | DEBUG | https://www.w3schools.com:443 "GET /css/css_positioning_sticky.asp HTTP/1.1" 200 43585
2026-04-01 11:40:34 | DEBUG | Saved cleaned page: scraper/raw_html\css__css_positioning_sticky.json
2026-04-01 11:40:35 | DEBUG | Starting new HTTPS connection (1): www.w3schools.com:443
2026-04-01 11:40:37 | DEBUG | https://www.w3schools.com:443 "GET /css/css_position_offset.asp HTTP/1.1" 200 43229
2026-04-01 11:40:38 | DEBUG | Saved cleaned page: scraper/raw_html\css__css_position_offset.json
2026-04-01 11:40:39 | DEBUG | Starting new HTTPS connection (1): www.w3schools.com:443
2026-04-01 11:40:41 | DEBUG | https://www.w3schools.com:443 "GET /css/css_z-index.asp HTTP/1.1" 200 43632
2026-04-01 11:40:41 | DEBUG | Saved cleaned page: scraper/raw_html\css__css_z-index.json
2026-04-01 11:40:42 | DEBUG | Starting new HTTPS connection (1): www.w3schools.com:443
2026-04-01 11:40:44 | DEBUG | https://www.w3schools.com:443 "GET /css/css_overflow.asp HTTP/1.1" 200 44193
2026-04-01 11:40:44 | DEBUG | Saved cleaned page: scraper/raw_html\css__css_overflow.json
2026-04-01 11:40:45 | DEBUG | Starting new HTTPS connection (1): www.w3schools.com:443
2026-04-01 11:40:48 | DEBUG | https://www.w3schools.com:443 "GET /css/css_overflow_xy.asp HTTP/1.1" 200 43255
2026-04-01 11:40:48 | DEBUG | Saved cleaned page: scraper/raw_html\css__css_overflow_xy.json
2026-04-01 11:40:49 | DEBUG | Starting new HTTPS connection (1): www.w3schools.com:443
2026-04-01 11:40:52 | DEBUG | https://www.w3schools.com:443 "GET /css/css_float.asp HTTP/1.1" 200 43850
2026-04-01 11:40:52 | DEBUG | Saved cleaned page: scraper/raw_html\css__css_float.json
2026-04-01 11:40:53 | DEBUG | Starting new HTTPS connection (1): www.w3schools.com:443
2026-04-01 11:40:55 | DEBUG | https://www.w3schools.com:443 "GET /css/css_float_clear.asp HTTP/1.1" 200 43817
2026-04-01 11:40:55 | DEBUG | Saved cleaned page: scraper/raw_html\css__css_float_clear.json
2026-04-01 11:40:57 | DEBUG | Starting new HTTPS connection (1): www.w3schools.com:443
2026-04-01 11:40:59 | DEBUG | https://www.w3schools.com:443 "GET /css/css_float_examples.asp HTTP/1.1" 200 44372
2026-04-01 11:40:59 | DEBUG | Saved cleaned page: scraper/raw_html\css__css_float_examples.json
2026-04-01 11:41:00 | DEBUG | Starting new HTTPS connection (1): www.w3schools.com:443
2026-04-01 11:41:01 | DEBUG | https://www.w3schools.com:443 "GET /css/css_inline-block.asp HTTP/1.1" 200 43660
2026-04-01 11:41:01 | DEBUG | Saved cleaned page: scraper/raw_html\css__css_inline-block.json
2026-04-01 11:41:02 | DEBUG | Starting new HTTPS connection (1): www.w3schools.com:443
2026-04-01 11:41:03 | DEBUG | https://www.w3schools.com:443 "GET /css/css_align.asp HTTP/1.1" 200 43076
2026-04-01 11:41:03 | DEBUG | Saved cleaned page: scraper/raw_html\css__css_align.json
2026-04-01 11:41:04 | DEBUG | Starting new HTTPS connection (1): www.w3schools.com:443
2026-04-01 11:41:06 | DEBUG | https://www.w3schools.com:443 "GET /css/css_align_horizontal.asp HTTP/1.1" 200 43600
2026-04-01 11:41:06 | DEBUG | Saved cleaned page: scraper/raw_html\css__css_align_horizontal.json
2026-04-01 11:41:08 | DEBUG | Starting new HTTPS connection (1): www.w3schools.com:443
2026-04-01 11:41:10 | DEBUG | https://www.w3schools.com:443 "GET /css/css_align_vertical.asp HTTP/1.1" 200 43276
2026-04-01 11:41:10 | DEBUG | Saved cleaned page: scraper/raw_html\css__css_align_vertical.json
2026-04-01 11:41:11 | DEBUG | Starting new HTTPS connection (1): www.w3schools.com:443
2026-04-01 11:41:13 | DEBUG | https://www.w3schools.com:443 "GET /css/css_combinators.asp HTTP/1.1" 200 43465
2026-04-01 11:41:13 | DEBUG | Saved cleaned page: scraper/raw_html\css__css_combinators.json
2026-04-01 11:41:14 | DEBUG | Starting new HTTPS connection (1): www.w3schools.com:443
2026-04-01 11:41:16 | DEBUG | https://www.w3schools.com:443 "GET /css/css_pseudo_classes.asp HTTP/1.1" 200 43194
2026-04-01 11:41:17 | DEBUG | Saved cleaned page: scraper/raw_html\css__css_pseudo_classes.json
2026-04-01 11:41:18 | DEBUG | Starting new HTTPS connection (1): www.w3schools.com:443
2026-04-01 11:41:20 | DEBUG | https://www.w3schools.com:443 "GET /css/css_pseudo_classes_interactive.asp HTTP/1.1" 200 43816
2026-04-01 11:41:20 | DEBUG | Saved cleaned page: scraper/raw_html\css__css_pseudo_classes_interactive.json
2026-04-01 11:41:21 | DEBUG | Starting new HTTPS connection (1): www.w3schools.com:443
2026-04-01 11:41:24 | DEBUG | https://www.w3schools.com:443 "GET /css/css_pseudo_classes_structural.asp HTTP/1.1" 200 43331
2026-04-01 11:41:24 | DEBUG | Saved cleaned page: scraper/raw_html\css__css_pseudo_classes_structural.json
2026-04-01 11:41:25 | DEBUG | Starting new HTTPS connection (1): www.w3schools.com:443
2026-04-01 11:41:27 | DEBUG | https://www.w3schools.com:443 "GET /css/css_pseudo_elements.asp HTTP/1.1" 200 42999
2026-04-01 11:41:27 | DEBUG | Saved cleaned page: scraper/raw_html\css__css_pseudo_elements.json
2026-04-01 11:41:29 | DEBUG | Starting new HTTPS connection (1): www.w3schools.com:443
2026-04-01 11:41:31 | DEBUG | https://www.w3schools.com:443 "GET /css/css_pseudo_elements_text.asp HTTP/1.1" 200 43215
2026-04-01 11:41:31 | DEBUG | Saved cleaned page: scraper/raw_html\css__css_pseudo_elements_text.json
2026-04-01 11:41:33 | DEBUG | Starting new HTTPS connection (1): www.w3schools.com:443
2026-04-01 11:41:35 | DEBUG | https://www.w3schools.com:443 "GET /css/css_pseudo_elements_content.asp HTTP/1.1" 200 43184
2026-04-01 11:41:35 | DEBUG | Saved cleaned page: scraper/raw_html\css__css_pseudo_elements_content.json
2026-04-01 11:41:36 | DEBUG | Starting new HTTPS connection (1): www.w3schools.com:443
2026-04-01 11:41:38 | DEBUG | https://www.w3schools.com:443 "GET /css/css_image_transparency.asp HTTP/1.1" 200 44350
2026-04-01 11:41:38 | DEBUG | Saved cleaned page: scraper/raw_html\css__css_image_transparency.json
2026-04-01 11:41:39 | DEBUG | Starting new HTTPS connection (1): www.w3schools.com:443
2026-04-01 11:41:40 | DEBUG | https://www.w3schools.com:443 "GET /css/css_navbar.asp HTTP/1.1" 200 43623
2026-04-01 11:41:40 | DEBUG | Saved cleaned page: scraper/raw_html\css__css_navbar.json
2026-04-01 11:41:41 | DEBUG | Starting new HTTPS connection (1): www.w3schools.com:443
2026-04-01 11:41:42 | DEBUG | https://www.w3schools.com:443 "GET /css/css_navbar_vertical.asp HTTP/1.1" 200 44213
2026-04-01 11:41:43 | DEBUG | Saved cleaned page: scraper/raw_html\css__css_navbar_vertical.json
2026-04-01 11:41:44 | DEBUG | Starting new HTTPS connection (1): www.w3schools.com:443
2026-04-01 11:41:45 | DEBUG | https://www.w3schools.com:443 "GET /css/css_navbar_horizontal.asp HTTP/1.1" 200 45370
2026-04-01 11:41:45 | DEBUG | Saved cleaned page: scraper/raw_html\css__css_navbar_horizontal.json
2026-04-01 11:41:46 | DEBUG | Starting new HTTPS connection (1): www.w3schools.com:443
2026-04-01 11:41:47 | DEBUG | https://www.w3schools.com:443 "GET /css/css_dropdowns.asp HTTP/1.1" 200 44568
2026-04-01 11:41:47 | DEBUG | Saved cleaned page: scraper/raw_html\css__css_dropdowns.json
2026-04-01 11:41:49 | DEBUG | Starting new HTTPS connection (1): www.w3schools.com:443
2026-04-01 11:41:50 | DEBUG | https://www.w3schools.com:443 "GET /css/css_dropdowns_advanced.asp HTTP/1.1" 200 43322
2026-04-01 11:41:50 | DEBUG | Saved cleaned page: scraper/raw_html\css__css_dropdowns_advanced.json
2026-04-01 11:41:51 | DEBUG | Starting new HTTPS connection (1): www.w3schools.com:443
2026-04-01 11:41:52 | DEBUG | https://www.w3schools.com:443 "GET /css/css_image_gallery.asp HTTP/1.1" 200 43887
2026-04-01 11:41:52 | DEBUG | Saved cleaned page: scraper/raw_html\css__css_image_gallery.json
2026-04-01 11:41:54 | DEBUG | Starting new HTTPS connection (1): www.w3schools.com:443
2026-04-01 11:41:55 | DEBUG | https://www.w3schools.com:443 "GET /css/css_image_sprites.asp HTTP/1.1" 200 44326
2026-04-01 11:41:55 | DEBUG | Saved cleaned page: scraper/raw_html\css__css_image_sprites.json
2026-04-01 11:41:56 | DEBUG | Starting new HTTPS connection (1): www.w3schools.com:443
2026-04-01 11:41:57 | DEBUG | https://www.w3schools.com:443 "GET /css/css_attribute_selectors.asp HTTP/1.1" 200 43470
2026-04-01 11:41:57 | DEBUG | Saved cleaned page: scraper/raw_html\css__css_attribute_selectors.json
2026-04-01 11:41:59 | DEBUG | Starting new HTTPS connection (1): www.w3schools.com:443
2026-04-01 11:42:00 | DEBUG | https://www.w3schools.com:443 "GET /css/css_attribute_selectors_advanced.asp HTTP/1.1" 200 43403
2026-04-01 11:42:00 | DEBUG | Saved cleaned page: scraper/raw_html\css__css_attribute_selectors_advanced.json
2026-04-01 11:42:01 | DEBUG | Starting new HTTPS connection (1): www.w3schools.com:443
2026-04-01 11:42:02 | DEBUG | https://www.w3schools.com:443 "GET /css/css_forms.asp HTTP/1.1" 200 43263
2026-04-01 11:42:03 | DEBUG | Saved cleaned page: scraper/raw_html\css__css_forms.json
2026-04-01 11:42:04 | DEBUG | Starting new HTTPS connection (1): www.w3schools.com:443
2026-04-01 11:42:05 | DEBUG | https://www.w3schools.com:443 "GET /css/css_form_inputs.asp HTTP/1.1" 200 43891
2026-04-01 11:42:05 | DEBUG | Saved cleaned page: scraper/raw_html\css__css_form_inputs.json
2026-04-01 11:42:06 | DEBUG | Starting new HTTPS connection (1): www.w3schools.com:443
2026-04-01 11:42:08 | DEBUG | https://www.w3schools.com:443 "GET /css/css_form_focus.asp HTTP/1.1" 200 43605
2026-04-01 11:42:08 | DEBUG | Saved cleaned page: scraper/raw_html\css__css_form_focus.json
2026-04-01 11:42:09 | DEBUG | Starting new HTTPS connection (1): www.w3schools.com:443
2026-04-01 11:42:10 | DEBUG | https://www.w3schools.com:443 "GET /css/css_form_elements.asp HTTP/1.1" 200 43685
2026-04-01 11:42:10 | DEBUG | Saved cleaned page: scraper/raw_html\css__css_form_elements.json
2026-04-01 11:42:11 | DEBUG | Starting new HTTPS connection (1): www.w3schools.com:443
2026-04-01 11:42:13 | DEBUG | https://www.w3schools.com:443 "GET /css/css_counters.asp HTTP/1.1" 200 43485
2026-04-01 11:42:13 | DEBUG | Saved cleaned page: scraper/raw_html\css__css_counters.json
2026-04-01 11:42:14 | DEBUG | Starting new HTTPS connection (1): www.w3schools.com:443
2026-04-01 11:42:17 | DEBUG | https://www.w3schools.com:443 "GET /css/css_counters_nested.asp HTTP/1.1" 200 43231
2026-04-01 11:42:17 | DEBUG | Saved cleaned page: scraper/raw_html\css__css_counters_nested.json
2026-04-01 11:42:18 | DEBUG | Starting new HTTPS connection (1): www.w3schools.com:443
2026-04-01 11:42:20 | DEBUG | https://www.w3schools.com:443 "GET /css/css_units.asp HTTP/1.1" 200 43042
2026-04-01 11:42:21 | DEBUG | Saved cleaned page: scraper/raw_html\css__css_units.json
2026-04-01 11:42:22 | DEBUG | Starting new HTTPS connection (1): www.w3schools.com:443
2026-04-01 11:42:23 | DEBUG | https://www.w3schools.com:443 "GET /css/css_units_absolute.asp HTTP/1.1" 200 43573
2026-04-01 11:42:23 | DEBUG | Saved cleaned page: scraper/raw_html\css__css_units_absolute.json
2026-04-01 11:42:24 | DEBUG | Starting new HTTPS connection (1): www.w3schools.com:443
2026-04-01 11:42:25 | DEBUG | https://www.w3schools.com:443 "GET /css/css_units_relative.asp HTTP/1.1" 200 43730
2026-04-01 11:42:25 | DEBUG | Saved cleaned page: scraper/raw_html\css__css_units_relative.json
2026-04-01 11:42:27 | DEBUG | Starting new HTTPS connection (1): www.w3schools.com:443
2026-04-01 11:42:28 | DEBUG | https://www.w3schools.com:443 "GET /css/css_inheritance.asp HTTP/1.1" 200 43558
2026-04-01 11:42:28 | DEBUG | Saved cleaned page: scraper/raw_html\css__css_inheritance.json
2026-04-01 11:42:29 | DEBUG | Starting new HTTPS connection (1): www.w3schools.com:443
2026-04-01 11:42:30 | DEBUG | https://www.w3schools.com:443 "GET /css/css_specificity.asp HTTP/1.1" 200 43178
2026-04-01 11:42:30 | DEBUG | Saved cleaned page: scraper/raw_html\css__css_specificity.json
2026-04-01 11:42:31 | DEBUG | Starting new HTTPS connection (1): www.w3schools.com:443
2026-04-01 11:42:33 | DEBUG | https://www.w3schools.com:443 "GET /css/css_specificity_hierarchy.asp HTTP/1.1" 200 43798
2026-04-01 11:42:33 | DEBUG | Saved cleaned page: scraper/raw_html\css__css_specificity_hierarchy.json
2026-04-01 11:42:34 | DEBUG | Starting new HTTPS connection (1): www.w3schools.com:443
2026-04-01 11:42:37 | DEBUG | https://www.w3schools.com:443 "GET /css/css_important.asp HTTP/1.1" 200 44165
2026-04-01 11:42:37 | DEBUG | Saved cleaned page: scraper/raw_html\css__css_important.json
2026-04-01 11:42:38 | DEBUG | Starting new HTTPS connection (1): www.w3schools.com:443
2026-04-01 11:42:40 | DEBUG | https://www.w3schools.com:443 "GET /css/css_math_functions.asp HTTP/1.1" 200 43812
2026-04-01 11:42:40 | DEBUG | Saved cleaned page: scraper/raw_html\css__css_math_functions.json
2026-04-01 11:42:41 | DEBUG | Starting new HTTPS connection (1): www.w3schools.com:443
2026-04-01 11:42:44 | DEBUG | https://www.w3schools.com:443 "GET /css/css_performance.asp HTTP/1.1" 200 43802
2026-04-01 11:42:44 | DEBUG | Saved cleaned page: scraper/raw_html\css__css_performance.json
2026-04-01 11:42:45 | DEBUG | Starting new HTTPS connection (1): www.w3schools.com:443
2026-04-01 11:42:46 | DEBUG | https://www.w3schools.com:443 "GET /css/css_accessibility.asp HTTP/1.1" 200 44004
2026-04-01 11:42:46 | DEBUG | Saved cleaned page: scraper/raw_html\css__css_accessibility.json
2026-04-01 11:42:47 | DEBUG | Starting new HTTPS connection (1): www.w3schools.com:443
2026-04-01 11:42:48 | DEBUG | https://www.w3schools.com:443 "GET /css/css_website_layout.asp HTTP/1.1" 200 44565
2026-04-01 11:42:49 | DEBUG | Saved cleaned page: scraper/raw_html\css__css_website_layout.json
2026-04-01 11:42:50 | DEBUG | Starting new HTTPS connection (1): www.w3schools.com:443
2026-04-01 11:42:50 | DEBUG | https://www.w3schools.com:443 "GET /css/css_colors_keywords.asp HTTP/1.1" 200 43485
2026-04-01 11:42:51 | DEBUG | Saved cleaned page: scraper/raw_html\css__css_colors_keywords.json
2026-04-01 11:42:52 | DEBUG | Starting new HTTPS connection (1): www.w3schools.com:443
2026-04-01 11:42:53 | DEBUG | https://www.w3schools.com:443 "GET /css/css_tooltip.asp HTTP/1.1" 200 44858
2026-04-01 11:42:53 | DEBUG | Saved cleaned page: scraper/raw_html\css__css_tooltip.json
2026-04-01 11:42:54 | DEBUG | Starting new HTTPS connection (1): www.w3schools.com:443
2026-04-01 11:42:55 | DEBUG | https://www.w3schools.com:443 "GET /css/css_tooltip_arrows.asp HTTP/1.1" 200 43802
2026-04-01 11:42:55 | DEBUG | Saved cleaned page: scraper/raw_html\css__css_tooltip_arrows.json
2026-04-01 11:42:56 | DEBUG | Starting new HTTPS connection (1): www.w3schools.com:443
2026-04-01 11:42:57 | DEBUG | https://www.w3schools.com:443 "GET /css/css_grid.asp HTTP/1.1" 200 44617
2026-04-01 11:42:57 | DEBUG | Saved cleaned page: scraper/raw_html\css__css_grid.json
2026-04-01 11:42:58 | DEBUG | Starting new HTTPS connection (1): www.w3schools.com:443
2026-04-01 11:42:59 | DEBUG | https://www.w3schools.com:443 "GET /css/css_grid_container.asp HTTP/1.1" 200 43614
2026-04-01 11:42:59 | DEBUG | Saved cleaned page: scraper/raw_html\css__css_grid_container.json
2026-04-01 11:43:00 | DEBUG | Starting new HTTPS connection (1): www.w3schools.com:443
2026-04-01 11:43:02 | DEBUG | https://www.w3schools.com:443 "GET /css/css_grid_tracks.asp HTTP/1.1" 200 44067
2026-04-01 11:43:02 | DEBUG | Saved cleaned page: scraper/raw_html\css__css_grid_tracks.json
2026-04-01 11:43:03 | DEBUG | Starting new HTTPS connection (1): www.w3schools.com:443
2026-04-01 11:43:05 | DEBUG | https://www.w3schools.com:443 "GET /css/css_grid_gap.asp HTTP/1.1" 200 43539
2026-04-01 11:43:06 | DEBUG | Saved cleaned page: scraper/raw_html\css__css_grid_gap.json
2026-04-01 11:43:07 | DEBUG | Starting new HTTPS connection (1): www.w3schools.com:443
2026-04-01 11:43:08 | DEBUG | https://www.w3schools.com:443 "GET /css/css_grid_align.asp HTTP/1.1" 200 44137
2026-04-01 11:43:08 | DEBUG | Saved cleaned page: scraper/raw_html\css__css_grid_align.json
2026-04-01 11:43:09 | DEBUG | Starting new HTTPS connection (1): www.w3schools.com:443
2026-04-01 11:43:11 | DEBUG | https://www.w3schools.com:443 "GET /css/css_grid_item.asp HTTP/1.1" 200 43915
2026-04-01 11:43:11 | DEBUG | Saved cleaned page: scraper/raw_html\css__css_grid_item.json
2026-04-01 11:43:12 | DEBUG | Starting new HTTPS connection (1): www.w3schools.com:443
2026-04-01 11:43:14 | DEBUG | https://www.w3schools.com:443 "GET /css/css_grid_item_name.asp HTTP/1.1" 200 43509
2026-04-01 11:43:15 | DEBUG | Saved cleaned page: scraper/raw_html\css__css_grid_item_name.json
2026-04-01 11:43:16 | DEBUG | Starting new HTTPS connection (1): www.w3schools.com:443
2026-04-01 11:43:18 | DEBUG | https://www.w3schools.com:443 "GET /css/css_grid_item_align.asp HTTP/1.1" 200 43544
2026-04-01 11:43:18 | DEBUG | Saved cleaned page: scraper/raw_html\css__css_grid_item_align.json
2026-04-01 11:43:20 | DEBUG | Starting new HTTPS connection (1): www.w3schools.com:443
2026-04-01 11:43:22 | DEBUG | https://www.w3schools.com:443 "GET /css/css_grid_item_order.asp HTTP/1.1" 200 43152
2026-04-01 11:43:22 | DEBUG | Saved cleaned page: scraper/raw_html\css__css_grid_item_order.json
2026-04-01 11:43:23 | DEBUG | Starting new HTTPS connection (1): www.w3schools.com:443
2026-04-01 11:43:25 | DEBUG | https://www.w3schools.com:443 "GET /css/css_grid_12column.asp HTTP/1.1" 200 44124
2026-04-01 11:43:25 | DEBUG | Saved cleaned page: scraper/raw_html\css__css_grid_12column.json
2026-04-01 11:43:26 | DEBUG | Starting new HTTPS connection (1): www.w3schools.com:443
2026-04-01 11:43:29 | DEBUG | https://www.w3schools.com:443 "GET /css/css_supports_rule.asp HTTP/1.1" 200 43439
2026-04-01 11:43:29 | DEBUG | Saved cleaned page: scraper/raw_html\css__css_supports_rule.json
2026-04-01 11:43:30 | DEBUG | Starting new HTTPS connection (1): www.w3schools.com:443
2026-04-01 11:43:31 | DEBUG | https://www.w3schools.com:443 "GET /css/css_rwd_viewport.asp HTTP/1.1" 200 43641
2026-04-01 11:43:32 | DEBUG | Saved cleaned page: scraper/raw_html\css__css_rwd_viewport.json
2026-04-01 11:43:33 | DEBUG | Starting new HTTPS connection (1): www.w3schools.com:443
2026-04-01 11:43:34 | DEBUG | https://www.w3schools.com:443 "GET /css/css_rwd_grid.asp HTTP/1.1" 200 43917
2026-04-01 11:43:34 | DEBUG | Saved cleaned page: scraper/raw_html\css__css_rwd_grid.json
2026-04-01 11:43:35 | DEBUG | Starting new HTTPS connection (1): www.w3schools.com:443
2026-04-01 11:43:36 | DEBUG | https://www.w3schools.com:443 "GET /css/css_rwd_mediaqueries.asp HTTP/1.1" 200 44119
2026-04-01 11:43:37 | DEBUG | Saved cleaned page: scraper/raw_html\css__css_rwd_mediaqueries.json
2026-04-01 11:43:38 | DEBUG | Starting new HTTPS connection (1): www.w3schools.com:443
2026-04-01 11:43:39 | DEBUG | https://www.w3schools.com:443 "GET /css/css_rwd_images.asp HTTP/1.1" 200 44428
2026-04-01 11:43:39 | DEBUG | Saved cleaned page: scraper/raw_html\css__css_rwd_images.json
2026-04-01 11:43:40 | DEBUG | Starting new HTTPS connection (1): www.w3schools.com:443
2026-04-01 11:43:41 | DEBUG | https://www.w3schools.com:443 "GET /css/css_rwd_videos.asp HTTP/1.1" 200 42998
2026-04-01 11:43:42 | DEBUG | Saved cleaned page: scraper/raw_html\css__css_rwd_videos.json
2026-04-01 11:43:43 | DEBUG | Starting new HTTPS connection (1): www.w3schools.com:443
2026-04-01 11:43:44 | DEBUG | https://www.w3schools.com:443 "GET /css/css_rwd_frameworks.asp HTTP/1.1" 200 44007
2026-04-01 11:43:44 | DEBUG | Saved cleaned page: scraper/raw_html\css__css_rwd_frameworks.json
2026-04-01 11:43:45 | DEBUG | Starting new HTTPS connection (1): www.w3schools.com:443
2026-04-01 11:43:47 | DEBUG | https://www.w3schools.com:443 "GET /css/css_rwd_templates.asp HTTP/1.1" 200 44749
2026-04-01 11:43:47 | DEBUG | Saved cleaned page: scraper/raw_html\css__css_rwd_templates.json
2026-04-01 11:43:48 | DEBUG | Starting new HTTPS connection (1): www.w3schools.com:443
2026-04-01 11:43:49 | DEBUG | https://www.w3schools.com:443 "GET /css/css_templates.asp HTTP/1.1" 200 43097
2026-04-01 11:43:49 | DEBUG | Saved cleaned page: scraper/raw_html\css__css_templates.json
2026-04-01 11:43:50 | DEBUG | Starting new HTTPS connection (1): www.w3schools.com:443
2026-04-01 11:43:53 | DEBUG | https://www.w3schools.com:443 "GET /css/css_editor.asp HTTP/1.1" 200 43492
2026-04-01 11:43:53 | DEBUG | Saved cleaned page: scraper/raw_html\css__css_editor.json
2026-04-01 11:43:54 | DEBUG | Starting new HTTPS connection (1): www.w3schools.com:443
2026-04-01 11:43:57 | DEBUG | https://www.w3schools.com:443 "GET /css/css_snippets.asp HTTP/1.1" 200 43482
2026-04-01 11:43:57 | DEBUG | Saved cleaned page: scraper/raw_html\css__css_snippets.json
2026-04-01 11:43:59 | DEBUG | Starting new HTTPS connection (1): www.w3schools.com:443
2026-04-01 11:44:00 | DEBUG | https://www.w3schools.com:443 "GET /css/css_website.asp HTTP/1.1" 200 53018
2026-04-01 11:44:00 | DEBUG | Saved cleaned page: scraper/raw_html\css__css_website.json
2026-04-01 11:44:01 | DEBUG | Starting new HTTPS connection (1): www.w3schools.com:443
2026-04-01 11:44:03 | DEBUG | https://www.w3schools.com:443 "GET /css/css_syllabus.asp HTTP/1.1" 200 45224
2026-04-01 11:44:04 | DEBUG | Saved cleaned page: scraper/raw_html\css__css_syllabus.json
2026-04-01 11:44:05 | DEBUG | Starting new HTTPS connection (1): www.w3schools.com:443
2026-04-01 11:44:08 | DEBUG | https://www.w3schools.com:443 "GET /css/css_study_plan.asp HTTP/1.1" 200 44696
2026-04-01 11:44:08 | DEBUG | Saved cleaned page: scraper/raw_html\css__css_study_plan.json
2026-04-01 11:44:09 | DEBUG | Starting new HTTPS connection (1): www.w3schools.com:443
2026-04-01 11:44:11 | DEBUG | https://www.w3schools.com:443 "GET /css/css_interview_prep.asp HTTP/1.1" 200 44651
2026-04-01 11:44:12 | DEBUG | Saved cleaned page: scraper/raw_html\css__css_interview_prep.json
2026-04-01 11:44:13 | DEBUG | Starting new HTTPS connection (1): www.w3schools.com:443
2026-04-01 11:44:14 | DEBUG | https://www.w3schools.com:443 "GET /css/css_exam.asp HTTP/1.1" 200 45607
2026-04-01 11:44:14 | DEBUG | Saved cleaned page: scraper/raw_html\css__css_exam.json
2026-04-01 11:44:16 | DEBUG | Starting new HTTPS connection (1): www.w3schools.com:443
2026-04-01 11:44:17 | DEBUG | https://www.w3schools.com:443 "GET /js/js_intro.asp HTTP/1.1" 200 43566
2026-04-01 11:44:17 | DEBUG | Saved cleaned page: scraper/raw_html\js__js_intro.json
2026-04-01 11:44:18 | DEBUG | Starting new HTTPS connection (1): www.w3schools.com:443
2026-04-01 11:44:19 | DEBUG | https://www.w3schools.com:443 "GET /js/js_whereto.asp HTTP/1.1" 200 44037
2026-04-01 11:44:19 | DEBUG | Saved cleaned page: scraper/raw_html\js__js_whereto.json
2026-04-01 11:44:20 | DEBUG | Starting new HTTPS connection (1): www.w3schools.com:443
2026-04-01 11:44:21 | DEBUG | https://www.w3schools.com:443 "GET /js/js_output.asp HTTP/1.1" 200 43725
2026-04-01 11:44:22 | DEBUG | Saved cleaned page: scraper/raw_html\js__js_output.json
2026-04-01 11:44:23 | DEBUG | Starting new HTTPS connection (1): www.w3schools.com:443
2026-04-01 11:44:24 | DEBUG | https://www.w3schools.com:443 "GET /js/js_syntax.asp HTTP/1.1" 200 43936
2026-04-01 11:44:24 | DEBUG | Saved cleaned page: scraper/raw_html\js__js_syntax.json
2026-04-01 11:44:25 | DEBUG | Starting new HTTPS connection (1): www.w3schools.com:443
2026-04-01 11:44:26 | DEBUG | https://www.w3schools.com:443 "GET /js/js_statements.asp HTTP/1.1" 200 44106
2026-04-01 11:44:26 | DEBUG | Saved cleaned page: scraper/raw_html\js__js_statements.json
2026-04-01 11:44:28 | DEBUG | Starting new HTTPS connection (1): www.w3schools.com:443
2026-04-01 11:44:28 | DEBUG | https://www.w3schools.com:443 "GET /js/js_comments.asp HTTP/1.1" 200 43278
2026-04-01 11:44:29 | DEBUG | Saved cleaned page: scraper/raw_html\js__js_comments.json
2026-04-01 11:44:30 | DEBUG | Starting new HTTPS connection (1): www.w3schools.com:443
2026-04-01 11:44:31 | DEBUG | https://www.w3schools.com:443 "GET /js/js_variables.asp HTTP/1.1" 200 45030
2026-04-01 11:44:31 | DEBUG | Saved cleaned page: scraper/raw_html\js__js_variables.json
2026-04-01 11:44:32 | DEBUG | Starting new HTTPS connection (1): www.w3schools.com:443
2026-04-01 11:44:33 | DEBUG | https://www.w3schools.com:443 "GET /js/js_let.asp HTTP/1.1" 200 44329
2026-04-01 11:44:33 | DEBUG | Saved cleaned page: scraper/raw_html\js__js_let.json
2026-04-01 11:44:34 | DEBUG | Starting new HTTPS connection (1): www.w3schools.com:443
2026-04-01 11:44:35 | DEBUG | https://www.w3schools.com:443 "GET /js/js_const.asp HTTP/1.1" 200 44436
2026-04-01 11:44:35 | DEBUG | Saved cleaned page: scraper/raw_html\js__js_const.json
2026-04-01 11:44:36 | DEBUG | Starting new HTTPS connection (1): www.w3schools.com:443
2026-04-01 11:44:37 | DEBUG | https://www.w3schools.com:443 "GET /js/js_types.asp HTTP/1.1" 200 44149
2026-04-01 11:44:37 | DEBUG | Saved cleaned page: scraper/raw_html\js__js_types.json
2026-04-01 11:44:38 | DEBUG | Starting new HTTPS connection (1): www.w3schools.com:443
2026-04-01 11:44:39 | DEBUG | https://www.w3schools.com:443 "GET /js/js_operators.asp HTTP/1.1" 200 43906
2026-04-01 11:44:39 | DEBUG | Saved cleaned page: scraper/raw_html\js__js_operators.json
2026-04-01 11:44:40 | DEBUG | Starting new HTTPS connection (1): www.w3schools.com:443
2026-04-01 11:44:41 | DEBUG | https://www.w3schools.com:443 "GET /js/js_arithmetic.asp HTTP/1.1" 200 43636
2026-04-01 11:44:41 | DEBUG | Saved cleaned page: scraper/raw_html\js__js_arithmetic.json
2026-04-01 11:44:43 | DEBUG | Starting new HTTPS connection (1): www.w3schools.com:443
2026-04-01 11:44:44 | DEBUG | https://www.w3schools.com:443 "GET /js/js_assignment.asp HTTP/1.1" 200 43976
2026-04-01 11:44:44 | DEBUG | Saved cleaned page: scraper/raw_html\js__js_assignment.json
2026-04-01 11:44:45 | DEBUG | Starting new HTTPS connection (1): www.w3schools.com:443
2026-04-01 11:44:46 | DEBUG | https://www.w3schools.com:443 "GET /js/js_comparisons.asp HTTP/1.1" 200 43636
2026-04-01 11:44:46 | DEBUG | Saved cleaned page: scraper/raw_html\js__js_comparisons.json
2026-04-01 11:44:47 | DEBUG | Starting new HTTPS connection (1): www.w3schools.com:443
2026-04-01 11:44:48 | DEBUG | https://www.w3schools.com:443 "GET /js/js_conditionals.asp HTTP/1.1" 200 42802
2026-04-01 11:44:48 | DEBUG | Saved cleaned page: scraper/raw_html\js__js_conditionals.json
2026-04-01 11:44:49 | DEBUG | Starting new HTTPS connection (1): www.w3schools.com:443
2026-04-01 11:44:50 | DEBUG | https://www.w3schools.com:443 "GET /js/js_if.asp HTTP/1.1" 200 42887
2026-04-01 11:44:50 | DEBUG | Saved cleaned page: scraper/raw_html\js__js_if.json
2026-04-01 11:44:51 | DEBUG | Starting new HTTPS connection (1): www.w3schools.com:443
2026-04-01 11:44:52 | DEBUG | https://www.w3schools.com:443 "GET /js/js_if_else.asp HTTP/1.1" 200 42874
2026-04-01 11:44:52 | DEBUG | Saved cleaned page: scraper/raw_html\js__js_if_else.json
2026-04-01 11:44:54 | DEBUG | Starting new HTTPS connection (1): www.w3schools.com:443
2026-04-01 11:44:56 | DEBUG | https://www.w3schools.com:443 "GET /js/js_if_ternary.asp HTTP/1.1" 200 43004
2026-04-01 11:44:56 | DEBUG | Saved cleaned page: scraper/raw_html\js__js_if_ternary.json
2026-04-01 11:44:57 | DEBUG | Starting new HTTPS connection (1): www.w3schools.com:443
2026-04-01 11:44:59 | DEBUG | https://www.w3schools.com:443 "GET /js/js_switch.asp HTTP/1.1" 200 44038
2026-04-01 11:44:59 | DEBUG | Saved cleaned page: scraper/raw_html\js__js_switch.json
2026-04-01 11:45:00 | DEBUG | Starting new HTTPS connection (1): www.w3schools.com:443
2026-04-01 11:45:01 | DEBUG | https://www.w3schools.com:443 "GET /js/js_booleans.asp HTTP/1.1" 200 44184
2026-04-01 11:45:01 | DEBUG | Saved cleaned page: scraper/raw_html\js__js_booleans.json
2026-04-01 11:45:02 | DEBUG | Starting new HTTPS connection (1): www.w3schools.com:443
2026-04-01 11:45:03 | DEBUG | https://www.w3schools.com:443 "GET /js/js_logical.asp HTTP/1.1" 200 43526
2026-04-01 11:45:03 | DEBUG | Saved cleaned page: scraper/raw_html\js__js_logical.json
2026-04-01 11:45:05 | DEBUG | Starting new HTTPS connection (1): www.w3schools.com:443
2026-04-01 11:45:05 | DEBUG | https://www.w3schools.com:443 "GET /js/js_loops.asp HTTP/1.1" 200 43510
2026-04-01 11:45:06 | DEBUG | Saved cleaned page: scraper/raw_html\js__js_loops.json
2026-04-01 11:45:07 | DEBUG | Starting new HTTPS connection (1): www.w3schools.com:443
2026-04-01 11:45:08 | DEBUG | https://www.w3schools.com:443 "GET /js/js_loop_for.asp HTTP/1.1" 200 43532
2026-04-01 11:45:08 | DEBUG | Saved cleaned page: scraper/raw_html\js__js_loop_for.json
2026-04-01 11:45:09 | DEBUG | Starting new HTTPS connection (1): www.w3schools.com:443
2026-04-01 11:45:10 | DEBUG | https://www.w3schools.com:443 "GET /js/js_loop_while.asp HTTP/1.1" 200 43074
2026-04-01 11:45:10 | DEBUG | Saved cleaned page: scraper/raw_html\js__js_loop_while.json
2026-04-01 11:45:11 | DEBUG | Starting new HTTPS connection (1): www.w3schools.com:443
2026-04-01 11:45:12 | DEBUG | https://www.w3schools.com:443 "GET /js/js_break.asp HTTP/1.1" 200 43757
2026-04-01 11:45:12 | DEBUG | Saved cleaned page: scraper/raw_html\js__js_break.json
2026-04-01 11:45:13 | DEBUG | Starting new HTTPS connection (1): www.w3schools.com:443
2026-04-01 11:45:14 | DEBUG | https://www.w3schools.com:443 "GET /js/js_continue.asp HTTP/1.1" 200 42861
2026-04-01 11:45:14 | DEBUG | Saved cleaned page: scraper/raw_html\js__js_continue.json
2026-04-01 11:45:16 | DEBUG | Starting new HTTPS connection (1): www.w3schools.com:443
2026-04-01 11:45:17 | DEBUG | https://www.w3schools.com:443 "GET /js/js_control_flow.asp HTTP/1.1" 200 43293
2026-04-01 11:45:17 | DEBUG | Saved cleaned page: scraper/raw_html\js__js_control_flow.json
2026-04-01 11:45:18 | DEBUG | Starting new HTTPS connection (1): www.w3schools.com:443
2026-04-01 11:45:19 | DEBUG | https://www.w3schools.com:443 "GET /js/js_strings.asp HTTP/1.1" 200 44217
2026-04-01 11:45:19 | DEBUG | Saved cleaned page: scraper/raw_html\js__js_strings.json
2026-04-01 11:45:20 | DEBUG | Starting new HTTPS connection (1): www.w3schools.com:443
2026-04-01 11:45:21 | DEBUG | https://www.w3schools.com:443 "GET /js/js_string_templates.asp HTTP/1.1" 200 43330
2026-04-01 11:45:21 | DEBUG | Saved cleaned page: scraper/raw_html\js__js_string_templates.json
2026-04-01 11:45:22 | DEBUG | Starting new HTTPS connection (1): www.w3schools.com:443
2026-04-01 11:45:23 | DEBUG | https://www.w3schools.com:443 "GET /js/js_string_methods.asp HTTP/1.1" 200 47551
2026-04-01 11:45:23 | DEBUG | Saved cleaned page: scraper/raw_html\js__js_string_methods.json
2026-04-01 11:45:24 | DEBUG | Starting new HTTPS connection (1): www.w3schools.com:443
2026-04-01 11:45:25 | DEBUG | https://www.w3schools.com:443 "GET /js/js_string_search.asp HTTP/1.1" 200 44369
2026-04-01 11:45:25 | DEBUG | Saved cleaned page: scraper/raw_html\js__js_string_search.json
2026-04-01 11:45:26 | DEBUG | Starting new HTTPS connection (1): www.w3schools.com:443
2026-04-01 11:45:27 | DEBUG | https://www.w3schools.com:443 "GET /js/js_numbers.asp HTTP/1.1" 200 45104
2026-04-01 11:45:27 | DEBUG | Saved cleaned page: scraper/raw_html\js__js_numbers.json
2026-04-01 11:45:28 | DEBUG | Starting new HTTPS connection (1): www.w3schools.com:443
2026-04-01 11:45:30 | DEBUG | https://www.w3schools.com:443 "GET /js/js_number_methods.asp HTTP/1.1" 200 44999
2026-04-01 11:45:30 | DEBUG | Saved cleaned page: scraper/raw_html\js__js_number_methods.json
2026-04-01 11:45:31 | DEBUG | Starting new HTTPS connection (1): www.w3schools.com:443
2026-04-01 11:45:32 | DEBUG | https://www.w3schools.com:443 "GET /js/js_number_properties.asp HTTP/1.1" 200 43563
2026-04-01 11:45:32 | DEBUG | Saved cleaned page: scraper/raw_html\js__js_number_properties.json
2026-04-01 11:45:33 | DEBUG | Starting new HTTPS connection (1): www.w3schools.com:443
2026-04-01 11:45:36 | DEBUG | https://www.w3schools.com:443 "GET /js/js_bitwise.asp HTTP/1.1" 200 44651
2026-04-01 11:45:36 | DEBUG | Saved cleaned page: scraper/raw_html\js__js_bitwise.json
2026-04-01 11:45:37 | DEBUG | Starting new HTTPS connection (1): www.w3schools.com:443
2026-04-01 11:45:40 | DEBUG | https://www.w3schools.com:443 "GET /js/js_bigint.asp HTTP/1.1" 200 45295
2026-04-01 11:45:40 | DEBUG | Saved cleaned page: scraper/raw_html\js__js_bigint.json
2026-04-01 11:45:41 | DEBUG | Starting new HTTPS connection (1): www.w3schools.com:443
2026-04-01 11:45:43 | DEBUG | https://www.w3schools.com:443 "GET /js/js_functions.asp HTTP/1.1" 200 43413
2026-04-01 11:45:43 | DEBUG | Saved cleaned page: scraper/raw_html\js__js_functions.json
2026-04-01 11:45:44 | DEBUG | Starting new HTTPS connection (1): www.w3schools.com:443
2026-04-01 11:45:45 | DEBUG | https://www.w3schools.com:443 "GET /js/js_function_intro.asp HTTP/1.1" 200 44086
2026-04-01 11:45:45 | DEBUG | Saved cleaned page: scraper/raw_html\js__js_function_intro.json
2026-04-01 11:45:47 | DEBUG | Starting new HTTPS connection (1): www.w3schools.com:443
2026-04-01 11:45:49 | DEBUG | https://www.w3schools.com:443 "GET /js/js_function_invocation.asp HTTP/1.1" 200 43765
2026-04-01 11:45:49 | DEBUG | Saved cleaned page: scraper/raw_html\js__js_function_invocation.json
2026-04-01 11:45:50 | DEBUG | Starting new HTTPS connection (1): www.w3schools.com:443
2026-04-01 11:45:52 | DEBUG | https://www.w3schools.com:443 "GET /js/js_function_parameters.asp HTTP/1.1" 200 43167
2026-04-01 11:45:53 | DEBUG | Saved cleaned page: scraper/raw_html\js__js_function_parameters.json
2026-04-01 11:45:54 | DEBUG | Starting new HTTPS connection (1): www.w3schools.com:443
2026-04-01 11:45:56 | DEBUG | https://www.w3schools.com:443 "GET /js/js_function_return.asp HTTP/1.1" 200 43502
2026-04-01 11:45:57 | DEBUG | Saved cleaned page: scraper/raw_html\js__js_function_return.json
2026-04-01 11:45:58 | DEBUG | Starting new HTTPS connection (1): www.w3schools.com:443
2026-04-01 11:46:00 | DEBUG | https://www.w3schools.com:443 "GET /js/js_function_arguments.asp HTTP/1.1" 200 44298
2026-04-01 11:46:01 | DEBUG | Saved cleaned page: scraper/raw_html\js__js_function_arguments.json
2026-04-01 11:46:02 | DEBUG | Starting new HTTPS connection (1): www.w3schools.com:443
2026-04-01 11:46:04 | DEBUG | https://www.w3schools.com:443 "GET /js/js_function_expressions.asp HTTP/1.1" 200 44250
2026-04-01 11:46:05 | DEBUG | Saved cleaned page: scraper/raw_html\js__js_function_expressions.json
2026-04-01 11:46:06 | DEBUG | Starting new HTTPS connection (1): www.w3schools.com:443
2026-04-01 11:46:07 | DEBUG | https://www.w3schools.com:443 "GET /js/js_arrow_function.asp HTTP/1.1" 200 43935
2026-04-01 11:46:07 | DEBUG | Saved cleaned page: scraper/raw_html\js__js_arrow_function.json
2026-04-01 11:46:08 | DEBUG | Starting new HTTPS connection (1): www.w3schools.com:443
2026-04-01 11:46:09 | DEBUG | https://www.w3schools.com:443 "GET /js/js_objects.asp HTTP/1.1" 200 43205
2026-04-01 11:46:10 | DEBUG | Saved cleaned page: scraper/raw_html\js__js_objects.json
2026-04-01 11:46:11 | DEBUG | Starting new HTTPS connection (1): www.w3schools.com:443
2026-04-01 11:46:12 | DEBUG | https://www.w3schools.com:443 "GET /js/js_object_intro.asp HTTP/1.1" 200 44500
2026-04-01 11:46:12 | DEBUG | Saved cleaned page: scraper/raw_html\js__js_object_intro.json
2026-04-01 11:46:13 | DEBUG | Starting new HTTPS connection (1): www.w3schools.com:443
2026-04-01 11:46:14 | DEBUG | https://www.w3schools.com:443 "GET /js/js_object_properties.asp HTTP/1.1" 200 43746
2026-04-01 11:46:14 | DEBUG | Saved cleaned page: scraper/raw_html\js__js_object_properties.json
2026-04-01 11:46:15 | DEBUG | Starting new HTTPS connection (1): www.w3schools.com:443
2026-04-01 11:46:17 | DEBUG | https://www.w3schools.com:443 "GET /js/js_object_methods.asp HTTP/1.1" 200 43534
2026-04-01 11:46:17 | DEBUG | Saved cleaned page: scraper/raw_html\js__js_object_methods.json
2026-04-01 11:46:18 | DEBUG | Starting new HTTPS connection (1): www.w3schools.com:443
2026-04-01 11:46:19 | DEBUG | https://www.w3schools.com:443 "GET /js/js_object_this.asp HTTP/1.1" 200 43158
2026-04-01 11:46:19 | DEBUG | Saved cleaned page: scraper/raw_html\js__js_object_this.json
2026-04-01 11:46:20 | DEBUG | Starting new HTTPS connection (1): www.w3schools.com:443
2026-04-01 11:46:22 | DEBUG | https://www.w3schools.com:443 "GET /js/js_object_display.asp HTTP/1.1" 200 43464
2026-04-01 11:46:22 | DEBUG | Saved cleaned page: scraper/raw_html\js__js_object_display.json
2026-04-01 11:46:23 | DEBUG | Starting new HTTPS connection (1): www.w3schools.com:443
2026-04-01 11:46:24 | DEBUG | https://www.w3schools.com:443 "GET /js/js_object_constructors.asp HTTP/1.1" 200 43959
2026-04-01 11:46:24 | DEBUG | Saved cleaned page: scraper/raw_html\js__js_object_constructors.json
2026-04-01 11:46:25 | DEBUG | Starting new HTTPS connection (1): www.w3schools.com:443
2026-04-01 11:46:28 | DEBUG | https://www.w3schools.com:443 "GET /js/js_scope.asp HTTP/1.1" 200 43950
2026-04-01 11:46:28 | DEBUG | Saved cleaned page: scraper/raw_html\js__js_scope.json
2026-04-01 11:46:29 | DEBUG | Starting new HTTPS connection (1): www.w3schools.com:443
2026-04-01 11:46:32 | DEBUG | https://www.w3schools.com:443 "GET /js/js_codeblocks.asp HTTP/1.1" 200 43189
2026-04-01 11:46:32 | DEBUG | Saved cleaned page: scraper/raw_html\js__js_codeblocks.json
2026-04-01 11:46:33 | DEBUG | Starting new HTTPS connection (1): www.w3schools.com:443
2026-04-01 11:46:35 | DEBUG | https://www.w3schools.com:443 "GET /js/js_hoisting.asp HTTP/1.1" 200 43589
2026-04-01 11:46:36 | DEBUG | Saved cleaned page: scraper/raw_html\js__js_hoisting.json
2026-04-01 11:46:37 | DEBUG | Starting new HTTPS connection (1): www.w3schools.com:443
2026-04-01 11:46:39 | DEBUG | https://www.w3schools.com:443 "GET /js/js_strict.asp HTTP/1.1" 200 44416
2026-04-01 11:46:39 | DEBUG | Saved cleaned page: scraper/raw_html\js__js_strict.json
2026-04-01 11:46:40 | DEBUG | Starting new HTTPS connection (1): www.w3schools.com:443
2026-04-01 11:46:42 | DEBUG | https://www.w3schools.com:443 "GET /js/js_dates.asp HTTP/1.1" 200 44428
2026-04-01 11:46:43 | DEBUG | Saved cleaned page: scraper/raw_html\js__js_dates.json
2026-04-01 11:46:44 | DEBUG | Starting new HTTPS connection (1): www.w3schools.com:443
2026-04-01 11:46:46 | DEBUG | https://www.w3schools.com:443 "GET /js/js_date_formats.asp HTTP/1.1" 200 44065
2026-04-01 11:46:46 | DEBUG | Saved cleaned page: scraper/raw_html\js__js_date_formats.json
2026-04-01 11:46:47 | DEBUG | Starting new HTTPS connection (1): www.w3schools.com:443
2026-04-01 11:46:48 | DEBUG | https://www.w3schools.com:443 "GET /js/js_date_methods.asp HTTP/1.1" 200 44585
2026-04-01 11:46:48 | DEBUG | Saved cleaned page: scraper/raw_html\js__js_date_methods.json
2026-04-01 11:46:49 | DEBUG | Starting new HTTPS connection (1): www.w3schools.com:443
2026-04-01 11:46:50 | DEBUG | https://www.w3schools.com:443 "GET /js/js_date_methods_set.asp HTTP/1.1" 200 43344
2026-04-01 11:46:50 | DEBUG | Saved cleaned page: scraper/raw_html\js__js_date_methods_set.json
2026-04-01 11:46:52 | DEBUG | Starting new HTTPS connection (1): www.w3schools.com:443
2026-04-01 11:46:54 | DEBUG | https://www.w3schools.com:443 "GET /js/js_temporal.asp HTTP/1.1" 200 44201
2026-04-01 11:46:54 | DEBUG | Saved cleaned page: scraper/raw_html\js__js_temporal.json
2026-04-01 11:46:55 | DEBUG | Starting new HTTPS connection (1): www.w3schools.com:443
2026-04-01 11:46:58 | DEBUG | https://www.w3schools.com:443 "GET /js/js_temporal_intro.asp HTTP/1.1" 200 44913
2026-04-01 11:46:58 | DEBUG | Saved cleaned page: scraper/raw_html\js__js_temporal_intro.json
2026-04-01 11:46:59 | DEBUG | Starting new HTTPS connection (1): www.w3schools.com:443
2026-04-01 11:47:01 | DEBUG | https://www.w3schools.com:443 "GET /js/js_temporal_vs_date.asp HTTP/1.1" 200 45281
2026-04-01 11:47:02 | DEBUG | Saved cleaned page: scraper/raw_html\js__js_temporal_vs_date.json
2026-04-01 11:47:03 | DEBUG | Starting new HTTPS connection (1): www.w3schools.com:443
2026-04-01 11:47:05 | DEBUG | https://www.w3schools.com:443 "GET /js/js_temporal_duration.asp HTTP/1.1" 200 45398
2026-04-01 11:47:06 | DEBUG | Saved cleaned page: scraper/raw_html\js__js_temporal_duration.json
2026-04-01 11:47:07 | DEBUG | Starting new HTTPS connection (1): www.w3schools.com:443
2026-04-01 11:47:09 | DEBUG | https://www.w3schools.com:443 "GET /js/js_temporal_instant.asp HTTP/1.1" 200 44631
2026-04-01 11:47:09 | DEBUG | Saved cleaned page: scraper/raw_html\js__js_temporal_instant.json
2026-04-01 11:47:10 | DEBUG | Starting new HTTPS connection (1): www.w3schools.com:443
2026-04-01 11:47:12 | DEBUG | https://www.w3schools.com:443 "GET /js/js_temporal_plaindatetime.asp HTTP/1.1" 200 44299
2026-04-01 11:47:13 | DEBUG | Saved cleaned page: scraper/raw_html\js__js_temporal_plaindatetime.json
2026-04-01 11:47:14 | DEBUG | Starting new HTTPS connection (1): www.w3schools.com:443
2026-04-01 11:47:16 | DEBUG | https://www.w3schools.com:443 "GET /js/js_temporal_plain.asp HTTP/1.1" 200 45396
2026-04-01 11:47:16 | DEBUG | Saved cleaned page: scraper/raw_html\js__js_temporal_plain.json
2026-04-01 11:47:17 | DEBUG | Starting new HTTPS connection (1): www.w3schools.com:443
2026-04-01 11:47:19 | DEBUG | https://www.w3schools.com:443 "GET /js/js_temporal_plainyearmonth.asp HTTP/1.1" 200 43185
2026-04-01 11:47:20 | DEBUG | Saved cleaned page: scraper/raw_html\js__js_temporal_plainyearmonth.json
2026-04-01 11:47:21 | DEBUG | Starting new HTTPS connection (1): www.w3schools.com:443
2026-04-01 11:47:22 | DEBUG | https://www.w3schools.com:443 "GET /js/js_temporal_plainmonthday.asp HTTP/1.1" 200 43032
2026-04-01 11:47:22 | DEBUG | Saved cleaned page: scraper/raw_html\js__js_temporal_plainmonthday.json
2026-04-01 11:47:23 | DEBUG | Starting new HTTPS connection (1): www.w3schools.com:443
2026-04-01 11:47:24 | DEBUG | https://www.w3schools.com:443 "GET /js/js_temporal_plaintime.asp HTTP/1.1" 200 44264
2026-04-01 11:47:24 | DEBUG | Saved cleaned page: scraper/raw_html\js__js_temporal_plaintime.json
2026-04-01 11:47:25 | DEBUG | Starting new HTTPS connection (1): www.w3schools.com:443
2026-04-01 11:47:26 | DEBUG | https://www.w3schools.com:443 "GET /js/js_temporal_zoneddatetime.asp HTTP/1.1" 200 45592
2026-04-01 11:47:27 | DEBUG | Saved cleaned page: scraper/raw_html\js__js_temporal_zoneddatetime.json
2026-04-01 11:47:28 | DEBUG | Starting new HTTPS connection (1): www.w3schools.com:443
2026-04-01 11:47:30 | DEBUG | https://www.w3schools.com:443 "GET /js/js_temporal_now.asp HTTP/1.1" 200 43473
2026-04-01 11:47:30 | DEBUG | Saved cleaned page: scraper/raw_html\js__js_temporal_now.json
2026-04-01 11:47:31 | DEBUG | Starting new HTTPS connection (1): www.w3schools.com:443
2026-04-01 11:47:32 | DEBUG | https://www.w3schools.com:443 "GET /js/js_temporal_arithmetic.asp HTTP/1.1" 200 45006
2026-04-01 11:47:32 | DEBUG | Saved cleaned page: scraper/raw_html\js__js_temporal_arithmetic.json
2026-04-01 11:47:34 | DEBUG | Starting new HTTPS connection (1): www.w3schools.com:443
2026-04-01 11:47:35 | DEBUG | https://www.w3schools.com:443 "GET /js/js_temporal_formats.asp HTTP/1.1" 200 44812
2026-04-01 11:47:35 | DEBUG | Saved cleaned page: scraper/raw_html\js__js_temporal_formats.json
2026-04-01 11:47:36 | DEBUG | Starting new HTTPS connection (1): www.w3schools.com:443
2026-04-01 11:47:37 | DEBUG | https://www.w3schools.com:443 "GET /js/js_temporal_mistakes.asp HTTP/1.1" 200 43125
2026-04-01 11:47:37 | DEBUG | Saved cleaned page: scraper/raw_html\js__js_temporal_mistakes.json
2026-04-01 11:47:38 | DEBUG | Starting new HTTPS connection (1): www.w3schools.com:443
2026-04-01 11:47:40 | DEBUG | https://www.w3schools.com:443 "GET /js/js_temporal_migrate.asp HTTP/1.1" 200 43455
2026-04-01 11:47:40 | DEBUG | Saved cleaned page: scraper/raw_html\js__js_temporal_migrate.json
2026-04-01 11:47:41 | DEBUG | Starting new HTTPS connection (1): www.w3schools.com:443
2026-04-01 11:47:42 | DEBUG | https://www.w3schools.com:443 "GET /js/js_arrays.asp HTTP/1.1" 200 46285
2026-04-01 11:47:42 | DEBUG | Saved cleaned page: scraper/raw_html\js__js_arrays.json
2026-04-01 11:47:43 | DEBUG | Starting new HTTPS connection (1): www.w3schools.com:443
2026-04-01 11:47:44 | DEBUG | https://www.w3schools.com:443 "GET /js/js_array_methods.asp HTTP/1.1" 200 46610
2026-04-01 11:47:44 | DEBUG | Saved cleaned page: scraper/raw_html\js__js_array_methods.json
2026-04-01 11:47:45 | DEBUG | Starting new HTTPS connection (1): www.w3schools.com:443
2026-04-01 11:47:46 | DEBUG | https://www.w3schools.com:443 "GET /js/js_array_search.asp HTTP/1.1" 200 44420
2026-04-01 11:47:46 | DEBUG | Saved cleaned page: scraper/raw_html\js__js_array_search.json
2026-04-01 11:47:47 | DEBUG | Starting new HTTPS connection (1): www.w3schools.com:443
2026-04-01 11:47:49 | DEBUG | https://www.w3schools.com:443 "GET /js/js_array_sort.asp HTTP/1.1" 200 45762
2026-04-01 11:47:49 | DEBUG | Saved cleaned page: scraper/raw_html\js__js_array_sort.json
2026-04-01 11:47:50 | DEBUG | Starting new HTTPS connection (1): www.w3schools.com:443
2026-04-01 11:47:51 | DEBUG | https://www.w3schools.com:443 "GET /js/js_array_iteration.asp HTTP/1.1" 200 45783
2026-04-01 11:47:51 | DEBUG | Saved cleaned page: scraper/raw_html\js__js_array_iteration.json
2026-04-01 11:47:52 | DEBUG | Starting new HTTPS connection (1): www.w3schools.com:443
2026-04-01 11:47:53 | DEBUG | https://www.w3schools.com:443 "GET /js/js_array_const.asp HTTP/1.1" 200 43490
2026-04-01 11:47:53 | DEBUG | Saved cleaned page: scraper/raw_html\js__js_array_const.json
2026-04-01 11:47:54 | DEBUG | Starting new HTTPS connection (1): www.w3schools.com:443
2026-04-01 11:47:55 | DEBUG | https://www.w3schools.com:443 "GET /js/js_sets.asp HTTP/1.1" 200 43322
2026-04-01 11:47:56 | DEBUG | Saved cleaned page: scraper/raw_html\js__js_sets.json
2026-04-01 11:47:57 | DEBUG | Starting new HTTPS connection (1): www.w3schools.com:443
2026-04-01 11:47:57 | DEBUG | https://www.w3schools.com:443 "GET /js/js_set_methods.asp HTTP/1.1" 200 43609
2026-04-01 11:47:58 | DEBUG | Saved cleaned page: scraper/raw_html\js__js_set_methods.json
2026-04-01 11:47:59 | DEBUG | Starting new HTTPS connection (1): www.w3schools.com:443
2026-04-01 11:48:01 | DEBUG | https://www.w3schools.com:443 "GET /js/js_set_logic.asp HTTP/1.1" 200 43458
2026-04-01 11:48:01 | DEBUG | Saved cleaned page: scraper/raw_html\js__js_set_logic.json
2026-04-01 11:48:02 | DEBUG | Starting new HTTPS connection (1): www.w3schools.com:443
2026-04-01 11:48:04 | DEBUG | https://www.w3schools.com:443 "GET /js/js_sets_weak.asp HTTP/1.1" 200 44203
2026-04-01 11:48:05 | DEBUG | Saved cleaned page: scraper/raw_html\js__js_sets_weak.json
2026-04-01 11:48:06 | DEBUG | Starting new HTTPS connection (1): www.w3schools.com:443
2026-04-01 11:48:07 | DEBUG | https://www.w3schools.com:443 "GET /js/js_maps.asp HTTP/1.1" 200 43827
2026-04-01 11:48:08 | DEBUG | Saved cleaned page: scraper/raw_html\js__js_maps.json
2026-04-01 11:48:09 | DEBUG | Starting new HTTPS connection (1): www.w3schools.com:443
2026-04-01 11:48:11 | DEBUG | https://www.w3schools.com:443 "GET /js/js_map_methods.asp HTTP/1.1" 200 44016
2026-04-01 11:48:11 | DEBUG | Saved cleaned page: scraper/raw_html\js__js_map_methods.json
2026-04-01 11:48:12 | DEBUG | Starting new HTTPS connection (1): www.w3schools.com:443
2026-04-01 11:48:14 | DEBUG | https://www.w3schools.com:443 "GET /js/js_maps_weak.asp HTTP/1.1" 200 44411
2026-04-01 11:48:15 | DEBUG | Saved cleaned page: scraper/raw_html\js__js_maps_weak.json
2026-04-01 11:48:16 | DEBUG | Starting new HTTPS connection (1): www.w3schools.com:443
2026-04-01 11:48:17 | DEBUG | https://www.w3schools.com:443 "GET /js/js_looping.asp HTTP/1.1" 200 43791
2026-04-01 11:48:17 | DEBUG | Saved cleaned page: scraper/raw_html\js__js_looping.json
2026-04-01 11:48:18 | DEBUG | Starting new HTTPS connection (1): www.w3schools.com:443
2026-04-01 11:48:19 | DEBUG | https://www.w3schools.com:443 "GET /js/js_iterables.asp HTTP/1.1" 200 43859
2026-04-01 11:48:19 | DEBUG | Saved cleaned page: scraper/raw_html\js__js_iterables.json
2026-04-01 11:48:21 | DEBUG | Starting new HTTPS connection (1): www.w3schools.com:443
2026-04-01 11:48:23 | DEBUG | https://www.w3schools.com:443 "GET /js/js_iterators.asp HTTP/1.1" 200 44301
2026-04-01 11:48:23 | DEBUG | Saved cleaned page: scraper/raw_html\js__js_iterators.json
2026-04-01 11:48:25 | DEBUG | Starting new HTTPS connection (1): www.w3schools.com:443
2026-04-01 11:48:27 | DEBUG | https://www.w3schools.com:443 "GET /js/js_generators.asp HTTP/1.1" 200 43471
2026-04-01 11:48:27 | DEBUG | Saved cleaned page: scraper/raw_html\js__js_generators.json
2026-04-01 11:48:29 | DEBUG | Starting new HTTPS connection (1): www.w3schools.com:443
2026-04-01 11:48:31 | DEBUG | https://www.w3schools.com:443 "GET /js/js_math.asp HTTP/1.1" 200 43981
2026-04-01 11:48:31 | DEBUG | Saved cleaned page: scraper/raw_html\js__js_math.json
2026-04-01 11:48:33 | DEBUG | Starting new HTTPS connection (1): www.w3schools.com:443
2026-04-01 11:48:35 | DEBUG | https://www.w3schools.com:443 "GET /js/js_random.asp HTTP/1.1" 200 43280
2026-04-01 11:48:35 | DEBUG | Saved cleaned page: scraper/raw_html\js__js_random.json
2026-04-01 11:48:36 | DEBUG | Starting new HTTPS connection (1): www.w3schools.com:443
2026-04-01 11:48:39 | DEBUG | https://www.w3schools.com:443 "GET /js/js_regexp.asp HTTP/1.1" 200 44718
2026-04-01 11:48:39 | DEBUG | Saved cleaned page: scraper/raw_html\js__js_regexp.json
2026-04-01 11:48:40 | DEBUG | Starting new HTTPS connection (1): www.w3schools.com:443
2026-04-01 11:48:42 | DEBUG | https://www.w3schools.com:443 "GET /js/js_regexp_flags.asp HTTP/1.1" 200 45073
2026-04-01 11:48:43 | DEBUG | Saved cleaned page: scraper/raw_html\js__js_regexp_flags.json
2026-04-01 11:48:44 | DEBUG | Starting new HTTPS connection (1): www.w3schools.com:443
2026-04-01 11:48:46 | DEBUG | https://www.w3schools.com:443 "GET /js/js_regexp_characters.asp HTTP/1.1" 200 43258
2026-04-01 11:48:46 | DEBUG | Saved cleaned page: scraper/raw_html\js__js_regexp_characters.json
2026-04-01 11:48:48 | DEBUG | Starting new HTTPS connection (1): www.w3schools.com:443
2026-04-01 11:48:50 | DEBUG | https://www.w3schools.com:443 "GET /js/js_regexp_meta_characters.asp HTTP/1.1" 200 43532
2026-04-01 11:48:50 | DEBUG | Saved cleaned page: scraper/raw_html\js__js_regexp_meta_characters.json
2026-04-01 11:48:51 | DEBUG | Starting new HTTPS connection (1): www.w3schools.com:443
2026-04-01 11:48:54 | DEBUG | https://www.w3schools.com:443 "GET /js/js_regexp_assertions.asp HTTP/1.1" 200 44389
2026-04-01 11:48:54 | DEBUG | Saved cleaned page: scraper/raw_html\js__js_regexp_assertions.json
2026-04-01 11:48:55 | DEBUG | Starting new HTTPS connection (1): www.w3schools.com:443
2026-04-01 11:48:57 | DEBUG | https://www.w3schools.com:443 "GET /js/js_regexp_quantifiers.asp HTTP/1.1" 200 43357
2026-04-01 11:48:58 | DEBUG | Saved cleaned page: scraper/raw_html\js__js_regexp_quantifiers.json
2026-04-01 11:48:59 | DEBUG | Starting new HTTPS connection (1): www.w3schools.com:443
2026-04-01 11:49:01 | DEBUG | https://www.w3schools.com:443 "GET /js/js_regexp_patterns.asp HTTP/1.1" 200 43781
2026-04-01 11:49:01 | DEBUG | Saved cleaned page: scraper/raw_html\js__js_regexp_patterns.json
2026-04-01 11:49:02 | DEBUG | Starting new HTTPS connection (1): www.w3schools.com:443
2026-04-01 11:49:04 | DEBUG | https://www.w3schools.com:443 "GET /js/js_regexp_objects.asp HTTP/1.1" 200 43473
2026-04-01 11:49:04 | DEBUG | Saved cleaned page: scraper/raw_html\js__js_regexp_objects.json
2026-04-01 11:49:05 | DEBUG | Starting new HTTPS connection (1): www.w3schools.com:443
2026-04-01 11:49:08 | DEBUG | https://www.w3schools.com:443 "GET /js/js_regexp_methods.asp HTTP/1.1" 200 43094
2026-04-01 11:49:08 | DEBUG | Saved cleaned page: scraper/raw_html\js__js_regexp_methods.json
2026-04-01 11:49:09 | DEBUG | Starting new HTTPS connection (1): www.w3schools.com:443
2026-04-01 11:49:11 | DEBUG | https://www.w3schools.com:443 "GET /js/js_datatypes.asp HTTP/1.1" 200 44237
2026-04-01 11:49:11 | DEBUG | Saved cleaned page: scraper/raw_html\js__js_datatypes.json
2026-04-01 11:49:13 | DEBUG | Starting new HTTPS connection (1): www.w3schools.com:443
2026-04-01 11:49:15 | DEBUG | https://www.w3schools.com:443 "GET /js/js_datatypes_primitives.asp HTTP/1.1" 200 44316
2026-04-01 11:49:15 | DEBUG | Saved cleaned page: scraper/raw_html\js__js_datatypes_primitives.json
2026-04-01 11:49:16 | DEBUG | Starting new HTTPS connection (1): www.w3schools.com:443
2026-04-01 11:49:18 | DEBUG | https://www.w3schools.com:443 "GET /js/js_datatypes_objects.asp HTTP/1.1" 200 43767
2026-04-01 11:49:19 | DEBUG | Saved cleaned page: scraper/raw_html\js__js_datatypes_objects.json
2026-04-01 11:49:20 | DEBUG | Starting new HTTPS connection (1): www.w3schools.com:443
2026-04-01 11:49:22 | DEBUG | https://www.w3schools.com:443 "GET /js/js_typeof.asp HTTP/1.1" 200 44662
2026-04-01 11:49:22 | DEBUG | Saved cleaned page: scraper/raw_html\js__js_typeof.json
2026-04-01 11:49:24 | DEBUG | Starting new HTTPS connection (1): www.w3schools.com:443
2026-04-01 11:49:26 | DEBUG | https://www.w3schools.com:443 "GET /js/js_tostring.asp HTTP/1.1" 200 42931
2026-04-01 11:49:26 | DEBUG | Saved cleaned page: scraper/raw_html\js__js_tostring.json
2026-04-01 11:49:27 | DEBUG | Starting new HTTPS connection (1): www.w3schools.com:443
2026-04-01 11:49:29 | DEBUG | https://www.w3schools.com:443 "GET /js/js_type_conversion.asp HTTP/1.1" 200 44954
2026-04-01 11:49:29 | DEBUG | Saved cleaned page: scraper/raw_html\js__js_type_conversion.json
2026-04-01 11:49:30 | DEBUG | Starting new HTTPS connection (1): www.w3schools.com:443
2026-04-01 11:49:33 | DEBUG | https://www.w3schools.com:443 "GET /js/js_destructuring.asp HTTP/1.1" 200 43245
2026-04-01 11:49:33 | DEBUG | Saved cleaned page: scraper/raw_html\js__js_destructuring.json
2026-04-01 11:49:34 | DEBUG | Starting new HTTPS connection (1): www.w3schools.com:443
2026-04-01 11:49:37 | DEBUG | https://www.w3schools.com:443 "GET /js/js_errors_intro.asp HTTP/1.1" 200 44345
2026-04-01 11:49:37 | DEBUG | Saved cleaned page: scraper/raw_html\js__js_errors_intro.json
2026-04-01 11:49:38 | DEBUG | Starting new HTTPS connection (1): www.w3schools.com:443
2026-04-01 11:49:40 | DEBUG | https://www.w3schools.com:443 "GET /js/js_errors_silent.asp HTTP/1.1" 200 43026
2026-04-01 11:49:41 | DEBUG | Saved cleaned page: scraper/raw_html\js__js_errors_silent.json
2026-04-01 11:49:42 | DEBUG | Starting new HTTPS connection (1): www.w3schools.com:443
2026-04-01 11:49:44 | DEBUG | https://www.w3schools.com:443 "GET /js/js_errors.asp HTTP/1.1" 200 44021
2026-04-01 11:49:45 | DEBUG | Saved cleaned page: scraper/raw_html\js__js_errors.json
2026-04-01 11:49:46 | DEBUG | Starting new HTTPS connection (1): www.w3schools.com:443
2026-04-01 11:49:48 | DEBUG | https://www.w3schools.com:443 "GET /js/js_error_object.asp HTTP/1.1" 200 42976
2026-04-01 11:49:49 | DEBUG | Saved cleaned page: scraper/raw_html\js__js_error_object.json
2026-04-01 11:49:50 | DEBUG | Starting new HTTPS connection (1): www.w3schools.com:443
2026-04-01 11:49:52 | DEBUG | https://www.w3schools.com:443 "GET /js/js_debugging.asp HTTP/1.1" 200 44805
2026-04-01 11:49:53 | DEBUG | Saved cleaned page: scraper/raw_html\js__js_debugging.json
2026-04-01 11:49:54 | DEBUG | Starting new HTTPS connection (1): www.w3schools.com:443
2026-04-01 11:49:56 | DEBUG | https://www.w3schools.com:443 "GET /js/js_debugging_console.asp HTTP/1.1" 200 43391
2026-04-01 11:49:57 | DEBUG | Saved cleaned page: scraper/raw_html\js__js_debugging_console.json
2026-04-01 11:49:58 | DEBUG | Starting new HTTPS connection (1): www.w3schools.com:443
2026-04-01 11:50:00 | DEBUG | https://www.w3schools.com:443 "GET /js/js_debugging_breakpoints.asp HTTP/1.1" 200 43725
2026-04-01 11:50:00 | DEBUG | Saved cleaned page: scraper/raw_html\js__js_debugging_breakpoints.json
2026-04-01 11:50:01 | DEBUG | Starting new HTTPS connection (1): www.w3schools.com:443
2026-04-01 11:50:04 | DEBUG | https://www.w3schools.com:443 "GET /js/js_debugging_errors.asp HTTP/1.1" 200 43281
2026-04-01 11:50:04 | DEBUG | Saved cleaned page: scraper/raw_html\js__js_debugging_errors.json
2026-04-01 11:50:05 | DEBUG | Starting new HTTPS connection (1): www.w3schools.com:443
2026-04-01 11:50:06 | DEBUG | https://www.w3schools.com:443 "GET /js/js_debugging_async.asp HTTP/1.1" 200 43265
2026-04-01 11:50:07 | DEBUG | Saved cleaned page: scraper/raw_html\js__js_debugging_async.json
2026-04-01 11:50:08 | DEBUG | Starting new HTTPS connection (1): www.w3schools.com:443
2026-04-01 11:50:10 | DEBUG | https://www.w3schools.com:443 "GET /js/js_conventions.asp HTTP/1.1" 200 44985
2026-04-01 11:50:11 | DEBUG | Saved cleaned page: scraper/raw_html\js__js_conventions.json
2026-04-01 11:50:12 | DEBUG | Starting new HTTPS connection (1): www.w3schools.com:443
2026-04-01 11:50:14 | DEBUG | https://www.w3schools.com:443 "GET /js/js_best_practices.asp HTTP/1.1" 200 45080
2026-04-01 11:50:14 | DEBUG | Saved cleaned page: scraper/raw_html\js__js_best_practices.json
2026-04-01 11:50:15 | DEBUG | Starting new HTTPS connection (1): www.w3schools.com:443
2026-04-01 11:50:17 | DEBUG | https://www.w3schools.com:443 "GET /js/js_mistakes.asp HTTP/1.1" 200 45027
2026-04-01 11:50:17 | DEBUG | Saved cleaned page: scraper/raw_html\js__js_mistakes.json
2026-04-01 11:50:18 | DEBUG | Starting new HTTPS connection (1): www.w3schools.com:443
2026-04-01 11:50:21 | DEBUG | https://www.w3schools.com:443 "GET /js/js_performance.asp HTTP/1.1" 200 43469
2026-04-01 11:50:21 | DEBUG | Saved cleaned page: scraper/raw_html\js__js_performance.json
2026-04-01 11:50:22 | DEBUG | Starting new HTTPS connection (1): www.w3schools.com:443
2026-04-01 11:50:25 | DEBUG | https://www.w3schools.com:443 "GET /js/js_reserved.asp HTTP/1.1" 200 43709
2026-04-01 11:50:25 | DEBUG | Saved cleaned page: scraper/raw_html\js__js_reserved.json
2026-04-01 11:50:27 | DEBUG | Starting new HTTPS connection (1): www.w3schools.com:443
2026-04-01 11:50:29 | DEBUG | https://www.w3schools.com:443 "GET /js/js_precedence.asp HTTP/1.1" 200 44454
2026-04-01 11:50:29 | DEBUG | Saved cleaned page: scraper/raw_html\js__js_precedence.json
2026-04-01 11:50:30 | DEBUG | Starting new HTTPS connection (1): www.w3schools.com:443
2026-04-01 11:50:33 | DEBUG | https://www.w3schools.com:443 "GET /js/js_project_counter.asp HTTP/1.1" 200 43948
2026-04-01 11:50:33 | DEBUG | Saved cleaned page: scraper/raw_html\js__js_project_counter.json
2026-04-01 11:50:34 | DEBUG | Starting new HTTPS connection (1): www.w3schools.com:443
2026-04-01 11:50:35 | DEBUG | https://www.w3schools.com:443 "GET /js/js_project_eventlistener.asp HTTP/1.1" 200 43954
2026-04-01 11:50:35 | DEBUG | Saved cleaned page: scraper/raw_html\js__js_project_eventlistener.json
2026-04-01 11:50:36 | DEBUG | Starting new HTTPS connection (1): www.w3schools.com:443
2026-04-01 11:50:37 | DEBUG | https://www.w3schools.com:443 "GET /js/js_project_todo.asp HTTP/1.1" 200 44224
2026-04-01 11:50:37 | DEBUG | Saved cleaned page: scraper/raw_html\js__js_project_todo.json
2026-04-01 11:50:38 | DEBUG | Starting new HTTPS connection (1): www.w3schools.com:443
2026-04-01 11:50:40 | DEBUG | https://www.w3schools.com:443 "GET /js/js_project_modal_popup.asp HTTP/1.1" 200 44340
2026-04-01 11:50:40 | DEBUG | Saved cleaned page: scraper/raw_html\js__js_project_modal_popup.json
2026-04-01 11:50:41 | DEBUG | Starting new HTTPS connection (1): www.w3schools.com:443
2026-04-01 11:50:42 | DEBUG | https://www.w3schools.com:443 "GET /js/js_project_form_validation.asp HTTP/1.1" 200 44208
2026-04-01 11:50:42 | DEBUG | Saved cleaned page: scraper/raw_html\js__js_project_form_validation.json
2026-04-01 11:50:43 | DEBUG | Starting new HTTPS connection (1): www.w3schools.com:443
2026-04-01 11:50:44 | DEBUG | https://www.w3schools.com:443 "GET /js/js_2026.asp HTTP/1.1" 200 45196
2026-04-01 11:50:44 | DEBUG | Saved cleaned page: scraper/raw_html\js__js_2026.json
2026-04-01 11:50:46 | DEBUG | Starting new HTTPS connection (1): www.w3schools.com:443
2026-04-01 11:50:47 | DEBUG | https://www.w3schools.com:443 "GET /js/js_2025.asp HTTP/1.1" 200 46690
2026-04-01 11:50:47 | DEBUG | Saved cleaned page: scraper/raw_html\js__js_2025.json
2026-04-01 11:50:48 | DEBUG | Starting new HTTPS connection (1): www.w3schools.com:443
2026-04-01 11:50:49 | DEBUG | https://www.w3schools.com:443 "GET /js/js_2024.asp HTTP/1.1" 200 44239
2026-04-01 11:50:50 | DEBUG | Saved cleaned page: scraper/raw_html\js__js_2024.json
2026-04-01 11:50:51 | DEBUG | Starting new HTTPS connection (1): www.w3schools.com:443
2026-04-01 11:50:52 | DEBUG | https://www.w3schools.com:443 "GET /js/js_2023.asp HTTP/1.1" 200 43664
2026-04-01 11:50:53 | DEBUG | Saved cleaned page: scraper/raw_html\js__js_2023.json
2026-04-01 11:50:54 | DEBUG | Starting new HTTPS connection (1): www.w3schools.com:443
2026-04-01 11:50:56 | DEBUG | https://www.w3schools.com:443 "GET /js/js_2022.asp HTTP/1.1" 200 44387
2026-04-01 11:50:56 | DEBUG | Saved cleaned page: scraper/raw_html\js__js_2022.json
2026-04-01 11:50:57 | DEBUG | Starting new HTTPS connection (1): www.w3schools.com:443
2026-04-01 11:51:00 | DEBUG | https://www.w3schools.com:443 "GET /js/js_2021.asp HTTP/1.1" 200 43427
2026-04-01 11:51:00 | DEBUG | Saved cleaned page: scraper/raw_html\js__js_2021.json
2026-04-01 11:51:01 | DEBUG | Starting new HTTPS connection (1): www.w3schools.com:443
2026-04-01 11:51:03 | DEBUG | https://www.w3schools.com:443 "GET /js/js_2020.asp HTTP/1.1" 200 45844
2026-04-01 11:51:04 | DEBUG | Saved cleaned page: scraper/raw_html\js__js_2020.json
2026-04-01 11:51:05 | DEBUG | Starting new HTTPS connection (1): www.w3schools.com:443
2026-04-01 11:51:07 | DEBUG | https://www.w3schools.com:443 "GET /js/js_2019.asp HTTP/1.1" 200 44532
2026-04-01 11:51:08 | DEBUG | Saved cleaned page: scraper/raw_html\js__js_2019.json
2026-04-01 11:51:09 | DEBUG | Starting new HTTPS connection (1): www.w3schools.com:443
2026-04-01 11:51:11 | DEBUG | https://www.w3schools.com:443 "GET /js/js_2018.asp HTTP/1.1" 200 44576
2026-04-01 11:51:11 | DEBUG | Saved cleaned page: scraper/raw_html\js__js_2018.json
2026-04-01 11:51:12 | DEBUG | Starting new HTTPS connection (1): www.w3schools.com:443
2026-04-01 11:51:15 | DEBUG | https://www.w3schools.com:443 "GET /js/js_2017.asp HTTP/1.1" 200 44102
2026-04-01 11:51:15 | DEBUG | Saved cleaned page: scraper/raw_html\js__js_2017.json
2026-04-01 11:51:16 | DEBUG | Starting new HTTPS connection (1): www.w3schools.com:443
2026-04-01 11:51:18 | DEBUG | https://www.w3schools.com:443 "GET /js/js_2016.asp HTTP/1.1" 200 43061
2026-04-01 11:51:19 | DEBUG | Saved cleaned page: scraper/raw_html\js__js_2016.json
2026-04-01 11:51:20 | DEBUG | Starting new HTTPS connection (1): www.w3schools.com:443
2026-04-01 11:51:22 | DEBUG | https://www.w3schools.com:443 "GET /js/js_es6.asp HTTP/1.1" 200 50469
2026-04-01 11:51:22 | DEBUG | Saved cleaned page: scraper/raw_html\js__js_es6.json
2026-04-01 11:51:23 | DEBUG | Starting new HTTPS connection (1): www.w3schools.com:443
2026-04-01 11:51:24 | DEBUG | https://www.w3schools.com:443 "GET /js/js_es5.asp HTTP/1.1" 200 47723
2026-04-01 11:51:24 | DEBUG | Saved cleaned page: scraper/raw_html\js__js_es5.json
2026-04-01 11:51:25 | DEBUG | Starting new HTTPS connection (1): www.w3schools.com:443
2026-04-01 11:51:26 | DEBUG | https://www.w3schools.com:443 "GET /js/js_es3.asp HTTP/1.1" 200 43497
2026-04-01 11:51:26 | DEBUG | Saved cleaned page: scraper/raw_html\js__js_es3.json
2026-04-01 11:51:28 | DEBUG | Starting new HTTPS connection (1): www.w3schools.com:443
2026-04-01 11:51:29 | DEBUG | https://www.w3schools.com:443 "GET /js/js_versions.asp HTTP/1.1" 200 43645
2026-04-01 11:51:30 | DEBUG | Saved cleaned page: scraper/raw_html\js__js_versions.json
2026-04-01 11:51:31 | DEBUG | Starting new HTTPS connection (1): www.w3schools.com:443
2026-04-01 11:51:32 | DEBUG | https://www.w3schools.com:443 "GET /js/js_history.asp HTTP/1.1" 200 44582
2026-04-01 11:51:32 | DEBUG | Saved cleaned page: scraper/raw_html\js__js_history.json
2026-04-01 11:51:34 | DEBUG | Starting new HTTPS connection (1): www.w3schools.com:443
2026-04-01 11:51:35 | DEBUG | https://www.w3schools.com:443 "GET /js/js_htmldom.asp HTTP/1.1" 200 43296
2026-04-01 11:51:36 | DEBUG | Saved cleaned page: scraper/raw_html\js__js_htmldom.json
2026-04-01 11:51:37 | DEBUG | Starting new HTTPS connection (1): www.w3schools.com:443
2026-04-01 11:51:39 | DEBUG | https://www.w3schools.com:443 "GET /js/js_htmldom_methods.asp HTTP/1.1" 200 43668
2026-04-01 11:51:39 | DEBUG | Saved cleaned page: scraper/raw_html\js__js_htmldom_methods.json
2026-04-01 11:51:41 | DEBUG | Starting new HTTPS connection (1): www.w3schools.com:443
2026-04-01 11:51:43 | DEBUG | https://www.w3schools.com:443 "GET /js/js_htmldom_elements.asp HTTP/1.1" 200 43528
2026-04-01 11:51:43 | DEBUG | Saved cleaned page: scraper/raw_html\js__js_htmldom_elements.json
2026-04-01 11:51:45 | DEBUG | Starting new HTTPS connection (1): www.w3schools.com:443
2026-04-01 11:51:47 | DEBUG | https://www.w3schools.com:443 "GET /js/js_htmldom_html.asp HTTP/1.1" 200 43387
2026-04-01 11:51:47 | DEBUG | Saved cleaned page: scraper/raw_html\js__js_htmldom_html.json
2026-04-01 11:51:48 | DEBUG | Starting new HTTPS connection (1): www.w3schools.com:443
2026-04-01 11:51:50 | DEBUG | https://www.w3schools.com:443 "GET /js/js_htmldom_css.asp HTTP/1.1" 200 42991
2026-04-01 11:51:50 | DEBUG | Saved cleaned page: scraper/raw_html\js__js_htmldom_css.json
2026-04-01 11:51:51 | DEBUG | Starting new HTTPS connection (1): www.w3schools.com:443
2026-04-01 11:51:52 | DEBUG | https://www.w3schools.com:443 "GET /js/js_validation.asp HTTP/1.1" 200 43803
2026-04-01 11:51:52 | DEBUG | Saved cleaned page: scraper/raw_html\js__js_validation.json
2026-04-01 11:51:54 | DEBUG | Starting new HTTPS connection (1): www.w3schools.com:443
2026-04-01 11:51:55 | DEBUG | https://www.w3schools.com:443 "GET /js/js_htmldom_animate.asp HTTP/1.1" 200 43004
2026-04-01 11:51:55 | DEBUG | Saved cleaned page: scraper/raw_html\js__js_htmldom_animate.json
2026-04-01 11:51:56 | DEBUG | Starting new HTTPS connection (1): www.w3schools.com:443
2026-04-01 11:51:58 | DEBUG | https://www.w3schools.com:443 "GET /js/js_htmldom_document.asp HTTP/1.1" 200 43886
2026-04-01 11:51:58 | DEBUG | Saved cleaned page: scraper/raw_html\js__js_htmldom_document.json
2026-04-01 11:52:00 | DEBUG | Starting new HTTPS connection (1): www.w3schools.com:443
2026-04-01 11:52:02 | DEBUG | https://www.w3schools.com:443 "GET /js/js_events.asp HTTP/1.1" 200 44034
2026-04-01 11:52:02 | DEBUG | Saved cleaned page: scraper/raw_html\js__js_events.json
2026-04-01 11:52:03 | DEBUG | Starting new HTTPS connection (1): www.w3schools.com:443
2026-04-01 11:52:06 | DEBUG | https://www.w3schools.com:443 "GET /js/js_events_mouse.asp HTTP/1.1" 200 43396
2026-04-01 11:52:06 | DEBUG | Saved cleaned page: scraper/raw_html\js__js_events_mouse.json
2026-04-01 11:52:08 | DEBUG | Starting new HTTPS connection (1): www.w3schools.com:443
2026-04-01 11:52:10 | DEBUG | https://www.w3schools.com:443 "GET /js/js_events_keyboard.asp HTTP/1.1" 200 43166
2026-04-01 11:52:10 | DEBUG | Saved cleaned page: scraper/raw_html\js__js_events_keyboard.json
2026-04-01 11:52:11 | DEBUG | Starting new HTTPS connection (1): www.w3schools.com:443
2026-04-01 11:52:14 | DEBUG | https://www.w3schools.com:443 "GET /js/js_events_load.asp HTTP/1.1" 200 43173
2026-04-01 11:52:14 | DEBUG | Saved cleaned page: scraper/raw_html\js__js_events_load.json
2026-04-01 11:52:15 | DEBUG | Starting new HTTPS connection (1): www.w3schools.com:443
2026-04-01 11:52:18 | DEBUG | https://www.w3schools.com:443 "GET /js/js_events_timing.asp HTTP/1.1" 200 43596
2026-04-01 11:52:18 | DEBUG | Saved cleaned page: scraper/raw_html\js__js_events_timing.json
2026-04-01 11:52:19 | DEBUG | Starting new HTTPS connection (1): www.w3schools.com:443
2026-04-01 11:52:22 | DEBUG | https://www.w3schools.com:443 "GET /js/js_events_management.asp HTTP/1.1" 200 42737
2026-04-01 11:52:22 | DEBUG | Saved cleaned page: scraper/raw_html\js__js_events_management.json
2026-04-01 11:52:23 | DEBUG | Starting new HTTPS connection (1): www.w3schools.com:443
2026-04-01 11:52:26 | DEBUG | https://www.w3schools.com:443 "GET /js/js_htmldom_events.asp HTTP/1.1" 200 43945
2026-04-01 11:52:26 | DEBUG | Saved cleaned page: scraper/raw_html\js__js_htmldom_events.json
2026-04-01 11:52:27 | DEBUG | Starting new HTTPS connection (1): www.w3schools.com:443
2026-04-01 11:52:28 | DEBUG | https://www.w3schools.com:443 "GET /js/js_htmldom_eventlistener.asp HTTP/1.1" 200 43986
2026-04-01 11:52:28 | DEBUG | Saved cleaned page: scraper/raw_html\js__js_htmldom_eventlistener.json
2026-04-01 11:52:30 | DEBUG | Starting new HTTPS connection (1): www.w3schools.com:443
2026-04-01 11:52:30 | DEBUG | https://www.w3schools.com:443 "GET /js/js_function_advanced.asp HTTP/1.1" 200 42790
2026-04-01 11:52:31 | DEBUG | Saved cleaned page: scraper/raw_html\js__js_function_advanced.json
2026-04-01 11:52:32 | DEBUG | Starting new HTTPS connection (1): www.w3schools.com:443
2026-04-01 11:52:33 | DEBUG | https://www.w3schools.com:443 "GET /js/js_function_definition.asp HTTP/1.1" 200 44258
2026-04-01 11:52:33 | DEBUG | Saved cleaned page: scraper/raw_html\js__js_function_definition.json
2026-04-01 11:52:34 | DEBUG | Starting new HTTPS connection (1): www.w3schools.com:443
2026-04-01 11:52:35 | DEBUG | https://www.w3schools.com:443 "GET /js/js_callback.asp HTTP/1.1" 200 44393
2026-04-01 11:52:35 | DEBUG | Saved cleaned page: scraper/raw_html\js__js_callback.json
2026-04-01 11:52:36 | DEBUG | Starting new HTTPS connection (1): www.w3schools.com:443
2026-04-01 11:52:37 | DEBUG | https://www.w3schools.com:443 "GET /js/js_function_this.asp HTTP/1.1" 200 45027
2026-04-01 11:52:37 | DEBUG | Saved cleaned page: scraper/raw_html\js__js_function_this.json
2026-04-01 11:52:38 | DEBUG | Starting new HTTPS connection (1): www.w3schools.com:443
2026-04-01 11:52:39 | DEBUG | https://www.w3schools.com:443 "GET /js/js_function_call.asp HTTP/1.1" 200 43744
2026-04-01 11:52:39 | DEBUG | Saved cleaned page: scraper/raw_html\js__js_function_call.json
2026-04-01 11:52:40 | DEBUG | Starting new HTTPS connection (1): www.w3schools.com:443
2026-04-01 11:52:41 | DEBUG | https://www.w3schools.com:443 "GET /js/js_function_apply.asp HTTP/1.1" 200 44265
2026-04-01 11:52:41 | DEBUG | Saved cleaned page: scraper/raw_html\js__js_function_apply.json
2026-04-01 11:52:43 | DEBUG | Starting new HTTPS connection (1): www.w3schools.com:443
2026-04-01 11:52:43 | DEBUG | https://www.w3schools.com:443 "GET /js/js_function_bind.asp HTTP/1.1" 200 44079
2026-04-01 11:52:44 | DEBUG | Saved cleaned page: scraper/raw_html\js__js_function_bind.json
2026-04-01 11:52:45 | DEBUG | Starting new HTTPS connection (1): www.w3schools.com:443
2026-04-01 11:52:46 | DEBUG | https://www.w3schools.com:443 "GET /js/js_function_iife.asp HTTP/1.1" 200 44147
2026-04-01 11:52:46 | DEBUG | Saved cleaned page: scraper/raw_html\js__js_function_iife.json
2026-04-01 11:52:47 | DEBUG | Starting new HTTPS connection (1): www.w3schools.com:443
2026-04-01 11:52:48 | DEBUG | https://www.w3schools.com:443 "GET /js/js_function_closures.asp HTTP/1.1" 200 44842
2026-04-01 11:52:48 | DEBUG | Saved cleaned page: scraper/raw_html\js__js_function_closures.json
2026-04-01 11:52:49 | DEBUG | Starting new HTTPS connection (1): www.w3schools.com:443
2026-04-01 11:52:51 | DEBUG | https://www.w3schools.com:443 "GET /js/js_object_advanced.asp HTTP/1.1" 200 42610
2026-04-01 11:52:51 | DEBUG | Saved cleaned page: scraper/raw_html\js__js_object_advanced.json
2026-04-01 11:52:52 | DEBUG | Starting new HTTPS connection (1): www.w3schools.com:443
2026-04-01 11:52:54 | DEBUG | https://www.w3schools.com:443 "GET /js/js_object_definition.asp HTTP/1.1" 200 44394
2026-04-01 11:52:54 | DEBUG | Saved cleaned page: scraper/raw_html\js__js_object_definition.json
2026-04-01 11:52:55 | DEBUG | Starting new HTTPS connection (1): www.w3schools.com:443
2026-04-01 11:52:57 | DEBUG | https://www.w3schools.com:443 "GET /js/js_this.asp HTTP/1.1" 200 43650
2026-04-01 11:52:57 | DEBUG | Saved cleaned page: scraper/raw_html\js__js_this.json
2026-04-01 11:52:58 | DEBUG | Starting new HTTPS connection (1): www.w3schools.com:443
2026-04-01 11:53:01 | DEBUG | https://www.w3schools.com:443 "GET /js/js_object_iterations.asp HTTP/1.1" 200 44214
2026-04-01 11:53:01 | DEBUG | Saved cleaned page: scraper/raw_html\js__js_object_iterations.json
2026-04-01 11:53:02 | DEBUG | Starting new HTTPS connection (1): www.w3schools.com:443
2026-04-01 11:53:04 | DEBUG | https://www.w3schools.com:443 "GET /js/js_object_accessors.asp HTTP/1.1" 200 43538
2026-04-01 11:53:05 | DEBUG | Saved cleaned page: scraper/raw_html\js__js_object_accessors.json
2026-04-01 11:53:06 | DEBUG | Starting new HTTPS connection (1): www.w3schools.com:443
2026-04-01 11:53:08 | DEBUG | https://www.w3schools.com:443 "GET /js/js_object_management.asp HTTP/1.1" 200 44089
2026-04-01 11:53:08 | DEBUG | Saved cleaned page: scraper/raw_html\js__js_object_management.json
2026-04-01 11:53:10 | DEBUG | Starting new HTTPS connection (1): www.w3schools.com:443
2026-04-01 11:53:11 | DEBUG | https://www.w3schools.com:443 "GET /js/js_object_protection.asp HTTP/1.1" 200 43597
2026-04-01 11:53:11 | DEBUG | Saved cleaned page: scraper/raw_html\js__js_object_protection.json
2026-04-01 11:53:12 | DEBUG | Starting new HTTPS connection (1): www.w3schools.com:443
2026-04-01 11:53:14 | DEBUG | https://www.w3schools.com:443 "GET /js/js_object_prototypes.asp HTTP/1.1" 200 43142
2026-04-01 11:53:14 | DEBUG | Saved cleaned page: scraper/raw_html\js__js_object_prototypes.json
2026-04-01 11:53:16 | DEBUG | Starting new HTTPS connection (1): www.w3schools.com:443
2026-04-01 11:53:18 | DEBUG | https://www.w3schools.com:443 "GET /js/js_classes.asp HTTP/1.1" 200 43605
2026-04-01 11:53:18 | DEBUG | Saved cleaned page: scraper/raw_html\js__js_classes.json
2026-04-01 11:53:19 | DEBUG | Starting new HTTPS connection (1): www.w3schools.com:443
2026-04-01 11:53:22 | DEBUG | https://www.w3schools.com:443 "GET /js/js_class_inheritance.asp HTTP/1.1" 200 43563
2026-04-01 11:53:22 | DEBUG | Saved cleaned page: scraper/raw_html\js__js_class_inheritance.json
2026-04-01 11:53:23 | DEBUG | Starting new HTTPS connection (1): www.w3schools.com:443
2026-04-01 11:53:25 | DEBUG | https://www.w3schools.com:443 "GET /js/js_class_static.asp HTTP/1.1" 200 42577
2026-04-01 11:53:26 | DEBUG | Saved cleaned page: scraper/raw_html\js__js_class_static.json
2026-04-01 11:53:27 | DEBUG | Starting new HTTPS connection (1): www.w3schools.com:443
2026-04-01 11:53:29 | DEBUG | https://www.w3schools.com:443 "GET /js/js_asynchronous.asp HTTP/1.1" 200 43147
2026-04-01 11:53:29 | DEBUG | Saved cleaned page: scraper/raw_html\js__js_asynchronous.json
2026-04-01 11:53:31 | DEBUG | Starting new HTTPS connection (1): www.w3schools.com:443
2026-04-01 11:53:33 | DEBUG | https://www.w3schools.com:443 "GET /js/js_async.asp HTTP/1.1" 200 44671
2026-04-01 11:53:34 | DEBUG | Saved cleaned page: scraper/raw_html\js__js_async.json
2026-04-01 11:53:35 | DEBUG | Starting new HTTPS connection (1): www.w3schools.com:443
2026-04-01 11:53:36 | DEBUG | https://www.w3schools.com:443 "GET /js/js_async_timeouts.asp HTTP/1.1" 200 42873
2026-04-01 11:53:36 | DEBUG | Saved cleaned page: scraper/raw_html\js__js_async_timeouts.json
2026-04-01 11:53:37 | DEBUG | Starting new HTTPS connection (1): www.w3schools.com:443
2026-04-01 11:53:39 | DEBUG | https://www.w3schools.com:443 "GET /js/js_async_callbacks.asp HTTP/1.1" 200 44855
2026-04-01 11:53:40 | DEBUG | Saved cleaned page: scraper/raw_html\js__js_async_callbacks.json
2026-04-01 11:53:41 | DEBUG | Starting new HTTPS connection (1): www.w3schools.com:443
2026-04-01 11:53:42 | DEBUG | https://www.w3schools.com:443 "GET /js/js_promise.asp HTTP/1.1" 200 45667
2026-04-01 11:53:42 | DEBUG | Saved cleaned page: scraper/raw_html\js__js_promise.json
2026-04-01 11:53:43 | DEBUG | Starting new HTTPS connection (1): www.w3schools.com:443
2026-04-01 11:53:45 | DEBUG | https://www.w3schools.com:443 "GET /js/js_async_await.asp HTTP/1.1" 200 44399
2026-04-01 11:53:46 | DEBUG | Saved cleaned page: scraper/raw_html\js__js_async_await.json
2026-04-01 11:53:47 | DEBUG | Starting new HTTPS connection (1): www.w3schools.com:443
2026-04-01 11:53:48 | DEBUG | https://www.w3schools.com:443 "GET /js/js_async_fetch.asp HTTP/1.1" 200 43872
2026-04-01 11:53:48 | DEBUG | Saved cleaned page: scraper/raw_html\js__js_async_fetch.json
2026-04-01 11:53:49 | DEBUG | Starting new HTTPS connection (1): www.w3schools.com:443
2026-04-01 11:53:50 | DEBUG | https://www.w3schools.com:443 "GET /js/js_async_debug.asp HTTP/1.1" 200 43574
2026-04-01 11:53:51 | DEBUG | Saved cleaned page: scraper/raw_html\js__js_async_debug.json
2026-04-01 11:53:52 | DEBUG | Starting new HTTPS connection (1): www.w3schools.com:443
2026-04-01 11:53:53 | DEBUG | https://www.w3schools.com:443 "GET /js/js_modules.asp HTTP/1.1" 200 44137
2026-04-01 11:53:53 | DEBUG | Saved cleaned page: scraper/raw_html\js__js_modules.json
2026-04-01 11:53:54 | DEBUG | Starting new HTTPS connection (1): www.w3schools.com:443
2026-04-01 11:53:55 | DEBUG | https://www.w3schools.com:443 "GET /js/js_modules_export.asp HTTP/1.1" 200 44041
2026-04-01 11:53:55 | DEBUG | Saved cleaned page: scraper/raw_html\js__js_modules_export.json
2026-04-01 11:53:56 | DEBUG | Starting new HTTPS connection (1): www.w3schools.com:443
2026-04-01 11:53:58 | DEBUG | https://www.w3schools.com:443 "GET /js/js_modules_import.asp HTTP/1.1" 200 43359
2026-04-01 11:53:58 | DEBUG | Saved cleaned page: scraper/raw_html\js__js_modules_import.json
2026-04-01 11:53:59 | DEBUG | Starting new HTTPS connection (1): www.w3schools.com:443
2026-04-01 11:54:00 | DEBUG | https://www.w3schools.com:443 "GET /js/js_modules_namespace.asp HTTP/1.1" 200 43585
2026-04-01 11:54:00 | DEBUG | Saved cleaned page: scraper/raw_html\js__js_modules_namespace.json
2026-04-01 11:54:01 | DEBUG | Starting new HTTPS connection (1): www.w3schools.com:443
2026-04-01 11:54:03 | DEBUG | https://www.w3schools.com:443 "GET /js/js_modules_dynamic.asp HTTP/1.1" 200 44260
2026-04-01 11:54:03 | DEBUG | Saved cleaned page: scraper/raw_html\js__js_modules_dynamic.json
2026-04-01 11:54:04 | DEBUG | Starting new HTTPS connection (1): www.w3schools.com:443
2026-04-01 11:54:06 | DEBUG | https://www.w3schools.com:443 "GET /js/js_meta_programming.asp HTTP/1.1" 200 43596
2026-04-01 11:54:07 | DEBUG | Saved cleaned page: scraper/raw_html\js__js_meta_programming.json
2026-04-01 11:54:08 | DEBUG | Starting new HTTPS connection (1): www.w3schools.com:443
2026-04-01 11:54:10 | DEBUG | https://www.w3schools.com:443 "GET /js/js_meta_proxy.asp HTTP/1.1" 200 46201
2026-04-01 11:54:10 | DEBUG | Saved cleaned page: scraper/raw_html\js__js_meta_proxy.json
2026-04-01 11:54:12 | DEBUG | Starting new HTTPS connection (1): www.w3schools.com:443
2026-04-01 11:54:13 | DEBUG | https://www.w3schools.com:443 "GET /js/js_typed_arrays.asp HTTP/1.1" 200 44956
2026-04-01 11:54:14 | DEBUG | Saved cleaned page: scraper/raw_html\js__js_typed_arrays.json
2026-04-01 11:54:15 | DEBUG | Starting new HTTPS connection (1): www.w3schools.com:443
2026-04-01 11:54:16 | DEBUG | https://www.w3schools.com:443 "GET /js/js_typed_methods.asp HTTP/1.1" 200 43771
2026-04-01 11:54:16 | DEBUG | Saved cleaned page: scraper/raw_html\js__js_typed_methods.json
2026-04-01 11:54:17 | DEBUG | Starting new HTTPS connection (1): www.w3schools.com:443
2026-04-01 11:54:18 | DEBUG | https://www.w3schools.com:443 "GET /js/js_arraybuffers.asp HTTP/1.1" 200 None
2026-04-01 11:54:18 | DEBUG | Saved cleaned page: scraper/raw_html\js__js_arraybuffers.json
2026-04-01 11:54:19 | DEBUG | Starting new HTTPS connection (1): www.w3schools.com:443
2026-04-01 11:54:21 | DEBUG | https://www.w3schools.com:443 "GET /js/js_dataview.asp HTTP/1.1" 200 None
2026-04-01 11:54:21 | DEBUG | Saved cleaned page: scraper/raw_html\js__js_dataview.json
2026-04-01 11:54:22 | DEBUG | Starting new HTTPS connection (1): www.w3schools.com:443
2026-04-01 11:54:25 | DEBUG | https://www.w3schools.com:443 "GET /js/js_atomics.asp HTTP/1.1" 200 44546
2026-04-01 11:54:25 | DEBUG | Saved cleaned page: scraper/raw_html\js__js_atomics.json
2026-04-01 11:54:26 | DEBUG | Starting new HTTPS connection (1): www.w3schools.com:443
2026-04-01 11:54:28 | DEBUG | https://www.w3schools.com:443 "GET /js/js_htmldom_navigation.asp HTTP/1.1" 200 44577
2026-04-01 11:54:28 | DEBUG | Saved cleaned page: scraper/raw_html\js__js_htmldom_navigation.json
2026-04-01 11:54:29 | DEBUG | Starting new HTTPS connection (1): www.w3schools.com:443
2026-04-01 11:54:31 | DEBUG | https://www.w3schools.com:443 "GET /js/js_htmldom_nodes.asp HTTP/1.1" 200 43393
2026-04-01 11:54:31 | DEBUG | Saved cleaned page: scraper/raw_html\js__js_htmldom_nodes.json
2026-04-01 11:54:32 | DEBUG | Starting new HTTPS connection (1): www.w3schools.com:443
2026-04-01 11:54:35 | DEBUG | https://www.w3schools.com:443 "GET /js/js_htmldom_collections.asp HTTP/1.1" 200 42855
2026-04-01 11:54:35 | DEBUG | Saved cleaned page: scraper/raw_html\js__js_htmldom_collections.json
2026-04-01 11:54:36 | DEBUG | Starting new HTTPS connection (1): www.w3schools.com:443
2026-04-01 11:54:37 | DEBUG | https://www.w3schools.com:443 "GET /js/js_htmldom_nodelist.asp HTTP/1.1" 200 43300
2026-04-01 11:54:37 | DEBUG | Saved cleaned page: scraper/raw_html\js__js_htmldom_nodelist.json
2026-04-01 11:54:38 | DEBUG | Starting new HTTPS connection (1): www.w3schools.com:443
2026-04-01 11:54:39 | DEBUG | https://www.w3schools.com:443 "GET /js/js_window.asp HTTP/1.1" 200 42939
2026-04-01 11:54:39 | DEBUG | Saved cleaned page: scraper/raw_html\js__js_window.json
2026-04-01 11:54:40 | DEBUG | Starting new HTTPS connection (1): www.w3schools.com:443
2026-04-01 11:54:41 | DEBUG | https://www.w3schools.com:443 "GET /js/js_window_screen.asp HTTP/1.1" 200 43189
2026-04-01 11:54:41 | DEBUG | Saved cleaned page: scraper/raw_html\js__js_window_screen.json
2026-04-01 11:54:42 | DEBUG | Starting new HTTPS connection (1): www.w3schools.com:443
2026-04-01 11:54:43 | DEBUG | https://www.w3schools.com:443 "GET /js/js_window_location.asp HTTP/1.1" 200 43132
2026-04-01 11:54:43 | DEBUG | Saved cleaned page: scraper/raw_html\js__js_window_location.json
2026-04-01 11:54:44 | DEBUG | Starting new HTTPS connection (1): www.w3schools.com:443
2026-04-01 11:54:44 | DEBUG | https://www.w3schools.com:443 "GET /js/js_window_history.asp HTTP/1.1" 200 42731
2026-04-01 11:54:45 | DEBUG | Saved cleaned page: scraper/raw_html\js__js_window_history.json
2026-04-01 11:54:46 | DEBUG | Starting new HTTPS connection (1): www.w3schools.com:443
2026-04-01 11:54:46 | DEBUG | https://www.w3schools.com:443 "GET /js/js_window_navigator.asp HTTP/1.1" 200 43386
2026-04-01 11:54:46 | DEBUG | Saved cleaned page: scraper/raw_html\js__js_window_navigator.json
2026-04-01 11:54:47 | DEBUG | Starting new HTTPS connection (1): www.w3schools.com:443
2026-04-01 11:54:48 | DEBUG | https://www.w3schools.com:443 "GET /js/js_popup.asp HTTP/1.1" 200 43041
2026-04-01 11:54:48 | DEBUG | Saved cleaned page: scraper/raw_html\js__js_popup.json
2026-04-01 11:54:50 | DEBUG | Starting new HTTPS connection (1): www.w3schools.com:443
2026-04-01 11:54:50 | DEBUG | https://www.w3schools.com:443 "GET /js/js_timing.asp HTTP/1.1" 200 44329
2026-04-01 11:54:50 | DEBUG | Saved cleaned page: scraper/raw_html\js__js_timing.json
2026-04-01 11:54:52 | DEBUG | Starting new HTTPS connection (1): www.w3schools.com:443
2026-04-01 11:54:52 | DEBUG | https://www.w3schools.com:443 "GET /js/js_cookies.asp HTTP/1.1" 200 45178
2026-04-01 11:54:52 | DEBUG | Saved cleaned page: scraper/raw_html\js__js_cookies.json
2026-04-01 11:54:53 | DEBUG | Starting new HTTPS connection (1): www.w3schools.com:443
2026-04-01 11:54:54 | DEBUG | https://www.w3schools.com:443 "GET /js/js_api_intro.asp HTTP/1.1" 200 43432
2026-04-01 11:54:54 | DEBUG | Saved cleaned page: scraper/raw_html\js__js_api_intro.json
2026-04-01 11:54:55 | DEBUG | Starting new HTTPS connection (1): www.w3schools.com:443
2026-04-01 11:54:56 | DEBUG | https://www.w3schools.com:443 "GET /js/js_api_fetch.asp HTTP/1.1" 200 42919
2026-04-01 11:54:56 | DEBUG | Saved cleaned page: scraper/raw_html\js__js_api_fetch.json
2026-04-01 11:54:57 | DEBUG | Starting new HTTPS connection (1): www.w3schools.com:443
2026-04-01 11:54:58 | DEBUG | https://www.w3schools.com:443 "GET /js/js_api_geolocation.asp HTTP/1.1" 200 44808
2026-04-01 11:54:58 | DEBUG | Saved cleaned page: scraper/raw_html\js__js_api_geolocation.json
2026-04-01 11:54:59 | DEBUG | Starting new HTTPS connection (1): www.w3schools.com:443
2026-04-01 11:55:00 | DEBUG | https://www.w3schools.com:443 "GET /js/js_api_history.asp HTTP/1.1" 200 42877
2026-04-01 11:55:00 | DEBUG | Saved cleaned page: scraper/raw_html\js__js_api_history.json
2026-04-01 11:55:01 | DEBUG | Starting new HTTPS connection (1): www.w3schools.com:443
2026-04-01 11:55:03 | DEBUG | https://www.w3schools.com:443 "GET /js/js_api_pointer_events.asp HTTP/1.1" 200 43510
2026-04-01 11:55:03 | DEBUG | Saved cleaned page: scraper/raw_html\js__js_api_pointer_events.json
2026-04-01 11:55:04 | DEBUG | Starting new HTTPS connection (1): www.w3schools.com:443
2026-04-01 11:55:06 | DEBUG | https://www.w3schools.com:443 "GET /js/js_api_web_storage.asp HTTP/1.1" 200 43314
2026-04-01 11:55:06 | DEBUG | Saved cleaned page: scraper/raw_html\js__js_api_web_storage.json
2026-04-01 11:55:08 | DEBUG | Starting new HTTPS connection (1): www.w3schools.com:443
2026-04-01 11:55:09 | DEBUG | https://www.w3schools.com:443 "GET /js/js_validation_api.asp HTTP/1.1" 200 43198
2026-04-01 11:55:10 | DEBUG | Saved cleaned page: scraper/raw_html\js__js_validation_api.json
2026-04-01 11:55:11 | DEBUG | Starting new HTTPS connection (1): www.w3schools.com:443
2026-04-01 11:55:12 | DEBUG | https://www.w3schools.com:443 "GET /js/js_api_web_workers.asp HTTP/1.1" 200 44111
2026-04-01 11:55:13 | DEBUG | Saved cleaned page: scraper/raw_html\js__js_api_web_workers.json
2026-04-01 11:55:14 | DEBUG | Starting new HTTPS connection (1): www.w3schools.com:443
2026-04-01 11:55:15 | DEBUG | https://www.w3schools.com:443 "GET /js/js_ajax_http.asp HTTP/1.1" 200 44394
2026-04-01 11:55:15 | DEBUG | Saved cleaned page: scraper/raw_html\js__js_ajax_http.json
2026-04-01 11:55:17 | DEBUG | Starting new HTTPS connection (1): www.w3schools.com:443
2026-04-01 11:55:18 | DEBUG | https://www.w3schools.com:443 "GET /js/js_ajax_http_send.asp HTTP/1.1" 200 44010
2026-04-01 11:55:18 | DEBUG | Saved cleaned page: scraper/raw_html\js__js_ajax_http_send.json
2026-04-01 11:55:20 | DEBUG | Starting new HTTPS connection (1): www.w3schools.com:443
2026-04-01 11:55:22 | DEBUG | https://www.w3schools.com:443 "GET /js/js_ajax_http_response.asp HTTP/1.1" 200 42998
2026-04-01 11:55:23 | DEBUG | Saved cleaned page: scraper/raw_html\js__js_ajax_http_response.json
2026-04-01 11:55:24 | DEBUG | Starting new HTTPS connection (1): www.w3schools.com:443
2026-04-01 11:55:27 | DEBUG | https://www.w3schools.com:443 "GET /js/js_ajax_xmlfile.asp HTTP/1.1" 200 43262
2026-04-01 11:55:27 | DEBUG | Saved cleaned page: scraper/raw_html\js__js_ajax_xmlfile.json
2026-04-01 11:55:29 | DEBUG | Starting new HTTPS connection (1): www.w3schools.com:443
2026-04-01 11:55:30 | DEBUG | https://www.w3schools.com:443 "GET /js/js_ajax_php.asp HTTP/1.1" 200 43803
2026-04-01 11:55:30 | DEBUG | Saved cleaned page: scraper/raw_html\js__js_ajax_php.json
2026-04-01 11:55:31 | DEBUG | Starting new HTTPS connection (1): www.w3schools.com:443
2026-04-01 11:55:33 | DEBUG | https://www.w3schools.com:443 "GET /js/js_ajax_asp.asp HTTP/1.1" 200 43845
2026-04-01 11:55:33 | DEBUG | Saved cleaned page: scraper/raw_html\js__js_ajax_asp.json
2026-04-01 11:55:34 | DEBUG | Starting new HTTPS connection (1): www.w3schools.com:443
2026-04-01 11:55:36 | DEBUG | https://www.w3schools.com:443 "GET /js/js_ajax_database.asp HTTP/1.1" 200 43620
2026-04-01 11:55:37 | DEBUG | Saved cleaned page: scraper/raw_html\js__js_ajax_database.json
2026-04-01 11:55:38 | DEBUG | Starting new HTTPS connection (1): www.w3schools.com:443
2026-04-01 11:55:40 | DEBUG | https://www.w3schools.com:443 "GET /js/js_ajax_applications.asp HTTP/1.1" 200 43349
2026-04-01 11:55:40 | DEBUG | Saved cleaned page: scraper/raw_html\js__js_ajax_applications.json
2026-04-01 11:55:42 | DEBUG | Starting new HTTPS connection (1): www.w3schools.com:443
2026-04-01 11:55:42 | DEBUG | https://www.w3schools.com:443 "GET /js/js_ajax_examples.asp HTTP/1.1" 200 42629
2026-04-01 11:55:42 | DEBUG | Saved cleaned page: scraper/raw_html\js__js_ajax_examples.json
2026-04-01 11:55:44 | DEBUG | Starting new HTTPS connection (1): www.w3schools.com:443
2026-04-01 11:55:44 | DEBUG | https://www.w3schools.com:443 "GET /js/js_json.asp HTTP/1.1" 200 44088
2026-04-01 11:55:44 | DEBUG | Saved cleaned page: scraper/raw_html\js__js_json.json
2026-04-01 11:55:45 | DEBUG | Starting new HTTPS connection (1): www.w3schools.com:443
2026-04-01 11:55:46 | DEBUG | https://www.w3schools.com:443 "GET /js/js_json_syntax.asp HTTP/1.1" 200 43304
2026-04-01 11:55:46 | DEBUG | Saved cleaned page: scraper/raw_html\js__js_json_syntax.json
2026-04-01 11:55:47 | DEBUG | Starting new HTTPS connection (1): www.w3schools.com:443
2026-04-01 11:55:48 | DEBUG | https://www.w3schools.com:443 "GET /js/js_json_xml.asp HTTP/1.1" 200 42927
2026-04-01 11:55:48 | DEBUG | Saved cleaned page: scraper/raw_html\js__js_json_xml.json
2026-04-01 11:55:49 | DEBUG | Starting new HTTPS connection (1): www.w3schools.com:443
2026-04-01 11:55:49 | DEBUG | https://www.w3schools.com:443 "GET /js/js_json_datatypes.asp HTTP/1.1" 200 42666
2026-04-01 11:55:49 | DEBUG | Saved cleaned page: scraper/raw_html\js__js_json_datatypes.json
2026-04-01 11:55:50 | DEBUG | Starting new HTTPS connection (1): www.w3schools.com:443
2026-04-01 11:55:51 | DEBUG | https://www.w3schools.com:443 "GET /js/js_json_parse.asp HTTP/1.1" 200 43322
2026-04-01 11:55:51 | DEBUG | Saved cleaned page: scraper/raw_html\js__js_json_parse.json
2026-04-01 11:55:52 | DEBUG | Starting new HTTPS connection (1): www.w3schools.com:443
2026-04-01 11:55:54 | DEBUG | https://www.w3schools.com:443 "GET /js/js_json_stringify.asp HTTP/1.1" 200 43511
2026-04-01 11:55:55 | DEBUG | Saved cleaned page: scraper/raw_html\js__js_json_stringify.json
2026-04-01 11:55:56 | DEBUG | Starting new HTTPS connection (1): www.w3schools.com:443
2026-04-01 11:55:57 | DEBUG | https://www.w3schools.com:443 "GET /js/js_json_objects.asp HTTP/1.1" 200 43009
2026-04-01 11:55:57 | DEBUG | Saved cleaned page: scraper/raw_html\js__js_json_objects.json
2026-04-01 11:55:58 | DEBUG | Starting new HTTPS connection (1): www.w3schools.com:443
2026-04-01 11:56:00 | DEBUG | https://www.w3schools.com:443 "GET /js/js_json_arrays.asp HTTP/1.1" 200 42894
2026-04-01 11:56:00 | DEBUG | Saved cleaned page: scraper/raw_html\js__js_json_arrays.json
2026-04-01 11:56:01 | DEBUG | Starting new HTTPS connection (1): www.w3schools.com:443
2026-04-01 11:56:03 | DEBUG | https://www.w3schools.com:443 "GET /js/js_json_server.asp HTTP/1.1" 200 43022
2026-04-01 11:56:03 | DEBUG | Saved cleaned page: scraper/raw_html\js__js_json_server.json
2026-04-01 11:56:04 | DEBUG | Starting new HTTPS connection (1): www.w3schools.com:443
2026-04-01 11:56:05 | DEBUG | https://www.w3schools.com:443 "GET /js/js_json_php.asp HTTP/1.1" 200 44131
2026-04-01 11:56:05 | DEBUG | Saved cleaned page: scraper/raw_html\js__js_json_php.json
2026-04-01 11:56:06 | DEBUG | Starting new HTTPS connection (1): www.w3schools.com:443
2026-04-01 11:56:07 | DEBUG | https://www.w3schools.com:443 "GET /js/js_json_html.asp HTTP/1.1" 200 43312
2026-04-01 11:56:07 | DEBUG | Saved cleaned page: scraper/raw_html\js__js_json_html.json
2026-04-01 11:56:08 | DEBUG | Starting new HTTPS connection (1): www.w3schools.com:443
2026-04-01 11:56:10 | DEBUG | https://www.w3schools.com:443 "GET /js/js_json_jsonp.asp HTTP/1.1" 200 43883
2026-04-01 11:56:11 | DEBUG | Saved cleaned page: scraper/raw_html\js__js_json_jsonp.json
2026-04-01 11:56:11 | DEBUG | Starting new HTTPS connection (1): www.w3schools.com:443
2026-04-01 11:56:14 | DEBUG | https://www.w3schools.com:443 "GET /js/js_jquery_selectors.asp HTTP/1.1" 200 42723
2026-04-01 11:56:14 | DEBUG | Saved cleaned page: scraper/raw_html\js__js_jquery_selectors.json
2026-04-01 11:56:15 | DEBUG | Starting new HTTPS connection (1): www.w3schools.com:443
2026-04-01 11:56:16 | DEBUG | https://www.w3schools.com:443 "GET /js/js_jquery_elements.asp HTTP/1.1" 200 42704
2026-04-01 11:56:16 | DEBUG | Saved cleaned page: scraper/raw_html\js__js_jquery_elements.json
2026-04-01 11:56:18 | DEBUG | Starting new HTTPS connection (1): www.w3schools.com:443
2026-04-01 11:56:18 | DEBUG | https://www.w3schools.com:443 "GET /js/js_jquery_css.asp HTTP/1.1" 200 42638
2026-04-01 11:56:18 | DEBUG | Saved cleaned page: scraper/raw_html\js__js_jquery_css.json
2026-04-01 11:56:19 | DEBUG | Starting new HTTPS connection (1): www.w3schools.com:443
2026-04-01 11:56:21 | DEBUG | https://www.w3schools.com:443 "GET /js/js_jquery_dom.asp HTTP/1.1" 200 42600
2026-04-01 11:56:21 | DEBUG | Saved cleaned page: scraper/raw_html\js__js_jquery_dom.json
2026-04-01 11:56:22 | DEBUG | Starting new HTTPS connection (1): www.w3schools.com:443
2026-04-01 11:56:24 | DEBUG | https://www.w3schools.com:443 "GET /js/js_graphics.asp HTTP/1.1" 200 43254
2026-04-01 11:56:24 | DEBUG | Saved cleaned page: scraper/raw_html\js__js_graphics.json
2026-04-01 11:56:25 | DEBUG | Starting new HTTPS connection (1): www.w3schools.com:443
2026-04-01 11:56:28 | DEBUG | https://www.w3schools.com:443 "GET /js/js_graphics_canvas.asp HTTP/1.1" 200 42710
2026-04-01 11:56:28 | DEBUG | Saved cleaned page: scraper/raw_html\js__js_graphics_canvas.json
2026-04-01 11:56:29 | DEBUG | Starting new HTTPS connection (1): www.w3schools.com:443
2026-04-01 11:56:31 | DEBUG | https://www.w3schools.com:443 "GET /js/js_graphics_plotly.asp HTTP/1.1" 200 44518
2026-04-01 11:56:31 | DEBUG | Saved cleaned page: scraper/raw_html\js__js_graphics_plotly.json
2026-04-01 11:56:33 | DEBUG | Starting new HTTPS connection (1): www.w3schools.com:443
2026-04-01 11:56:35 | DEBUG | https://www.w3schools.com:443 "GET /js/js_graphics_chartjs.asp HTTP/1.1" 200 44638
2026-04-01 11:56:35 | DEBUG | Saved cleaned page: scraper/raw_html\js__js_graphics_chartjs.json
2026-04-01 11:56:36 | DEBUG | Starting new HTTPS connection (1): www.w3schools.com:443
2026-04-01 11:56:37 | DEBUG | https://www.w3schools.com:443 "GET /js/js_graphics_google_chart.asp HTTP/1.1" 200 43729
2026-04-01 11:56:37 | DEBUG | Saved cleaned page: scraper/raw_html\js__js_graphics_google_chart.json
2026-04-01 11:56:39 | DEBUG | Starting new HTTPS connection (1): www.w3schools.com:443
2026-04-01 11:56:41 | DEBUG | https://www.w3schools.com:443 "GET /js/js_graphics_d3js.asp HTTP/1.1" 200 43167
2026-04-01 11:56:41 | DEBUG | Saved cleaned page: scraper/raw_html\js__js_graphics_d3js.json
2026-04-01 11:56:42 | DEBUG | Starting new HTTPS connection (1): www.w3schools.com:443
2026-04-01 11:56:44 | DEBUG | https://www.w3schools.com:443 "GET /js/js_dom_examples.asp HTTP/1.1" 200 42739
2026-04-01 11:56:44 | DEBUG | Saved cleaned page: scraper/raw_html\js__js_dom_examples.json
2026-04-01 11:56:45 | DEBUG | Starting new HTTPS connection (1): www.w3schools.com:443
2026-04-01 11:56:47 | DEBUG | https://www.w3schools.com:443 "GET /js/js_input_examples.asp HTTP/1.1" 200 42738
2026-04-01 11:56:47 | DEBUG | Saved cleaned page: scraper/raw_html\js__js_input_examples.json
2026-04-01 11:56:48 | DEBUG | Starting new HTTPS connection (1): www.w3schools.com:443
2026-04-01 11:56:50 | DEBUG | https://www.w3schools.com:443 "GET /js/js_ex_dom.asp HTTP/1.1" 200 42915
2026-04-01 11:56:51 | DEBUG | Saved cleaned page: scraper/raw_html\js__js_ex_dom.json
2026-04-01 11:56:52 | DEBUG | Starting new HTTPS connection (1): www.w3schools.com:443
2026-04-01 11:56:53 | DEBUG | https://www.w3schools.com:443 "GET /js/js_events_examples.asp HTTP/1.1" 200 43001
2026-04-01 11:56:53 | DEBUG | Saved cleaned page: scraper/raw_html\js__js_events_examples.json
2026-04-01 11:56:54 | DEBUG | Starting new HTTPS connection (1): www.w3schools.com:443
2026-04-01 11:56:55 | DEBUG | https://www.w3schools.com:443 "GET /js/js_ex_browser.asp HTTP/1.1" 200 43394
2026-04-01 11:56:56 | DEBUG | Saved cleaned page: scraper/raw_html\js__js_ex_browser.json
2026-04-01 11:56:56 | DEBUG | Starting new HTTPS connection (1): www.w3schools.com:443
2026-04-01 11:56:58 | DEBUG | https://www.w3schools.com:443 "GET /js/js_editor.asp HTTP/1.1" 200 43044
2026-04-01 11:56:58 | DEBUG | Saved cleaned page: scraper/raw_html\js__js_editor.json
2026-04-01 11:56:59 | DEBUG | Starting new HTTPS connection (1): www.w3schools.com:443
2026-04-01 11:57:01 | DEBUG | https://www.w3schools.com:443 "GET /js/js_website.asp HTTP/1.1" 200 52656
2026-04-01 11:57:01 | DEBUG | Saved cleaned page: scraper/raw_html\js__js_website.json
2026-04-01 11:57:02 | DEBUG | Starting new HTTPS connection (1): www.w3schools.com:443
2026-04-01 11:57:04 | DEBUG | https://www.w3schools.com:443 "GET /js/js_syllabus.asp HTTP/1.1" 200 45878
2026-04-01 11:57:04 | DEBUG | Saved cleaned page: scraper/raw_html\js__js_syllabus.json
2026-04-01 11:57:05 | DEBUG | Starting new HTTPS connection (1): www.w3schools.com:443
2026-04-01 11:57:07 | DEBUG | https://www.w3schools.com:443 "GET /js/js_study_plan.asp HTTP/1.1" 200 44433
2026-04-01 11:57:07 | DEBUG | Saved cleaned page: scraper/raw_html\js__js_study_plan.json
2026-04-01 11:57:08 | DEBUG | Starting new HTTPS connection (1): www.w3schools.com:443
2026-04-01 11:57:09 | DEBUG | https://www.w3schools.com:443 "GET /js/js_interview_prep.asp HTTP/1.1" 200 44313
2026-04-01 11:57:09 | DEBUG | Saved cleaned page: scraper/raw_html\js__js_interview_prep.json
2026-04-01 11:57:10 | DEBUG | Starting new HTTPS connection (1): www.w3schools.com:443
2026-04-01 11:57:12 | DEBUG | https://www.w3schools.com:443 "GET /js/js_exam.asp HTTP/1.1" 200 None
2026-04-01 11:57:12 | DEBUG | Saved cleaned page: scraper/raw_html\js__js_exam.json
2026-04-01 11:57:13 | DEBUG | Starting new HTTPS connection (1): www.w3schools.com:443
2026-04-01 11:57:14 | DEBUG | https://www.w3schools.com:443 "GET /python/python_intro.asp HTTP/1.1" 200 44380
2026-04-01 11:57:14 | DEBUG | Saved cleaned page: scraper/raw_html\python__python_intro.json
2026-04-01 11:57:15 | DEBUG | Starting new HTTPS connection (1): www.w3schools.com:443
2026-04-01 11:57:16 | DEBUG | https://www.w3schools.com:443 "GET /python/python_getstarted.asp HTTP/1.1" 200 44838
2026-04-01 11:57:16 | DEBUG | Saved cleaned page: scraper/raw_html\python__python_getstarted.json
2026-04-01 11:57:17 | DEBUG | Starting new HTTPS connection (1): www.w3schools.com:443
2026-04-01 11:57:17 | DEBUG | https://www.w3schools.com:443 "GET /python/python_syntax.asp HTTP/1.1" 200 44647
2026-04-01 11:57:17 | DEBUG | Saved cleaned page: scraper/raw_html\python__python_syntax.json
2026-04-01 11:57:18 | DEBUG | Starting new HTTPS connection (1): www.w3schools.com:443
2026-04-01 11:57:19 | DEBUG | https://www.w3schools.com:443 "GET /python/python_statements.asp HTTP/1.1" 200 44251
2026-04-01 11:57:19 | DEBUG | Saved cleaned page: scraper/raw_html\python__python_statements.json
2026-04-01 11:57:20 | DEBUG | Starting new HTTPS connection (1): www.w3schools.com:443
2026-04-01 11:57:21 | DEBUG | https://www.w3schools.com:443 "GET /python/python_output.asp HTTP/1.1" 200 43719
2026-04-01 11:57:21 | DEBUG | Saved cleaned page: scraper/raw_html\python__python_output.json
2026-04-01 11:57:22 | DEBUG | Starting new HTTPS connection (1): www.w3schools.com:443
2026-04-01 11:57:23 | DEBUG | https://www.w3schools.com:443 "GET /python/python_output_numbers.asp HTTP/1.1" 200 43483
2026-04-01 11:57:23 | DEBUG | Saved cleaned page: scraper/raw_html\python__python_output_numbers.json
2026-04-01 11:57:24 | DEBUG | Starting new HTTPS connection (1): www.w3schools.com:443
2026-04-01 11:57:26 | DEBUG | https://www.w3schools.com:443 "GET /python/python_comments.asp HTTP/1.1" 200 44076
2026-04-01 11:57:26 | DEBUG | Saved cleaned page: scraper/raw_html\python__python_comments.json
2026-04-01 11:57:27 | DEBUG | Starting new HTTPS connection (1): www.w3schools.com:443
2026-04-01 11:57:28 | DEBUG | https://www.w3schools.com:443 "GET /python/python_variables.asp HTTP/1.1" 200 44124
2026-04-01 11:57:28 | DEBUG | Saved cleaned page: scraper/raw_html\python__python_variables.json
2026-04-01 11:57:30 | DEBUG | Starting new HTTPS connection (1): www.w3schools.com:443
2026-04-01 11:57:31 | DEBUG | https://www.w3schools.com:443 "GET /python/python_variables_names.asp HTTP/1.1" 200 44042
2026-04-01 11:57:31 | DEBUG | Saved cleaned page: scraper/raw_html\python__python_variables_names.json
2026-04-01 11:57:32 | DEBUG | Starting new HTTPS connection (1): www.w3schools.com:443
2026-04-01 11:57:33 | DEBUG | https://www.w3schools.com:443 "GET /python/python_variables_multiple.asp HTTP/1.1" 200 43919
2026-04-01 11:57:33 | DEBUG | Saved cleaned page: scraper/raw_html\python__python_variables_multiple.json
2026-04-01 11:57:34 | DEBUG | Starting new HTTPS connection (1): www.w3schools.com:443
2026-04-01 11:57:35 | DEBUG | https://www.w3schools.com:443 "GET /python/python_variables_output.asp HTTP/1.1" 200 44011
2026-04-01 11:57:35 | DEBUG | Saved cleaned page: scraper/raw_html\python__python_variables_output.json
2026-04-01 11:57:36 | DEBUG | Starting new HTTPS connection (1): www.w3schools.com:443
2026-04-01 11:57:37 | DEBUG | https://www.w3schools.com:443 "GET /python/python_variables_global.asp HTTP/1.1" 200 44006
2026-04-01 11:57:37 | DEBUG | Saved cleaned page: scraper/raw_html\python__python_variables_global.json
2026-04-01 11:57:38 | DEBUG | Starting new HTTPS connection (1): www.w3schools.com:443
2026-04-01 11:57:39 | DEBUG | https://www.w3schools.com:443 "GET /python/python_datatypes.asp HTTP/1.1" 200 44311
2026-04-01 11:57:39 | DEBUG | Saved cleaned page: scraper/raw_html\python__python_datatypes.json
2026-04-01 11:57:40 | DEBUG | Starting new HTTPS connection (1): www.w3schools.com:443
2026-04-01 11:57:41 | DEBUG | https://www.w3schools.com:443 "GET /python/python_numbers.asp HTTP/1.1" 200 44149
2026-04-01 11:57:41 | DEBUG | Saved cleaned page: scraper/raw_html\python__python_numbers.json
2026-04-01 11:57:42 | DEBUG | Starting new HTTPS connection (1): www.w3schools.com:443
2026-04-01 11:57:42 | DEBUG | https://www.w3schools.com:443 "GET /python/python_casting.asp HTTP/1.1" 200 43716
2026-04-01 11:57:43 | DEBUG | Saved cleaned page: scraper/raw_html\python__python_casting.json
2026-04-01 11:57:44 | DEBUG | Starting new HTTPS connection (1): www.w3schools.com:443
2026-04-01 11:57:44 | DEBUG | https://www.w3schools.com:443 "GET /python/python_strings.asp HTTP/1.1" 200 44535
2026-04-01 11:57:44 | DEBUG | Saved cleaned page: scraper/raw_html\python__python_strings.json
2026-04-01 11:57:45 | DEBUG | Starting new HTTPS connection (1): www.w3schools.com:443
2026-04-01 11:57:46 | DEBUG | https://www.w3schools.com:443 "GET /python/python_strings_slicing.asp HTTP/1.1" 200 43630
2026-04-01 11:57:46 | DEBUG | Saved cleaned page: scraper/raw_html\python__python_strings_slicing.json
2026-04-01 11:57:47 | DEBUG | Starting new HTTPS connection (1): www.w3schools.com:443
2026-04-01 11:57:48 | DEBUG | https://www.w3schools.com:443 "GET /python/python_strings_modify.asp HTTP/1.1" 200 43758
2026-04-01 11:57:48 | DEBUG | Saved cleaned page: scraper/raw_html\python__python_strings_modify.json
2026-04-01 11:57:49 | DEBUG | Starting new HTTPS connection (1): www.w3schools.com:443
2026-04-01 11:57:50 | DEBUG | https://www.w3schools.com:443 "GET /python/python_strings_concatenate.asp HTTP/1.1" 200 43375
2026-04-01 11:57:51 | DEBUG | Saved cleaned page: scraper/raw_html\python__python_strings_concatenate.json
2026-04-01 11:57:52 | DEBUG | Starting new HTTPS connection (1): www.w3schools.com:443
2026-04-01 11:57:53 | DEBUG | https://www.w3schools.com:443 "GET /python/python_strings_format.asp HTTP/1.1" 200 44232
2026-04-01 11:57:53 | DEBUG | Saved cleaned page: scraper/raw_html\python__python_strings_format.json
2026-04-01 11:57:54 | DEBUG | Starting new HTTPS connection (1): www.w3schools.com:443
2026-04-01 11:57:55 | DEBUG | https://www.w3schools.com:443 "GET /python/python_strings_escape.asp HTTP/1.1" 200 43756
2026-04-01 11:57:55 | DEBUG | Saved cleaned page: scraper/raw_html\python__python_strings_escape.json
2026-04-01 11:57:56 | DEBUG | Starting new HTTPS connection (1): www.w3schools.com:443
2026-04-01 11:57:57 | DEBUG | https://www.w3schools.com:443 "GET /python/python_strings_methods.asp HTTP/1.1" 200 44274
2026-04-01 11:57:57 | DEBUG | Saved cleaned page: scraper/raw_html\python__python_strings_methods.json
2026-04-01 11:57:58 | DEBUG | Starting new HTTPS connection (1): www.w3schools.com:443
2026-04-01 11:57:59 | DEBUG | https://www.w3schools.com:443 "GET /python/python_booleans.asp HTTP/1.1" 200 44507
2026-04-01 11:57:59 | DEBUG | Saved cleaned page: scraper/raw_html\python__python_booleans.json
2026-04-01 11:58:00 | DEBUG | Starting new HTTPS connection (1): www.w3schools.com:443
2026-04-01 11:58:01 | DEBUG | https://www.w3schools.com:443 "GET /python/python_operators.asp HTTP/1.1" 200 43489
2026-04-01 11:58:01 | DEBUG | Saved cleaned page: scraper/raw_html\python__python_operators.json
2026-04-01 11:58:02 | DEBUG | Starting new HTTPS connection (1): www.w3schools.com:443
2026-04-01 11:58:02 | DEBUG | https://www.w3schools.com:443 "GET /python/python_operators_arithmetic.asp HTTP/1.1" 200 43708
2026-04-01 11:58:03 | DEBUG | Saved cleaned page: scraper/raw_html\python__python_operators_arithmetic.json
2026-04-01 11:58:04 | DEBUG | Starting new HTTPS connection (1): www.w3schools.com:443
2026-04-01 11:58:04 | DEBUG | https://www.w3schools.com:443 "GET /python/python_operators_assign.asp HTTP/1.1" 200 43763
2026-04-01 11:58:04 | DEBUG | Saved cleaned page: scraper/raw_html\python__python_operators_assign.json
2026-04-01 11:58:05 | DEBUG | Starting new HTTPS connection (1): www.w3schools.com:443
2026-04-01 11:58:06 | DEBUG | https://www.w3schools.com:443 "GET /python/python_operators_comparison.asp HTTP/1.1" 200 43585
2026-04-01 11:58:06 | DEBUG | Saved cleaned page: scraper/raw_html\python__python_operators_comparison.json
2026-04-01 11:58:07 | DEBUG | Starting new HTTPS connection (1): www.w3schools.com:443
2026-04-01 11:58:08 | DEBUG | https://www.w3schools.com:443 "GET /python/python_operators_logical.asp HTTP/1.1" 200 43567
2026-04-01 11:58:08 | DEBUG | Saved cleaned page: scraper/raw_html\python__python_operators_logical.json
2026-04-01 11:58:09 | DEBUG | Starting new HTTPS connection (1): www.w3schools.com:443
2026-04-01 11:58:10 | DEBUG | https://www.w3schools.com:443 "GET /python/python_operators_identity.asp HTTP/1.1" 200 43652
2026-04-01 11:58:10 | DEBUG | Saved cleaned page: scraper/raw_html\python__python_operators_identity.json
2026-04-01 11:58:11 | DEBUG | Starting new HTTPS connection (1): www.w3schools.com:443
2026-04-01 11:58:12 | DEBUG | https://www.w3schools.com:443 "GET /python/python_operators_membership.asp HTTP/1.1" 200 43577
2026-04-01 11:58:12 | DEBUG | Saved cleaned page: scraper/raw_html\python__python_operators_membership.json
2026-04-01 11:58:13 | DEBUG | Starting new HTTPS connection (1): www.w3schools.com:443
2026-04-01 11:58:14 | DEBUG | https://www.w3schools.com:443 "GET /python/python_operators_bitwise.asp HTTP/1.1" 200 43807
2026-04-01 11:58:14 | DEBUG | Saved cleaned page: scraper/raw_html\python__python_operators_bitwise.json
2026-04-01 11:58:15 | DEBUG | Starting new HTTPS connection (1): www.w3schools.com:443
2026-04-01 11:58:15 | DEBUG | https://www.w3schools.com:443 "GET /python/python_operators_precedence.asp HTTP/1.1" 200 44009
2026-04-01 11:58:15 | DEBUG | Saved cleaned page: scraper/raw_html\python__python_operators_precedence.json
2026-04-01 11:58:17 | DEBUG | Starting new HTTPS connection (1): www.w3schools.com:443
2026-04-01 11:58:18 | DEBUG | https://www.w3schools.com:443 "GET /python/python_lists.asp HTTP/1.1" 200 44636
2026-04-01 11:58:18 | DEBUG | Saved cleaned page: scraper/raw_html\python__python_lists.json
2026-04-01 11:58:19 | DEBUG | Starting new HTTPS connection (1): www.w3schools.com:443
2026-04-01 11:58:21 | DEBUG | https://www.w3schools.com:443 "GET /python/python_lists_access.asp HTTP/1.1" 200 43998
2026-04-01 11:58:21 | DEBUG | Saved cleaned page: scraper/raw_html\python__python_lists_access.json
2026-04-01 11:58:22 | DEBUG | Starting new HTTPS connection (1): www.w3schools.com:443
2026-04-01 11:58:23 | DEBUG | https://www.w3schools.com:443 "GET /python/python_lists_change.asp HTTP/1.1" 200 43892
2026-04-01 11:58:23 | DEBUG | Saved cleaned page: scraper/raw_html\python__python_lists_change.json
2026-04-01 11:58:24 | DEBUG | Starting new HTTPS connection (1): www.w3schools.com:443
2026-04-01 11:58:26 | DEBUG | https://www.w3schools.com:443 "GET /python/python_lists_add.asp HTTP/1.1" 200 43767
2026-04-01 11:58:26 | DEBUG | Saved cleaned page: scraper/raw_html\python__python_lists_add.json
2026-04-01 11:58:27 | DEBUG | Starting new HTTPS connection (1): www.w3schools.com:443
2026-04-01 11:58:28 | DEBUG | https://www.w3schools.com:443 "GET /python/python_lists_remove.asp HTTP/1.1" 200 43647
2026-04-01 11:58:28 | DEBUG | Saved cleaned page: scraper/raw_html\python__python_lists_remove.json
2026-04-01 11:58:29 | DEBUG | Starting new HTTPS connection (1): www.w3schools.com:443
2026-04-01 11:58:31 | DEBUG | https://www.w3schools.com:443 "GET /python/python_lists_loop.asp HTTP/1.1" 200 43850
2026-04-01 11:58:31 | DEBUG | Saved cleaned page: scraper/raw_html\python__python_lists_loop.json
2026-04-01 11:58:32 | DEBUG | Starting new HTTPS connection (1): www.w3schools.com:443
2026-04-01 11:58:33 | DEBUG | https://www.w3schools.com:443 "GET /python/python_lists_comprehension.asp HTTP/1.1" 200 44316
2026-04-01 11:58:34 | DEBUG | Saved cleaned page: scraper/raw_html\python__python_lists_comprehension.json
2026-04-01 11:58:35 | DEBUG | Starting new HTTPS connection (1): www.w3schools.com:443
2026-04-01 11:58:37 | DEBUG | https://www.w3schools.com:443 "GET /python/python_lists_sort.asp HTTP/1.1" 200 43991
2026-04-01 11:58:37 | DEBUG | Saved cleaned page: scraper/raw_html\python__python_lists_sort.json
2026-04-01 11:58:38 | DEBUG | Starting new HTTPS connection (1): www.w3schools.com:443
2026-04-01 11:58:39 | DEBUG | https://www.w3schools.com:443 "GET /python/python_lists_copy.asp HTTP/1.1" 200 43557
2026-04-01 11:58:40 | DEBUG | Saved cleaned page: scraper/raw_html\python__python_lists_copy.json
2026-04-01 11:58:41 | DEBUG | Starting new HTTPS connection (1): www.w3schools.com:443
2026-04-01 11:58:42 | DEBUG | https://www.w3schools.com:443 "GET /python/python_lists_join.asp HTTP/1.1" 200 43587
2026-04-01 11:58:43 | DEBUG | Saved cleaned page: scraper/raw_html\python__python_lists_join.json
2026-04-01 11:58:44 | DEBUG | Starting new HTTPS connection (1): www.w3schools.com:443
2026-04-01 11:58:45 | DEBUG | https://www.w3schools.com:443 "GET /python/python_lists_methods.asp HTTP/1.1" 200 43440
2026-04-01 11:58:45 | DEBUG | Saved cleaned page: scraper/raw_html\python__python_lists_methods.json
2026-04-01 11:58:46 | DEBUG | Starting new HTTPS connection (1): www.w3schools.com:443
2026-04-01 11:58:49 | DEBUG | https://www.w3schools.com:443 "GET /python/python_tuples.asp HTTP/1.1" 200 44652
2026-04-01 11:58:49 | DEBUG | Saved cleaned page: scraper/raw_html\python__python_tuples.json
2026-04-01 11:58:50 | DEBUG | Starting new HTTPS connection (1): www.w3schools.com:443
2026-04-01 11:58:51 | DEBUG | https://www.w3schools.com:443 "GET /python/python_tuples_access.asp HTTP/1.1" 200 44010
2026-04-01 11:58:51 | DEBUG | Saved cleaned page: scraper/raw_html\python__python_tuples_access.json
2026-04-01 11:58:52 | DEBUG | Starting new HTTPS connection (1): www.w3schools.com:443
2026-04-01 11:58:54 | DEBUG | https://www.w3schools.com:443 "GET /python/python_tuples_update.asp HTTP/1.1" 200 44104
2026-04-01 11:58:54 | DEBUG | Saved cleaned page: scraper/raw_html\python__python_tuples_update.json
2026-04-01 11:58:55 | DEBUG | Starting new HTTPS connection (1): www.w3schools.com:443
2026-04-01 11:58:57 | DEBUG | https://www.w3schools.com:443 "GET /python/python_tuples_unpack.asp HTTP/1.1" 200 43747
2026-04-01 11:58:57 | DEBUG | Saved cleaned page: scraper/raw_html\python__python_tuples_unpack.json
2026-04-01 11:58:58 | DEBUG | Starting new HTTPS connection (1): www.w3schools.com:443
2026-04-01 11:59:00 | DEBUG | https://www.w3schools.com:443 "GET /python/python_tuples_loop.asp HTTP/1.1" 200 43679
2026-04-01 11:59:01 | DEBUG | Saved cleaned page: scraper/raw_html\python__python_tuples_loop.json
2026-04-01 11:59:02 | DEBUG | Starting new HTTPS connection (1): www.w3schools.com:443
2026-04-01 11:59:04 | DEBUG | https://www.w3schools.com:443 "GET /python/python_tuples_join.asp HTTP/1.1" 200 43427
2026-04-01 11:59:04 | DEBUG | Saved cleaned page: scraper/raw_html\python__python_tuples_join.json
2026-04-01 11:59:05 | DEBUG | Starting new HTTPS connection (1): www.w3schools.com:443
2026-04-01 11:59:07 | DEBUG | https://www.w3schools.com:443 "GET /python/python_tuples_methods.asp HTTP/1.1" 200 43274
2026-04-01 11:59:07 | DEBUG | Saved cleaned page: scraper/raw_html\python__python_tuples_methods.json
2026-04-01 11:59:08 | DEBUG | Starting new HTTPS connection (1): www.w3schools.com:443
2026-04-01 11:59:09 | DEBUG | https://www.w3schools.com:443 "GET /python/python_sets.asp HTTP/1.1" 200 44770
2026-04-01 11:59:09 | DEBUG | Saved cleaned page: scraper/raw_html\python__python_sets.json
2026-04-01 11:59:10 | DEBUG | Starting new HTTPS connection (1): www.w3schools.com:443
2026-04-01 11:59:12 | DEBUG | https://www.w3schools.com:443 "GET /python/python_sets_access.asp HTTP/1.1" 200 43540
2026-04-01 11:59:12 | DEBUG | Saved cleaned page: scraper/raw_html\python__python_sets_access.json
2026-04-01 11:59:13 | DEBUG | Starting new HTTPS connection (1): www.w3schools.com:443
2026-04-01 11:59:14 | DEBUG | https://www.w3schools.com:443 "GET /python/python_sets_add.asp HTTP/1.1" 200 43616
2026-04-01 11:59:14 | DEBUG | Saved cleaned page: scraper/raw_html\python__python_sets_add.json
2026-04-01 11:59:16 | DEBUG | Starting new HTTPS connection (1): www.w3schools.com:443
2026-04-01 11:59:17 | DEBUG | https://www.w3schools.com:443 "GET /python/python_sets_remove.asp HTTP/1.1" 200 43742
2026-04-01 11:59:17 | DEBUG | Saved cleaned page: scraper/raw_html\python__python_sets_remove.json
2026-04-01 11:59:18 | DEBUG | Starting new HTTPS connection (1): www.w3schools.com:443
2026-04-01 11:59:20 | DEBUG | https://www.w3schools.com:443 "GET /python/python_sets_loop.asp HTTP/1.1" 200 43335
2026-04-01 11:59:20 | DEBUG | Saved cleaned page: scraper/raw_html\python__python_sets_loop.json
2026-04-01 11:59:21 | DEBUG | Starting new HTTPS connection (1): www.w3schools.com:443
2026-04-01 11:59:22 | DEBUG | https://www.w3schools.com:443 "GET /python/python_sets_join.asp HTTP/1.1" 200 44890
2026-04-01 11:59:22 | DEBUG | Saved cleaned page: scraper/raw_html\python__python_sets_join.json
2026-04-01 11:59:23 | DEBUG | Starting new HTTPS connection (1): www.w3schools.com:443
2026-04-01 11:59:25 | DEBUG | https://www.w3schools.com:443 "GET /python/python_frozenset.asp HTTP/1.1" 200 43815
2026-04-01 11:59:26 | DEBUG | Saved cleaned page: scraper/raw_html\python__python_frozenset.json
2026-04-01 11:59:27 | DEBUG | Starting new HTTPS connection (1): www.w3schools.com:443
2026-04-01 11:59:28 | DEBUG | https://www.w3schools.com:443 "GET /python/python_sets_methods.asp HTTP/1.1" 200 43826
2026-04-01 11:59:28 | DEBUG | Saved cleaned page: scraper/raw_html\python__python_sets_methods.json
2026-04-01 11:59:29 | DEBUG | Starting new HTTPS connection (1): www.w3schools.com:443
2026-04-01 11:59:30 | DEBUG | https://www.w3schools.com:443 "GET /python/python_dictionaries.asp HTTP/1.1" 200 44573
2026-04-01 11:59:30 | DEBUG | Saved cleaned page: scraper/raw_html\python__python_dictionaries.json
2026-04-01 11:59:32 | DEBUG | Starting new HTTPS connection (1): www.w3schools.com:443
2026-04-01 11:59:33 | DEBUG | https://www.w3schools.com:443 "GET /python/python_dictionaries_access.asp HTTP/1.1" 200 44124
2026-04-01 11:59:33 | DEBUG | Saved cleaned page: scraper/raw_html\python__python_dictionaries_access.json
2026-04-01 11:59:34 | DEBUG | Starting new HTTPS connection (1): www.w3schools.com:443
2026-04-01 11:59:36 | DEBUG | https://www.w3schools.com:443 "GET /python/python_dictionaries_change.asp HTTP/1.1" 200 43522
2026-04-01 11:59:36 | DEBUG | Saved cleaned page: scraper/raw_html\python__python_dictionaries_change.json
2026-04-01 11:59:37 | DEBUG | Starting new HTTPS connection (1): www.w3schools.com:443
2026-04-01 11:59:38 | DEBUG | https://www.w3schools.com:443 "GET /python/python_dictionaries_add.asp HTTP/1.1" 200 43547
2026-04-01 11:59:39 | DEBUG | Saved cleaned page: scraper/raw_html\python__python_dictionaries_add.json
2026-04-01 11:59:40 | DEBUG | Starting new HTTPS connection (1): www.w3schools.com:443
2026-04-01 11:59:40 | DEBUG | https://www.w3schools.com:443 "GET /python/python_dictionaries_remove.asp HTTP/1.1" 200 43643
2026-04-01 11:59:40 | DEBUG | Saved cleaned page: scraper/raw_html\python__python_dictionaries_remove.json
2026-04-01 11:59:42 | DEBUG | Starting new HTTPS connection (1): www.w3schools.com:443
2026-04-01 11:59:42 | DEBUG | https://www.w3schools.com:443 "GET /python/python_dictionaries_loop.asp HTTP/1.1" 200 43557
2026-04-01 11:59:42 | DEBUG | Saved cleaned page: scraper/raw_html\python__python_dictionaries_loop.json
2026-04-01 11:59:44 | DEBUG | Starting new HTTPS connection (1): www.w3schools.com:443
2026-04-01 11:59:44 | DEBUG | https://www.w3schools.com:443 "GET /python/python_dictionaries_copy.asp HTTP/1.1" 200 43547
2026-04-01 11:59:44 | DEBUG | Saved cleaned page: scraper/raw_html\python__python_dictionaries_copy.json
2026-04-01 11:59:45 | DEBUG | Starting new HTTPS connection (1): www.w3schools.com:443
2026-04-01 11:59:47 | DEBUG | https://www.w3schools.com:443 "GET /python/python_dictionaries_nested.asp HTTP/1.1" 200 43753
2026-04-01 11:59:47 | DEBUG | Saved cleaned page: scraper/raw_html\python__python_dictionaries_nested.json
2026-04-01 11:59:48 | DEBUG | Starting new HTTPS connection (1): www.w3schools.com:443
2026-04-01 11:59:49 | DEBUG | https://www.w3schools.com:443 "GET /python/python_dictionaries_methods.asp HTTP/1.1" 200 43447
2026-04-01 11:59:49 | DEBUG | Saved cleaned page: scraper/raw_html\python__python_dictionaries_methods.json
2026-04-01 11:59:50 | DEBUG | Starting new HTTPS connection (1): www.w3schools.com:443
2026-04-01 11:59:52 | DEBUG | https://www.w3schools.com:443 "GET /python/python_conditions.asp HTTP/1.1" 200 44400
2026-04-01 11:59:52 | DEBUG | Saved cleaned page: scraper/raw_html\python__python_conditions.json
2026-04-01 11:59:53 | DEBUG | Starting new HTTPS connection (1): www.w3schools.com:443
2026-04-01 11:59:54 | DEBUG | https://www.w3schools.com:443 "GET /python/python_if_elif.asp HTTP/1.1" 200 44142
2026-04-01 11:59:54 | DEBUG | Saved cleaned page: scraper/raw_html\python__python_if_elif.json
2026-04-01 11:59:55 | DEBUG | Starting new HTTPS connection (1): www.w3schools.com:443
2026-04-01 11:59:57 | DEBUG | https://www.w3schools.com:443 "GET /python/python_if_else.asp HTTP/1.1" 200 44168
2026-04-01 11:59:57 | DEBUG | Saved cleaned page: scraper/raw_html\python__python_if_else.json
2026-04-01 11:59:58 | DEBUG | Starting new HTTPS connection (1): www.w3schools.com:443
2026-04-01 11:59:59 | DEBUG | https://www.w3schools.com:443 "GET /python/python_if_shorthand.asp HTTP/1.1" 200 44158
2026-04-01 11:59:59 | DEBUG | Saved cleaned page: scraper/raw_html\python__python_if_shorthand.json
2026-04-01 12:00:00 | DEBUG | Starting new HTTPS connection (1): www.w3schools.com:443
2026-04-01 12:00:02 | DEBUG | https://www.w3schools.com:443 "GET /python/python_if_logical.asp HTTP/1.1" 200 44327
2026-04-01 12:00:02 | DEBUG | Saved cleaned page: scraper/raw_html\python__python_if_logical.json
2026-04-01 12:00:03 | DEBUG | Starting new HTTPS connection (1): www.w3schools.com:443
2026-04-01 12:00:04 | DEBUG | https://www.w3schools.com:443 "GET /python/python_if_nested_if.asp HTTP/1.1" 200 44255
2026-04-01 12:00:04 | DEBUG | Saved cleaned page: scraper/raw_html\python__python_if_nested_if.json
2026-04-01 12:00:06 | DEBUG | Starting new HTTPS connection (1): www.w3schools.com:443
2026-04-01 12:00:07 | DEBUG | https://www.w3schools.com:443 "GET /python/python_if_pass.asp HTTP/1.1" 200 44243
2026-04-01 12:00:07 | DEBUG | Saved cleaned page: scraper/raw_html\python__python_if_pass.json
2026-04-01 12:00:08 | DEBUG | Starting new HTTPS connection (1): www.w3schools.com:443
2026-04-01 12:00:09 | DEBUG | https://www.w3schools.com:443 "GET /python/python_match.asp HTTP/1.1" 200 44057
2026-04-01 12:00:09 | DEBUG | Saved cleaned page: scraper/raw_html\python__python_match.json
2026-04-01 12:00:11 | DEBUG | Starting new HTTPS connection (1): www.w3schools.com:443
2026-04-01 12:00:12 | DEBUG | https://www.w3schools.com:443 "GET /python/python_while_loops.asp HTTP/1.1" 200 43842
2026-04-01 12:00:12 | DEBUG | Saved cleaned page: scraper/raw_html\python__python_while_loops.json
2026-04-01 12:00:13 | DEBUG | Starting new HTTPS connection (1): www.w3schools.com:443
2026-04-01 12:00:15 | DEBUG | https://www.w3schools.com:443 "GET /python/python_for_loops.asp HTTP/1.1" 200 44734
2026-04-01 12:00:15 | DEBUG | Saved cleaned page: scraper/raw_html\python__python_for_loops.json
2026-04-01 12:00:16 | DEBUG | Starting new HTTPS connection (1): www.w3schools.com:443
2026-04-01 12:00:17 | DEBUG | https://www.w3schools.com:443 "GET /python/python_functions.asp HTTP/1.1" 200 44462
2026-04-01 12:00:17 | DEBUG | Saved cleaned page: scraper/raw_html\python__python_functions.json
2026-04-01 12:00:18 | DEBUG | Starting new HTTPS connection (1): www.w3schools.com:443
2026-04-01 12:00:20 | DEBUG | https://www.w3schools.com:443 "GET /python/python_arguments.asp HTTP/1.1" 200 45364
2026-04-01 12:00:20 | DEBUG | Saved cleaned page: scraper/raw_html\python__python_arguments.json
2026-04-01 12:00:21 | DEBUG | Starting new HTTPS connection (1): www.w3schools.com:443
2026-04-01 12:00:23 | DEBUG | https://www.w3schools.com:443 "GET /python/python_args_kwargs.asp HTTP/1.1" 200 45022
2026-04-01 12:00:23 | DEBUG | Saved cleaned page: scraper/raw_html\python__python_args_kwargs.json
2026-04-01 12:00:24 | DEBUG | Starting new HTTPS connection (1): www.w3schools.com:443
2026-04-01 12:00:26 | DEBUG | https://www.w3schools.com:443 "GET /python/python_scope.asp HTTP/1.1" 200 44369
2026-04-01 12:00:26 | DEBUG | Saved cleaned page: scraper/raw_html\python__python_scope.json
2026-04-01 12:00:27 | DEBUG | Starting new HTTPS connection (1): www.w3schools.com:443
2026-04-01 12:00:28 | DEBUG | https://www.w3schools.com:443 "GET /python/python_decorators.asp HTTP/1.1" 200 44730
2026-04-01 12:00:29 | DEBUG | Saved cleaned page: scraper/raw_html\python__python_decorators.json
2026-04-01 12:00:30 | DEBUG | Starting new HTTPS connection (1): www.w3schools.com:443
2026-04-01 12:00:31 | DEBUG | https://www.w3schools.com:443 "GET /python/python_lambda.asp HTTP/1.1" 200 44359
2026-04-01 12:00:31 | DEBUG | Saved cleaned page: scraper/raw_html\python__python_lambda.json
2026-04-01 12:00:32 | DEBUG | Starting new HTTPS connection (1): www.w3schools.com:443
2026-04-01 12:00:34 | DEBUG | https://www.w3schools.com:443 "GET /python/python_recursion.asp HTTP/1.1" 200 44499
2026-04-01 12:00:34 | DEBUG | Saved cleaned page: scraper/raw_html\python__python_recursion.json
2026-04-01 12:00:36 | DEBUG | Starting new HTTPS connection (1): www.w3schools.com:443
2026-04-01 12:00:37 | DEBUG | https://www.w3schools.com:443 "GET /python/python_generators.asp HTTP/1.1" 200 44689
2026-04-01 12:00:38 | DEBUG | Saved cleaned page: scraper/raw_html\python__python_generators.json
2026-04-01 12:00:39 | DEBUG | Starting new HTTPS connection (1): www.w3schools.com:443
2026-04-01 12:00:41 | DEBUG | https://www.w3schools.com:443 "GET /python/python_range.asp HTTP/1.1" 200 44321
2026-04-01 12:00:41 | DEBUG | Saved cleaned page: scraper/raw_html\python__python_range.json
2026-04-01 12:00:42 | DEBUG | Starting new HTTPS connection (1): www.w3schools.com:443
2026-04-01 12:00:44 | DEBUG | https://www.w3schools.com:443 "GET /python/python_arrays.asp HTTP/1.1" 200 44587
2026-04-01 12:00:44 | DEBUG | Saved cleaned page: scraper/raw_html\python__python_arrays.json
2026-04-01 12:00:45 | DEBUG | Starting new HTTPS connection (1): www.w3schools.com:443
2026-04-01 12:00:47 | DEBUG | https://www.w3schools.com:443 "GET /python/python_iterators.asp HTTP/1.1" 200 44455
2026-04-01 12:00:47 | DEBUG | Saved cleaned page: scraper/raw_html\python__python_iterators.json
2026-04-01 12:00:48 | DEBUG | Starting new HTTPS connection (1): www.w3schools.com:443
2026-04-01 12:00:50 | DEBUG | https://www.w3schools.com:443 "GET /python/python_modules.asp HTTP/1.1" 200 44621
2026-04-01 12:00:50 | DEBUG | Saved cleaned page: scraper/raw_html\python__python_modules.json
2026-04-01 12:00:51 | DEBUG | Starting new HTTPS connection (1): www.w3schools.com:443
2026-04-01 12:00:52 | DEBUG | https://www.w3schools.com:443 "GET /python/python_datetime.asp HTTP/1.1" 200 44914
2026-04-01 12:00:53 | DEBUG | Saved cleaned page: scraper/raw_html\python__python_datetime.json
2026-04-01 12:00:54 | DEBUG | Starting new HTTPS connection (1): www.w3schools.com:443
2026-04-01 12:00:56 | DEBUG | https://www.w3schools.com:443 "GET /python/python_math.asp HTTP/1.1" 200 43970
2026-04-01 12:00:56 | DEBUG | Saved cleaned page: scraper/raw_html\python__python_math.json
2026-04-01 12:00:57 | DEBUG | Starting new HTTPS connection (1): www.w3schools.com:443
2026-04-01 12:00:59 | DEBUG | https://www.w3schools.com:443 "GET /python/python_json.asp HTTP/1.1" 200 44588
2026-04-01 12:00:59 | DEBUG | Saved cleaned page: scraper/raw_html\python__python_json.json
2026-04-01 12:01:00 | DEBUG | Starting new HTTPS connection (1): www.w3schools.com:443
2026-04-01 12:01:02 | DEBUG | https://www.w3schools.com:443 "GET /python/python_regex.asp HTTP/1.1" 200 46466
2026-04-01 12:01:03 | DEBUG | Saved cleaned page: scraper/raw_html\python__python_regex.json
2026-04-01 12:01:04 | DEBUG | Starting new HTTPS connection (1): www.w3schools.com:443
2026-04-01 12:01:06 | DEBUG | https://www.w3schools.com:443 "GET /python/python_pip.asp HTTP/1.1" 200 44242
2026-04-01 12:01:06 | DEBUG | Saved cleaned page: scraper/raw_html\python__python_pip.json
2026-04-01 12:01:07 | DEBUG | Starting new HTTPS connection (1): www.w3schools.com:443
2026-04-01 12:01:09 | DEBUG | https://www.w3schools.com:443 "GET /python/python_try_except.asp HTTP/1.1" 200 44426
2026-04-01 12:01:09 | DEBUG | Saved cleaned page: scraper/raw_html\python__python_try_except.json
2026-04-01 12:01:10 | DEBUG | Starting new HTTPS connection (1): www.w3schools.com:443
2026-04-01 12:01:12 | DEBUG | https://www.w3schools.com:443 "GET /python/python_string_formatting.asp HTTP/1.1" 200 45794
2026-04-01 12:01:13 | DEBUG | Saved cleaned page: scraper/raw_html\python__python_string_formatting.json
2026-04-01 12:01:14 | DEBUG | Starting new HTTPS connection (1): www.w3schools.com:443
2026-04-01 12:01:15 | DEBUG | https://www.w3schools.com:443 "GET /python/python_none.asp HTTP/1.1" 200 43747
2026-04-01 12:01:15 | DEBUG | Saved cleaned page: scraper/raw_html\python__python_none.json
2026-04-01 12:01:16 | DEBUG | Starting new HTTPS connection (1): www.w3schools.com:443
2026-04-01 12:01:17 | DEBUG | https://www.w3schools.com:443 "GET /python/python_user_input.asp HTTP/1.1" 200 44152
2026-04-01 12:01:17 | DEBUG | Saved cleaned page: scraper/raw_html\python__python_user_input.json
2026-04-01 12:01:18 | DEBUG | Starting new HTTPS connection (1): www.w3schools.com:443
2026-04-01 12:01:20 | DEBUG | https://www.w3schools.com:443 "GET /python/python_virtualenv.asp HTTP/1.1" 200 45440
2026-04-01 12:01:20 | DEBUG | Saved cleaned page: scraper/raw_html\python__python_virtualenv.json
2026-04-01 12:01:21 | DEBUG | Starting new HTTPS connection (1): www.w3schools.com:443
2026-04-01 12:01:23 | DEBUG | https://www.w3schools.com:443 "GET /python/python_oop.asp HTTP/1.1" 200 43805
2026-04-01 12:01:23 | DEBUG | Saved cleaned page: scraper/raw_html\python__python_oop.json
2026-04-01 12:01:24 | DEBUG | Starting new HTTPS connection (1): www.w3schools.com:443
2026-04-01 12:01:26 | DEBUG | https://www.w3schools.com:443 "GET /python/python_classes.asp HTTP/1.1" 200 43777
2026-04-01 12:01:26 | DEBUG | Saved cleaned page: scraper/raw_html\python__python_classes.json
2026-04-01 12:01:27 | DEBUG | Starting new HTTPS connection (1): www.w3schools.com:443
2026-04-01 12:01:29 | DEBUG | https://www.w3schools.com:443 "GET /python/python_class_init.asp HTTP/1.1" 200 43931
2026-04-01 12:01:29 | DEBUG | Saved cleaned page: scraper/raw_html\python__python_class_init.json
2026-04-01 12:01:31 | DEBUG | Starting new HTTPS connection (1): www.w3schools.com:443
2026-04-01 12:01:32 | DEBUG | https://www.w3schools.com:443 "GET /python/python_class_self.asp HTTP/1.1" 200 44089
2026-04-01 12:01:33 | DEBUG | Saved cleaned page: scraper/raw_html\python__python_class_self.json
2026-04-01 12:01:34 | DEBUG | Starting new HTTPS connection (1): www.w3schools.com:443
2026-04-01 12:01:36 | DEBUG | https://www.w3schools.com:443 "GET /python/python_class_properties.asp HTTP/1.1" 200 44035
2026-04-01 12:01:36 | DEBUG | Saved cleaned page: scraper/raw_html\python__python_class_properties.json
2026-04-01 12:01:37 | DEBUG | Starting new HTTPS connection (1): www.w3schools.com:443
2026-04-01 12:01:38 | DEBUG | https://www.w3schools.com:443 "GET /python/python_class_methods.asp HTTP/1.1" 200 44276
2026-04-01 12:01:38 | DEBUG | Saved cleaned page: scraper/raw_html\python__python_class_methods.json
2026-04-01 12:01:40 | DEBUG | Starting new HTTPS connection (1): www.w3schools.com:443
2026-04-01 12:01:41 | DEBUG | https://www.w3schools.com:443 "GET /python/python_inheritance.asp HTTP/1.1" 200 44645
2026-04-01 12:01:41 | DEBUG | Saved cleaned page: scraper/raw_html\python__python_inheritance.json
2026-04-01 12:01:42 | DEBUG | Starting new HTTPS connection (1): www.w3schools.com:443
2026-04-01 12:01:43 | DEBUG | https://www.w3schools.com:443 "GET /python/python_polymorphism.asp HTTP/1.1" 200 44488
2026-04-01 12:01:43 | DEBUG | Saved cleaned page: scraper/raw_html\python__python_polymorphism.json
2026-04-01 12:01:45 | DEBUG | Starting new HTTPS connection (1): www.w3schools.com:443
2026-04-01 12:01:46 | DEBUG | https://www.w3schools.com:443 "GET /python/python_encapsulation.asp HTTP/1.1" 200 44816
2026-04-01 12:01:46 | DEBUG | Saved cleaned page: scraper/raw_html\python__python_encapsulation.json
2026-04-01 12:01:47 | DEBUG | Starting new HTTPS connection (1): www.w3schools.com:443
2026-04-01 12:01:48 | DEBUG | https://www.w3schools.com:443 "GET /python/python_class_inner.asp HTTP/1.1" 200 44074
2026-04-01 12:01:48 | DEBUG | Saved cleaned page: scraper/raw_html\python__python_class_inner.json
2026-04-01 12:01:49 | DEBUG | Starting new HTTPS connection (1): www.w3schools.com:443
2026-04-01 12:01:50 | DEBUG | https://www.w3schools.com:443 "GET /python/python_file_handling.asp HTTP/1.1" 200 43755
2026-04-01 12:01:50 | DEBUG | Saved cleaned page: scraper/raw_html\python__python_file_handling.json
2026-04-01 12:01:52 | DEBUG | Starting new HTTPS connection (1): www.w3schools.com:443
2026-04-01 12:01:54 | DEBUG | https://www.w3schools.com:443 "GET /python/python_file_open.asp HTTP/1.1" 200 44131
2026-04-01 12:01:54 | DEBUG | Saved cleaned page: scraper/raw_html\python__python_file_open.json
2026-04-01 12:01:55 | DEBUG | Starting new HTTPS connection (1): www.w3schools.com:443
2026-04-01 12:01:56 | DEBUG | https://www.w3schools.com:443 "GET /python/python_file_write.asp HTTP/1.1" 200 43810
2026-04-01 12:01:57 | DEBUG | Saved cleaned page: scraper/raw_html\python__python_file_write.json
2026-04-01 12:01:58 | DEBUG | Starting new HTTPS connection (1): www.w3schools.com:443
2026-04-01 12:02:00 | DEBUG | https://www.w3schools.com:443 "GET /python/python_file_remove.asp HTTP/1.1" 200 43481
2026-04-01 12:02:00 | DEBUG | Saved cleaned page: scraper/raw_html\python__python_file_remove.json
2026-04-01 12:02:01 | DEBUG | Starting new HTTPS connection (1): www.w3schools.com:443
2026-04-01 12:02:04 | DEBUG | https://www.w3schools.com:443 "GET /python/python_ml_mean_median_mode.asp HTTP/1.1" 200 44222
2026-04-01 12:02:04 | DEBUG | Saved cleaned page: scraper/raw_html\python__python_ml_mean_median_mode.json
2026-04-01 12:02:05 | DEBUG | Starting new HTTPS connection (1): www.w3schools.com:443
2026-04-01 12:02:08 | DEBUG | https://www.w3schools.com:443 "GET /python/python_ml_standard_deviation.asp HTTP/1.1" 200 44846
2026-04-01 12:02:08 | DEBUG | Saved cleaned page: scraper/raw_html\python__python_ml_standard_deviation.json
2026-04-01 12:02:09 | DEBUG | Starting new HTTPS connection (1): www.w3schools.com:443
2026-04-01 12:02:12 | DEBUG | https://www.w3schools.com:443 "GET /python/python_ml_percentile.asp HTTP/1.1" 200 43586
2026-04-01 12:02:12 | DEBUG | Saved cleaned page: scraper/raw_html\python__python_ml_percentile.json
2026-04-01 12:02:13 | DEBUG | Starting new HTTPS connection (1): www.w3schools.com:443
2026-04-01 12:02:15 | DEBUG | https://www.w3schools.com:443 "GET /python/python_ml_data_distribution.asp HTTP/1.1" 200 44066
2026-04-01 12:02:16 | DEBUG | Saved cleaned page: scraper/raw_html\python__python_ml_data_distribution.json
2026-04-01 12:02:17 | DEBUG | Starting new HTTPS connection (1): www.w3schools.com:443
2026-04-01 12:02:19 | DEBUG | https://www.w3schools.com:443 "GET /python/python_ml_normal_data_distribution.asp HTTP/1.1" 200 43822
2026-04-01 12:02:20 | DEBUG | Saved cleaned page: scraper/raw_html\python__python_ml_normal_data_distribution.json
2026-04-01 12:02:21 | DEBUG | Starting new HTTPS connection (1): www.w3schools.com:443
2026-04-01 12:02:23 | DEBUG | https://www.w3schools.com:443 "GET /python/python_ml_scatterplot.asp HTTP/1.1" 200 44160
2026-04-01 12:02:23 | DEBUG | Saved cleaned page: scraper/raw_html\python__python_ml_scatterplot.json
2026-04-01 12:02:24 | DEBUG | Starting new HTTPS connection (1): www.w3schools.com:443
2026-04-01 12:02:27 | DEBUG | https://www.w3schools.com:443 "GET /python/python_ml_linear_regression.asp HTTP/1.1" 200 45202
2026-04-01 12:02:27 | DEBUG | Saved cleaned page: scraper/raw_html\python__python_ml_linear_regression.json
2026-04-01 12:02:28 | DEBUG | Starting new HTTPS connection (1): www.w3schools.com:443
2026-04-01 12:02:29 | DEBUG | https://www.w3schools.com:443 "GET /python/python_ml_polynomial_regression.asp HTTP/1.1" 200 45064
2026-04-01 12:02:30 | DEBUG | Saved cleaned page: scraper/raw_html\python__python_ml_polynomial_regression.json
2026-04-01 12:02:31 | DEBUG | Starting new HTTPS connection (1): www.w3schools.com:443
2026-04-01 12:02:32 | DEBUG | https://www.w3schools.com:443 "GET /python/python_ml_multiple_regression.asp HTTP/1.1" 200 45630
2026-04-01 12:02:32 | DEBUG | Saved cleaned page: scraper/raw_html\python__python_ml_multiple_regression.json
2026-04-01 12:02:33 | DEBUG | Starting new HTTPS connection (1): www.w3schools.com:443
2026-04-01 12:02:34 | DEBUG | https://www.w3schools.com:443 "GET /python/python_ml_scale.asp HTTP/1.1" 200 45645
2026-04-01 12:02:34 | DEBUG | Saved cleaned page: scraper/raw_html\python__python_ml_scale.json
2026-04-01 12:02:35 | DEBUG | Starting new HTTPS connection (1): www.w3schools.com:443
2026-04-01 12:02:36 | DEBUG | https://www.w3schools.com:443 "GET /python/python_ml_train_test.asp HTTP/1.1" 200 45225
2026-04-01 12:02:36 | DEBUG | Saved cleaned page: scraper/raw_html\python__python_ml_train_test.json
2026-04-01 12:02:38 | DEBUG | Starting new HTTPS connection (1): www.w3schools.com:443
2026-04-01 12:02:39 | DEBUG | https://www.w3schools.com:443 "GET /python/python_ml_decision_tree.asp HTTP/1.1" 200 46034
2026-04-01 12:02:39 | DEBUG | Saved cleaned page: scraper/raw_html\python__python_ml_decision_tree.json
2026-04-01 12:02:40 | DEBUG | Starting new HTTPS connection (1): www.w3schools.com:443
2026-04-01 12:02:41 | DEBUG | https://www.w3schools.com:443 "GET /python/python_ml_confusion_matrix.asp HTTP/1.1" 200 44964
2026-04-01 12:02:41 | DEBUG | Saved cleaned page: scraper/raw_html\python__python_ml_confusion_matrix.json
2026-04-01 12:02:42 | DEBUG | Starting new HTTPS connection (1): www.w3schools.com:443
2026-04-01 12:02:43 | DEBUG | https://www.w3schools.com:443 "GET /python/python_ml_hierarchial_clustering.asp HTTP/1.1" 200 44900
2026-04-01 12:02:43 | DEBUG | Saved cleaned page: scraper/raw_html\python__python_ml_hierarchial_clustering.json
2026-04-01 12:02:44 | DEBUG | Starting new HTTPS connection (1): www.w3schools.com:443
2026-04-01 12:02:45 | DEBUG | https://www.w3schools.com:443 "GET /python/python_ml_logistic_regression.asp HTTP/1.1" 200 45023
2026-04-01 12:02:45 | DEBUG | Saved cleaned page: scraper/raw_html\python__python_ml_logistic_regression.json
2026-04-01 12:02:47 | DEBUG | Starting new HTTPS connection (1): www.w3schools.com:443
2026-04-01 12:02:48 | DEBUG | https://www.w3schools.com:443 "GET /python/python_ml_grid_search.asp HTTP/1.1" 200 44991
2026-04-01 12:02:48 | DEBUG | Saved cleaned page: scraper/raw_html\python__python_ml_grid_search.json
2026-04-01 12:02:49 | DEBUG | Starting new HTTPS connection (1): www.w3schools.com:443
2026-04-01 12:02:50 | DEBUG | https://www.w3schools.com:443 "GET /python/python_ml_preprocessing.asp HTTP/1.1" 200 46290
2026-04-01 12:02:50 | DEBUG | Saved cleaned page: scraper/raw_html\python__python_ml_preprocessing.json
2026-04-01 12:02:52 | DEBUG | Starting new HTTPS connection (1): www.w3schools.com:443
2026-04-01 12:02:53 | DEBUG | https://www.w3schools.com:443 "GET /python/python_ml_k-means.asp HTTP/1.1" 200 44584
2026-04-01 12:02:53 | DEBUG | Saved cleaned page: scraper/raw_html\python__python_ml_k-means.json
2026-04-01 12:02:54 | DEBUG | Starting new HTTPS connection (1): www.w3schools.com:443
2026-04-01 12:02:55 | DEBUG | https://www.w3schools.com:443 "GET /python/python_ml_bagging.asp HTTP/1.1" 200 46364
2026-04-01 12:02:55 | DEBUG | Saved cleaned page: scraper/raw_html\python__python_ml_bagging.json
2026-04-01 12:02:56 | DEBUG | Starting new HTTPS connection (1): www.w3schools.com:443
2026-04-01 12:02:57 | DEBUG | https://www.w3schools.com:443 "GET /python/python_ml_cross_validation.asp HTTP/1.1" 200 44884
2026-04-01 12:02:57 | DEBUG | Saved cleaned page: scraper/raw_html\python__python_ml_cross_validation.json
2026-04-01 12:02:58 | DEBUG | Starting new HTTPS connection (1): www.w3schools.com:443
2026-04-01 12:02:59 | DEBUG | https://www.w3schools.com:443 "GET /python/python_ml_auc_roc.asp HTTP/1.1" 200 45177
2026-04-01 12:02:59 | DEBUG | Saved cleaned page: scraper/raw_html\python__python_ml_auc_roc.json
2026-04-01 12:03:00 | DEBUG | Starting new HTTPS connection (1): www.w3schools.com:443
2026-04-01 12:03:01 | DEBUG | https://www.w3schools.com:443 "GET /python/python_ml_knn.asp HTTP/1.1" 200 44911
2026-04-01 12:03:01 | DEBUG | Saved cleaned page: scraper/raw_html\python__python_ml_knn.json
2026-04-01 12:03:02 | DEBUG | Starting new HTTPS connection (1): www.w3schools.com:443
2026-04-01 12:03:03 | DEBUG | https://www.w3schools.com:443 "GET /python/python_dsa.asp HTTP/1.1" 200 43767
2026-04-01 12:03:03 | DEBUG | Saved cleaned page: scraper/raw_html\python__python_dsa.json
2026-04-01 12:03:04 | DEBUG | Starting new HTTPS connection (1): www.w3schools.com:443
2026-04-01 12:03:05 | DEBUG | https://www.w3schools.com:443 "GET /python/python_dsa_lists.asp HTTP/1.1" 200 44340
2026-04-01 12:03:05 | DEBUG | Saved cleaned page: scraper/raw_html\python__python_dsa_lists.json
2026-04-01 12:03:07 | DEBUG | Starting new HTTPS connection (1): www.w3schools.com:443
2026-04-01 12:03:08 | DEBUG | https://www.w3schools.com:443 "GET /python/python_dsa_stacks.asp HTTP/1.1" 200 45729
2026-04-01 12:03:08 | DEBUG | Saved cleaned page: scraper/raw_html\python__python_dsa_stacks.json
2026-04-01 12:03:10 | DEBUG | Starting new HTTPS connection (1): www.w3schools.com:443
2026-04-01 12:03:12 | DEBUG | https://www.w3schools.com:443 "GET /python/python_dsa_queues.asp HTTP/1.1" 200 45480
2026-04-01 12:03:12 | DEBUG | Saved cleaned page: scraper/raw_html\python__python_dsa_queues.json
2026-04-01 12:03:13 | DEBUG | Starting new HTTPS connection (1): www.w3schools.com:443
2026-04-01 12:03:14 | DEBUG | https://www.w3schools.com:443 "GET /python/python_dsa_linkedlists.asp HTTP/1.1" 200 50487
2026-04-01 12:03:14 | DEBUG | Saved cleaned page: scraper/raw_html\python__python_dsa_linkedlists.json
2026-04-01 12:03:15 | DEBUG | Starting new HTTPS connection (1): www.w3schools.com:443
2026-04-01 12:03:16 | DEBUG | https://www.w3schools.com:443 "GET /python/python_dsa_hashtables.asp HTTP/1.1" 200 46155
2026-04-01 12:03:16 | DEBUG | Saved cleaned page: scraper/raw_html\python__python_dsa_hashtables.json
2026-04-01 12:03:17 | DEBUG | Starting new HTTPS connection (1): www.w3schools.com:443
2026-04-01 12:03:18 | DEBUG | https://www.w3schools.com:443 "GET /python/python_dsa_trees.asp HTTP/1.1" 200 45190
2026-04-01 12:03:18 | DEBUG | Saved cleaned page: scraper/raw_html\python__python_dsa_trees.json
2026-04-01 12:03:20 | DEBUG | Starting new HTTPS connection (1): www.w3schools.com:443
2026-04-01 12:03:20 | DEBUG | https://www.w3schools.com:443 "GET /python/python_dsa_binarytrees.asp HTTP/1.1" 200 47455
2026-04-01 12:03:20 | DEBUG | Saved cleaned page: scraper/raw_html\python__python_dsa_binarytrees.json
2026-04-01 12:03:21 | DEBUG | Starting new HTTPS connection (1): www.w3schools.com:443
2026-04-01 12:03:23 | DEBUG | https://www.w3schools.com:443 "GET /python/python_dsa_binarysearchtrees.asp HTTP/1.1" 200 49528
2026-04-01 12:03:23 | DEBUG | Saved cleaned page: scraper/raw_html\python__python_dsa_binarysearchtrees.json
2026-04-01 12:03:24 | DEBUG | Starting new HTTPS connection (1): www.w3schools.com:443
2026-04-01 12:03:26 | DEBUG | https://www.w3schools.com:443 "GET /python/python_dsa_avltrees.asp HTTP/1.1" 200 58194
2026-04-01 12:03:26 | DEBUG | Saved cleaned page: scraper/raw_html\python__python_dsa_avltrees.json
2026-04-01 12:03:27 | DEBUG | Starting new HTTPS connection (1): www.w3schools.com:443
2026-04-01 12:03:29 | DEBUG | https://www.w3schools.com:443 "GET /python/python_dsa_graphs.asp HTTP/1.1" 200 47150
2026-04-01 12:03:30 | DEBUG | Saved cleaned page: scraper/raw_html\python__python_dsa_graphs.json
2026-04-01 12:03:31 | DEBUG | Starting new HTTPS connection (1): www.w3schools.com:443
2026-04-01 12:03:32 | DEBUG | https://www.w3schools.com:443 "GET /python/python_dsa_linearsearch.asp HTTP/1.1" 200 46827
2026-04-01 12:03:32 | DEBUG | Saved cleaned page: scraper/raw_html\python__python_dsa_linearsearch.json
2026-04-01 12:03:33 | DEBUG | Starting new HTTPS connection (1): www.w3schools.com:443
2026-04-01 12:03:36 | DEBUG | https://www.w3schools.com:443 "GET /python/python_dsa_binarysearch.asp HTTP/1.1" 200 48108
2026-04-01 12:03:36 | DEBUG | Saved cleaned page: scraper/raw_html\python__python_dsa_binarysearch.json
2026-04-01 12:03:37 | DEBUG | Starting new HTTPS connection (1): www.w3schools.com:443
2026-04-01 12:03:39 | DEBUG | https://www.w3schools.com:443 "GET /python/python_dsa_bubblesort.asp HTTP/1.1" 200 47471
2026-04-01 12:03:39 | DEBUG | Saved cleaned page: scraper/raw_html\python__python_dsa_bubblesort.json
2026-04-01 12:03:41 | DEBUG | Starting new HTTPS connection (1): www.w3schools.com:443
2026-04-01 12:03:43 | DEBUG | https://www.w3schools.com:443 "GET /python/python_dsa_selectionsort.asp HTTP/1.1" 200 48230
2026-04-01 12:03:43 | DEBUG | Saved cleaned page: scraper/raw_html\python__python_dsa_selectionsort.json
2026-04-01 12:03:44 | DEBUG | Starting new HTTPS connection (1): www.w3schools.com:443
2026-04-01 12:03:45 | DEBUG | https://www.w3schools.com:443 "GET /python/python_dsa_insertionsort.asp HTTP/1.1" 200 48462
2026-04-01 12:03:45 | DEBUG | Saved cleaned page: scraper/raw_html\python__python_dsa_insertionsort.json
2026-04-01 12:03:46 | DEBUG | Starting new HTTPS connection (1): www.w3schools.com:443
2026-04-01 12:03:47 | DEBUG | https://www.w3schools.com:443 "GET /python/python_dsa_quicksort.asp HTTP/1.1" 200 48125
2026-04-01 12:03:47 | DEBUG | Saved cleaned page: scraper/raw_html\python__python_dsa_quicksort.json
2026-04-01 12:03:48 | DEBUG | Starting new HTTPS connection (1): www.w3schools.com:443
2026-04-01 12:03:50 | DEBUG | https://www.w3schools.com:443 "GET /python/python_dsa_countingsort.asp HTTP/1.1" 200 49035
2026-04-01 12:03:50 | DEBUG | Saved cleaned page: scraper/raw_html\python__python_dsa_countingsort.json
2026-04-01 12:03:51 | DEBUG | Starting new HTTPS connection (1): www.w3schools.com:443
2026-04-01 12:03:53 | DEBUG | https://www.w3schools.com:443 "GET /python/python_dsa_radixsort.asp HTTP/1.1" 200 50361
2026-04-01 12:03:53 | DEBUG | Saved cleaned page: scraper/raw_html\python__python_dsa_radixsort.json
2026-04-01 12:03:55 | DEBUG | Starting new HTTPS connection (1): www.w3schools.com:443
2026-04-01 12:03:57 | DEBUG | https://www.w3schools.com:443 "GET /python/python_dsa_mergesort.asp HTTP/1.1" 200 50175
2026-04-01 12:03:57 | DEBUG | Saved cleaned page: scraper/raw_html\python__python_dsa_mergesort.json
2026-04-01 12:03:58 | DEBUG | Starting new HTTPS connection (1): www.w3schools.com:443
2026-04-01 12:03:59 | DEBUG | https://www.w3schools.com:443 "GET /python/python_mysql_getstarted.asp HTTP/1.1" 200 43913
2026-04-01 12:03:59 | DEBUG | Saved cleaned page: scraper/raw_html\python__python_mysql_getstarted.json
2026-04-01 12:04:01 | DEBUG | Starting new HTTPS connection (1): www.w3schools.com:443
2026-04-01 12:04:03 | DEBUG | https://www.w3schools.com:443 "GET /python/python_mysql_create_db.asp HTTP/1.1" 200 43654
2026-04-01 12:04:03 | DEBUG | Saved cleaned page: scraper/raw_html\python__python_mysql_create_db.json
2026-04-01 12:04:04 | DEBUG | Starting new HTTPS connection (1): www.w3schools.com:443
2026-04-01 12:04:06 | DEBUG | https://www.w3schools.com:443 "GET /python/python_mysql_create_table.asp HTTP/1.1" 200 43921
2026-04-01 12:04:06 | DEBUG | Saved cleaned page: scraper/raw_html\python__python_mysql_create_table.json
2026-04-01 12:04:07 | DEBUG | Starting new HTTPS connection (1): www.w3schools.com:443
2026-04-01 12:04:09 | DEBUG | https://www.w3schools.com:443 "GET /python/python_mysql_insert.asp HTTP/1.1" 200 44139
2026-04-01 12:04:09 | DEBUG | Saved cleaned page: scraper/raw_html\python__python_mysql_insert.json
2026-04-01 12:04:10 | DEBUG | Starting new HTTPS connection (1): www.w3schools.com:443
2026-04-01 12:04:12 | DEBUG | https://www.w3schools.com:443 "GET /python/python_mysql_select.asp HTTP/1.1" 200 43749
2026-04-01 12:04:12 | DEBUG | Saved cleaned page: scraper/raw_html\python__python_mysql_select.json
2026-04-01 12:04:13 | DEBUG | Starting new HTTPS connection (1): www.w3schools.com:443
2026-04-01 12:04:15 | DEBUG | https://www.w3schools.com:443 "GET /python/python_mysql_where.asp HTTP/1.1" 200 43876
2026-04-01 12:04:16 | DEBUG | Saved cleaned page: scraper/raw_html\python__python_mysql_where.json
2026-04-01 12:04:17 | DEBUG | Starting new HTTPS connection (1): www.w3schools.com:443
2026-04-01 12:04:19 | DEBUG | https://www.w3schools.com:443 "GET /python/python_mysql_orderby.asp HTTP/1.1" 200 43555
2026-04-01 12:04:19 | DEBUG | Saved cleaned page: scraper/raw_html\python__python_mysql_orderby.json
2026-04-01 12:04:20 | DEBUG | Starting new HTTPS connection (1): www.w3schools.com:443
2026-04-01 12:04:22 | DEBUG | https://www.w3schools.com:443 "GET /python/python_mysql_delete.asp HTTP/1.1" 200 43887
2026-04-01 12:04:23 | DEBUG | Saved cleaned page: scraper/raw_html\python__python_mysql_delete.json
2026-04-01 12:04:24 | DEBUG | Starting new HTTPS connection (1): www.w3schools.com:443
2026-04-01 12:04:26 | DEBUG | https://www.w3schools.com:443 "GET /python/python_mysql_drop_table.asp HTTP/1.1" 200 43516
2026-04-01 12:04:26 | DEBUG | Saved cleaned page: scraper/raw_html\python__python_mysql_drop_table.json
2026-04-01 12:04:27 | DEBUG | Starting new HTTPS connection (1): www.w3schools.com:443
2026-04-01 12:04:29 | DEBUG | https://www.w3schools.com:443 "GET /python/python_mysql_update.asp HTTP/1.1" 200 43915
2026-04-01 12:04:29 | DEBUG | Saved cleaned page: scraper/raw_html\python__python_mysql_update.json
2026-04-01 12:04:30 | DEBUG | Starting new HTTPS connection (1): www.w3schools.com:443
2026-04-01 12:04:31 | DEBUG | https://www.w3schools.com:443 "GET /python/python_mysql_limit.asp HTTP/1.1" 200 43549
2026-04-01 12:04:31 | DEBUG | Saved cleaned page: scraper/raw_html\python__python_mysql_limit.json
2026-04-01 12:04:32 | DEBUG | Starting new HTTPS connection (1): www.w3schools.com:443
2026-04-01 12:04:34 | DEBUG | https://www.w3schools.com:443 "GET /python/python_mysql_join.asp HTTP/1.1" 200 44119
2026-04-01 12:04:34 | DEBUG | Saved cleaned page: scraper/raw_html\python__python_mysql_join.json
2026-04-01 12:04:35 | DEBUG | Starting new HTTPS connection (1): www.w3schools.com:443
2026-04-01 12:04:37 | DEBUG | https://www.w3schools.com:443 "GET /python/python_mongodb_getstarted.asp HTTP/1.1" 200 43795
2026-04-01 12:04:37 | DEBUG | Saved cleaned page: scraper/raw_html\python__python_mongodb_getstarted.json
2026-04-01 12:04:38 | DEBUG | Starting new HTTPS connection (1): www.w3schools.com:443
2026-04-01 12:04:40 | DEBUG | https://www.w3schools.com:443 "GET /python/python_mongodb_create_db.asp HTTP/1.1" 200 43764
2026-04-01 12:04:40 | DEBUG | Saved cleaned page: scraper/raw_html\python__python_mongodb_create_db.json
2026-04-01 12:04:41 | DEBUG | Starting new HTTPS connection (1): www.w3schools.com:443
2026-04-01 12:04:44 | DEBUG | https://www.w3schools.com:443 "GET /python/python_mongodb_create_collection.asp HTTP/1.1" 200 43735
2026-04-01 12:04:44 | DEBUG | Saved cleaned page: scraper/raw_html\python__python_mongodb_create_collection.json
2026-04-01 12:04:45 | DEBUG | Starting new HTTPS connection (1): www.w3schools.com:443
2026-04-01 12:04:47 | DEBUG | https://www.w3schools.com:443 "GET /python/python_mongodb_insert.asp HTTP/1.1" 200 44508
2026-04-01 12:04:47 | DEBUG | Saved cleaned page: scraper/raw_html\python__python_mongodb_insert.json
2026-04-01 12:04:49 | DEBUG | Starting new HTTPS connection (1): www.w3schools.com:443
2026-04-01 12:04:51 | DEBUG | https://www.w3schools.com:443 "GET /python/python_mongodb_find.asp HTTP/1.1" 200 44050
2026-04-01 12:04:51 | DEBUG | Saved cleaned page: scraper/raw_html\python__python_mongodb_find.json
2026-04-01 12:04:52 | DEBUG | Starting new HTTPS connection (1): www.w3schools.com:443
2026-04-01 12:04:53 | DEBUG | https://www.w3schools.com:443 "GET /python/python_mongodb_query.asp HTTP/1.1" 200 43787
2026-04-01 12:04:53 | DEBUG | Saved cleaned page: scraper/raw_html\python__python_mongodb_query.json
2026-04-01 12:04:54 | DEBUG | Starting new HTTPS connection (1): www.w3schools.com:443
2026-04-01 12:04:55 | DEBUG | https://www.w3schools.com:443 "GET /python/python_mongodb_sort.asp HTTP/1.1" 200 43534
2026-04-01 12:04:55 | DEBUG | Saved cleaned page: scraper/raw_html\python__python_mongodb_sort.json
2026-04-01 12:04:56 | DEBUG | Starting new HTTPS connection (1): www.w3schools.com:443
2026-04-01 12:04:56 | DEBUG | https://www.w3schools.com:443 "GET /python/python_mongodb_delete.asp HTTP/1.1" 200 43677
2026-04-01 12:04:56 | DEBUG | Saved cleaned page: scraper/raw_html\python__python_mongodb_delete.json
2026-04-01 12:04:57 | DEBUG | Starting new HTTPS connection (1): www.w3schools.com:443
2026-04-01 12:04:58 | DEBUG | https://www.w3schools.com:443 "GET /python/python_mongodb_drop_collection.asp HTTP/1.1" 200 43408
2026-04-01 12:04:58 | DEBUG | Saved cleaned page: scraper/raw_html\python__python_mongodb_drop_collection.json
2026-04-01 12:04:59 | DEBUG | Starting new HTTPS connection (1): www.w3schools.com:443
2026-04-01 12:05:00 | DEBUG | https://www.w3schools.com:443 "GET /python/python_mongodb_update.asp HTTP/1.1" 200 43771
2026-04-01 12:05:00 | DEBUG | Saved cleaned page: scraper/raw_html\python__python_mongodb_update.json
2026-04-01 12:05:01 | DEBUG | Starting new HTTPS connection (1): www.w3schools.com:443
2026-04-01 12:05:02 | DEBUG | https://www.w3schools.com:443 "GET /python/python_mongodb_limit.asp HTTP/1.1" 200 43765
2026-04-01 12:05:03 | DEBUG | Saved cleaned page: scraper/raw_html\python__python_mongodb_limit.json
2026-04-01 12:05:04 | DEBUG | Starting new HTTPS connection (1): www.w3schools.com:443
2026-04-01 12:05:05 | DEBUG | https://www.w3schools.com:443 "GET /python/python_howto_remove_duplicates.asp HTTP/1.1" 200 44057
2026-04-01 12:05:05 | DEBUG | Saved cleaned page: scraper/raw_html\python__python_howto_remove_duplicates.json
2026-04-01 12:05:07 | DEBUG | Starting new HTTPS connection (1): www.w3schools.com:443
2026-04-01 12:05:09 | DEBUG | https://www.w3schools.com:443 "GET /python/python_howto_reverse_string.asp HTTP/1.1" 200 44067
2026-04-01 12:05:09 | DEBUG | Saved cleaned page: scraper/raw_html\python__python_howto_reverse_string.json
2026-04-01 12:05:10 | DEBUG | Starting new HTTPS connection (1): www.w3schools.com:443
2026-04-01 12:05:12 | DEBUG | https://www.w3schools.com:443 "GET /python/python_howto_add_two_numbers.asp HTTP/1.1" 200 43378
2026-04-01 12:05:12 | DEBUG | Saved cleaned page: scraper/raw_html\python__python_howto_add_two_numbers.json
2026-04-01 12:05:13 | DEBUG | Starting new HTTPS connection (1): www.w3schools.com:443
2026-04-01 12:05:15 | DEBUG | https://www.w3schools.com:443 "GET /python/python_compiler.asp HTTP/1.1" 200 44042
2026-04-01 12:05:16 | DEBUG | Saved cleaned page: scraper/raw_html\python__python_compiler.json
2026-04-01 12:05:17 | DEBUG | Starting new HTTPS connection (1): www.w3schools.com:443
2026-04-01 12:05:18 | DEBUG | https://www.w3schools.com:443 "GET /python/python_server.asp HTTP/1.1" 200 53590
2026-04-01 12:05:19 | DEBUG | Saved cleaned page: scraper/raw_html\python__python_server.json
2026-04-01 12:05:19 | DEBUG | Starting new HTTPS connection (1): www.w3schools.com:443
2026-04-01 12:05:20 | DEBUG | https://www.w3schools.com:443 "GET /python/python_syllabus.asp HTTP/1.1" 200 45956
2026-04-01 12:05:20 | DEBUG | Saved cleaned page: scraper/raw_html\python__python_syllabus.json
2026-04-01 12:05:21 | DEBUG | Starting new HTTPS connection (1): www.w3schools.com:443
2026-04-01 12:05:22 | DEBUG | https://www.w3schools.com:443 "GET /python/python_study_plan.asp HTTP/1.1" 200 45260
2026-04-01 12:05:22 | DEBUG | Saved cleaned page: scraper/raw_html\python__python_study_plan.json
2026-04-01 12:05:23 | DEBUG | Starting new HTTPS connection (1): www.w3schools.com:443
2026-04-01 12:05:25 | DEBUG | https://www.w3schools.com:443 "GET /python/python_interview_questions.asp HTTP/1.1" 200 47978
2026-04-01 12:05:25 | DEBUG | Saved cleaned page: scraper/raw_html\python__python_interview_questions.json
2026-04-01 12:05:26 | DEBUG | Starting new HTTPS connection (1): www.w3schools.com:443
2026-04-01 12:05:28 | DEBUG | https://www.w3schools.com:443 "GET /python/python_exam.asp HTTP/1.1" 200 46149
2026-04-01 12:05:29 | DEBUG | Saved cleaned page: scraper/raw_html\python__python_exam.json
2026-04-01 12:05:30 | DEBUG | Starting new HTTPS connection (1): www.w3schools.com:443
2026-04-01 12:05:31 | DEBUG | https://www.w3schools.com:443 "GET /python/python_training.asp HTTP/1.1" 200 45717
2026-04-01 12:05:31 | DEBUG | Saved cleaned page: scraper/raw_html\python__python_training.json
2026-04-01 12:05:32 | DEBUG | Starting new HTTPS connection (1): www.w3schools.com:443
2026-04-01 12:05:32 | DEBUG | https://www.w3schools.com:443 "GET /sql/sql_intro.asp HTTP/1.1" 200 44541
2026-04-01 12:05:32 | DEBUG | Saved cleaned page: scraper/raw_html\sql__sql_intro.json
2026-04-01 12:05:33 | DEBUG | Starting new HTTPS connection (1): www.w3schools.com:443
2026-04-01 12:05:35 | DEBUG | https://www.w3schools.com:443 "GET /sql/sql_syntax.asp HTTP/1.1" 200 44520
2026-04-01 12:05:35 | DEBUG | Saved cleaned page: scraper/raw_html\sql__sql_syntax.json
2026-04-01 12:05:36 | DEBUG | Starting new HTTPS connection (1): www.w3schools.com:443
2026-04-01 12:05:38 | DEBUG | https://www.w3schools.com:443 "GET /sql/sql_select.asp HTTP/1.1" 200 44320
2026-04-01 12:05:38 | DEBUG | Saved cleaned page: scraper/raw_html\sql__sql_select.json
2026-04-01 12:05:39 | DEBUG | Starting new HTTPS connection (1): www.w3schools.com:443
2026-04-01 12:05:41 | DEBUG | https://www.w3schools.com:443 "GET /sql/sql_distinct.asp HTTP/1.1" 200 44551
2026-04-01 12:05:41 | DEBUG | Saved cleaned page: scraper/raw_html\sql__sql_distinct.json
2026-04-01 12:05:42 | DEBUG | Starting new HTTPS connection (1): www.w3schools.com:443
2026-04-01 12:05:44 | DEBUG | https://www.w3schools.com:443 "GET /sql/sql_where.asp HTTP/1.1" 200 44864
2026-04-01 12:05:45 | DEBUG | Saved cleaned page: scraper/raw_html\sql__sql_where.json
2026-04-01 12:05:46 | DEBUG | Starting new HTTPS connection (1): www.w3schools.com:443
2026-04-01 12:05:47 | DEBUG | https://www.w3schools.com:443 "GET /sql/sql_orderby.asp HTTP/1.1" 200 44469
2026-04-01 12:05:47 | DEBUG | Saved cleaned page: scraper/raw_html\sql__sql_orderby.json
2026-04-01 12:05:49 | DEBUG | Starting new HTTPS connection (1): www.w3schools.com:443
2026-04-01 12:05:50 | DEBUG | https://www.w3schools.com:443 "GET /sql/sql_and.asp HTTP/1.1" 200 44741
2026-04-01 12:05:50 | DEBUG | Saved cleaned page: scraper/raw_html\sql__sql_and.json
2026-04-01 12:05:51 | DEBUG | Starting new HTTPS connection (1): www.w3schools.com:443
2026-04-01 12:05:52 | DEBUG | https://www.w3schools.com:443 "GET /sql/sql_or.asp HTTP/1.1" 200 44441
2026-04-01 12:05:52 | DEBUG | Saved cleaned page: scraper/raw_html\sql__sql_or.json
2026-04-01 12:05:53 | DEBUG | Starting new HTTPS connection (1): www.w3schools.com:443
2026-04-01 12:05:54 | DEBUG | https://www.w3schools.com:443 "GET /sql/sql_not.asp HTTP/1.1" 200 44994
2026-04-01 12:05:54 | DEBUG | Saved cleaned page: scraper/raw_html\sql__sql_not.json
2026-04-01 12:05:55 | DEBUG | Starting new HTTPS connection (1): www.w3schools.com:443
2026-04-01 12:05:56 | DEBUG | https://www.w3schools.com:443 "GET /sql/sql_insert.asp HTTP/1.1" 200 44856
2026-04-01 12:05:56 | DEBUG | Saved cleaned page: scraper/raw_html\sql__sql_insert.json
2026-04-01 12:05:57 | DEBUG | Starting new HTTPS connection (1): www.w3schools.com:443
2026-04-01 12:05:58 | DEBUG | https://www.w3schools.com:443 "GET /sql/sql_null_values.asp HTTP/1.1" 200 44710
2026-04-01 12:05:58 | DEBUG | Saved cleaned page: scraper/raw_html\sql__sql_null_values.json
2026-04-01 12:05:59 | DEBUG | Starting new HTTPS connection (1): www.w3schools.com:443
2026-04-01 12:05:59 | DEBUG | https://www.w3schools.com:443 "GET /sql/sql_update.asp HTTP/1.1" 200 44365
2026-04-01 12:05:59 | DEBUG | Saved cleaned page: scraper/raw_html\sql__sql_update.json
2026-04-01 12:06:00 | DEBUG | Starting new HTTPS connection (1): www.w3schools.com:443
2026-04-01 12:06:01 | DEBUG | https://www.w3schools.com:443 "GET /sql/sql_delete.asp HTTP/1.1" 200 44253
2026-04-01 12:06:01 | DEBUG | Saved cleaned page: scraper/raw_html\sql__sql_delete.json
2026-04-01 12:06:02 | DEBUG | Starting new HTTPS connection (1): www.w3schools.com:443
2026-04-01 12:06:03 | DEBUG | https://www.w3schools.com:443 "GET /sql/sql_top.asp HTTP/1.1" 200 44652
2026-04-01 12:06:03 | DEBUG | Saved cleaned page: scraper/raw_html\sql__sql_top.json
2026-04-01 12:06:04 | DEBUG | Starting new HTTPS connection (1): www.w3schools.com:443
2026-04-01 12:06:05 | DEBUG | https://www.w3schools.com:443 "GET /sql/sql_aggregate_functions.asp HTTP/1.1" 200 43498
2026-04-01 12:06:05 | DEBUG | Saved cleaned page: scraper/raw_html\sql__sql_aggregate_functions.json
2026-04-01 12:06:06 | DEBUG | Starting new HTTPS connection (1): www.w3schools.com:443
2026-04-01 12:06:07 | DEBUG | https://www.w3schools.com:443 "GET /sql/sql_min_max.asp HTTP/1.1" 200 44061
2026-04-01 12:06:07 | DEBUG | Saved cleaned page: scraper/raw_html\sql__sql_min_max.json
2026-04-01 12:06:08 | DEBUG | Starting new HTTPS connection (1): www.w3schools.com:443
2026-04-01 12:06:08 | DEBUG | https://www.w3schools.com:443 "GET /sql/sql_max.asp HTTP/1.1" 200 44074
2026-04-01 12:06:08 | DEBUG | Saved cleaned page: scraper/raw_html\sql__sql_max.json
2026-04-01 12:06:09 | DEBUG | Starting new HTTPS connection (1): www.w3schools.com:443
2026-04-01 12:06:10 | DEBUG | https://www.w3schools.com:443 "GET /sql/sql_count.asp HTTP/1.1" 200 44450
2026-04-01 12:06:10 | DEBUG | Saved cleaned page: scraper/raw_html\sql__sql_count.json
2026-04-01 12:06:11 | DEBUG | Starting new HTTPS connection (1): www.w3schools.com:443
2026-04-01 12:06:13 | DEBUG | https://www.w3schools.com:443 "GET /sql/sql_sum.asp HTTP/1.1" 200 44237
2026-04-01 12:06:13 | DEBUG | Saved cleaned page: scraper/raw_html\sql__sql_sum.json
2026-04-01 12:06:14 | DEBUG | Starting new HTTPS connection (1): www.w3schools.com:443
2026-04-01 12:06:15 | DEBUG | https://www.w3schools.com:443 "GET /sql/sql_avg.asp HTTP/1.1" 200 44147
2026-04-01 12:06:15 | DEBUG | Saved cleaned page: scraper/raw_html\sql__sql_avg.json
2026-04-01 12:06:17 | DEBUG | Starting new HTTPS connection (1): www.w3schools.com:443
2026-04-01 12:06:18 | DEBUG | https://www.w3schools.com:443 "GET /sql/sql_like.asp HTTP/1.1" 200 44829
2026-04-01 12:06:18 | DEBUG | Saved cleaned page: scraper/raw_html\sql__sql_like.json
2026-04-01 12:06:19 | DEBUG | Starting new HTTPS connection (1): www.w3schools.com:443
2026-04-01 12:06:20 | DEBUG | https://www.w3schools.com:443 "GET /sql/sql_wildcards.asp HTTP/1.1" 200 45022
2026-04-01 12:06:20 | DEBUG | Saved cleaned page: scraper/raw_html\sql__sql_wildcards.json
2026-04-01 12:06:21 | DEBUG | Starting new HTTPS connection (1): www.w3schools.com:443
2026-04-01 12:06:22 | DEBUG | https://www.w3schools.com:443 "GET /sql/sql_in.asp HTTP/1.1" 200 44447
2026-04-01 12:06:22 | DEBUG | Saved cleaned page: scraper/raw_html\sql__sql_in.json
2026-04-01 12:06:23 | DEBUG | Starting new HTTPS connection (1): www.w3schools.com:443
2026-04-01 12:06:23 | DEBUG | https://www.w3schools.com:443 "GET /sql/sql_between.asp HTTP/1.1" 200 44406
2026-04-01 12:06:23 | DEBUG | Saved cleaned page: scraper/raw_html\sql__sql_between.json
2026-04-01 12:06:25 | DEBUG | Starting new HTTPS connection (1): www.w3schools.com:443
2026-04-01 12:06:25 | DEBUG | https://www.w3schools.com:443 "GET /sql/sql_alias.asp HTTP/1.1" 200 44872
2026-04-01 12:06:25 | DEBUG | Saved cleaned page: scraper/raw_html\sql__sql_alias.json
2026-04-01 12:06:26 | DEBUG | Starting new HTTPS connection (1): www.w3schools.com:443
2026-04-01 12:06:27 | DEBUG | https://www.w3schools.com:443 "GET /sql/sql_join.asp HTTP/1.1" 200 44052
2026-04-01 12:06:27 | DEBUG | Saved cleaned page: scraper/raw_html\sql__sql_join.json
2026-04-01 12:06:28 | DEBUG | Starting new HTTPS connection (1): www.w3schools.com:443
2026-04-01 12:06:29 | DEBUG | https://www.w3schools.com:443 "GET /sql/sql_join_inner.asp HTTP/1.1" 200 44642
2026-04-01 12:06:29 | DEBUG | Saved cleaned page: scraper/raw_html\sql__sql_join_inner.json
2026-04-01 12:06:30 | DEBUG | Starting new HTTPS connection (1): www.w3schools.com:443
2026-04-01 12:06:30 | DEBUG | https://www.w3schools.com:443 "GET /sql/sql_join_left.asp HTTP/1.1" 200 44199
2026-04-01 12:06:31 | DEBUG | Saved cleaned page: scraper/raw_html\sql__sql_join_left.json
2026-04-01 12:06:32 | DEBUG | Starting new HTTPS connection (1): www.w3schools.com:443
2026-04-01 12:06:32 | DEBUG | https://www.w3schools.com:443 "GET /sql/sql_join_right.asp HTTP/1.1" 200 44011
2026-04-01 12:06:33 | DEBUG | Saved cleaned page: scraper/raw_html\sql__sql_join_right.json
2026-04-01 12:06:33 | DEBUG | Starting new HTTPS connection (1): www.w3schools.com:443
2026-04-01 12:06:34 | DEBUG | https://www.w3schools.com:443 "GET /sql/sql_join_full.asp HTTP/1.1" 200 44360
2026-04-01 12:06:34 | DEBUG | Saved cleaned page: scraper/raw_html\sql__sql_join_full.json
2026-04-01 12:06:35 | DEBUG | Starting new HTTPS connection (1): www.w3schools.com:443
2026-04-01 12:06:36 | DEBUG | https://www.w3schools.com:443 "GET /sql/sql_join_self.asp HTTP/1.1" 200 43878
2026-04-01 12:06:36 | DEBUG | Saved cleaned page: scraper/raw_html\sql__sql_join_self.json
2026-04-01 12:06:37 | DEBUG | Starting new HTTPS connection (1): www.w3schools.com:443
2026-04-01 12:06:37 | DEBUG | https://www.w3schools.com:443 "GET /sql/sql_union.asp HTTP/1.1" 200 44577
2026-04-01 12:06:38 | DEBUG | Saved cleaned page: scraper/raw_html\sql__sql_union.json
2026-04-01 12:06:38 | DEBUG | Starting new HTTPS connection (1): www.w3schools.com:443
2026-04-01 12:06:39 | DEBUG | https://www.w3schools.com:443 "GET /sql/sql_union_all.asp HTTP/1.1" 200 44330
2026-04-01 12:06:39 | DEBUG | Saved cleaned page: scraper/raw_html\sql__sql_union_all.json
2026-04-01 12:06:40 | DEBUG | Starting new HTTPS connection (1): www.w3schools.com:443
2026-04-01 12:06:41 | DEBUG | https://www.w3schools.com:443 "GET /sql/sql_groupby.asp HTTP/1.1" 200 44418
2026-04-01 12:06:42 | DEBUG | Saved cleaned page: scraper/raw_html\sql__sql_groupby.json
2026-04-01 12:06:43 | DEBUG | Starting new HTTPS connection (1): www.w3schools.com:443
2026-04-01 12:06:44 | DEBUG | https://www.w3schools.com:443 "GET /sql/sql_having.asp HTTP/1.1" 200 44676
2026-04-01 12:06:44 | DEBUG | Saved cleaned page: scraper/raw_html\sql__sql_having.json
2026-04-01 12:06:45 | DEBUG | Starting new HTTPS connection (1): www.w3schools.com:443
2026-04-01 12:06:47 | DEBUG | https://www.w3schools.com:443 "GET /sql/sql_exists.asp HTTP/1.1" 200 44196
2026-04-01 12:06:47 | DEBUG | Saved cleaned page: scraper/raw_html\sql__sql_exists.json
2026-04-01 12:06:48 | DEBUG | Starting new HTTPS connection (1): www.w3schools.com:443
2026-04-01 12:06:49 | DEBUG | https://www.w3schools.com:443 "GET /sql/sql_any_all.asp HTTP/1.1" 200 43989
2026-04-01 12:06:49 | DEBUG | Saved cleaned page: scraper/raw_html\sql__sql_any_all.json
2026-04-01 12:06:50 | DEBUG | Starting new HTTPS connection (1): www.w3schools.com:443
2026-04-01 12:06:51 | DEBUG | https://www.w3schools.com:443 "GET /sql/sql_all.asp HTTP/1.1" 200 43970
2026-04-01 12:06:51 | DEBUG | Saved cleaned page: scraper/raw_html\sql__sql_all.json
2026-04-01 12:06:53 | DEBUG | Starting new HTTPS connection (1): www.w3schools.com:443
2026-04-01 12:06:53 | DEBUG | https://www.w3schools.com:443 "GET /sql/sql_select_into.asp HTTP/1.1" 200 43906
2026-04-01 12:06:53 | DEBUG | Saved cleaned page: scraper/raw_html\sql__sql_select_into.json
2026-04-01 12:06:54 | DEBUG | Starting new HTTPS connection (1): www.w3schools.com:443
2026-04-01 12:06:55 | DEBUG | https://www.w3schools.com:443 "GET /sql/sql_insert_into_select.asp HTTP/1.1" 200 44245
2026-04-01 12:06:55 | DEBUG | Saved cleaned page: scraper/raw_html\sql__sql_insert_into_select.json
2026-04-01 12:06:56 | DEBUG | Starting new HTTPS connection (1): www.w3schools.com:443
2026-04-01 12:06:57 | DEBUG | https://www.w3schools.com:443 "GET /sql/sql_case.asp HTTP/1.1" 200 43689
2026-04-01 12:06:57 | DEBUG | Saved cleaned page: scraper/raw_html\sql__sql_case.json
2026-04-01 12:06:58 | DEBUG | Starting new HTTPS connection (1): www.w3schools.com:443
2026-04-01 12:06:58 | DEBUG | https://www.w3schools.com:443 "GET /sql/sql_isnull.asp HTTP/1.1" 200 44413
2026-04-01 12:06:58 | DEBUG | Saved cleaned page: scraper/raw_html\sql__sql_isnull.json
2026-04-01 12:07:00 | DEBUG | Starting new HTTPS connection (1): www.w3schools.com:443
2026-04-01 12:07:00 | DEBUG | https://www.w3schools.com:443 "GET /sql/sql_stored_procedures.asp HTTP/1.1" 200 44736
2026-04-01 12:07:00 | DEBUG | Saved cleaned page: scraper/raw_html\sql__sql_stored_procedures.json
2026-04-01 12:07:01 | DEBUG | Starting new HTTPS connection (1): www.w3schools.com:443
2026-04-01 12:07:03 | DEBUG | https://www.w3schools.com:443 "GET /sql/sql_comments.asp HTTP/1.1" 200 43907
2026-04-01 12:07:03 | DEBUG | Saved cleaned page: scraper/raw_html\sql__sql_comments.json
2026-04-01 12:07:04 | DEBUG | Starting new HTTPS connection (1): www.w3schools.com:443
2026-04-01 12:07:05 | DEBUG | https://www.w3schools.com:443 "GET /sql/sql_operators.asp HTTP/1.1" 200 44046
2026-04-01 12:07:05 | DEBUG | Saved cleaned page: scraper/raw_html\sql__sql_operators.json
2026-04-01 12:07:06 | DEBUG | Starting new HTTPS connection (1): www.w3schools.com:443
2026-04-01 12:07:08 | DEBUG | https://www.w3schools.com:443 "GET /sql/sql_create_db.asp HTTP/1.1" 200 43460
2026-04-01 12:07:08 | DEBUG | Saved cleaned page: scraper/raw_html\sql__sql_create_db.json
2026-04-01 12:07:09 | DEBUG | Starting new HTTPS connection (1): www.w3schools.com:443
2026-04-01 12:07:10 | DEBUG | https://www.w3schools.com:443 "GET /sql/sql_drop_db.asp HTTP/1.1" 200 43560
2026-04-01 12:07:10 | DEBUG | Saved cleaned page: scraper/raw_html\sql__sql_drop_db.json
2026-04-01 12:07:12 | DEBUG | Starting new HTTPS connection (1): www.w3schools.com:443
2026-04-01 12:07:14 | DEBUG | https://www.w3schools.com:443 "GET /sql/sql_backup_db.asp HTTP/1.1" 200 43618
2026-04-01 12:07:14 | DEBUG | Saved cleaned page: scraper/raw_html\sql__sql_backup_db.json
2026-04-01 12:07:15 | DEBUG | Starting new HTTPS connection (1): www.w3schools.com:443
2026-04-01 12:07:16 | DEBUG | https://www.w3schools.com:443 "GET /sql/sql_create_table.asp HTTP/1.1" 200 44230
2026-04-01 12:07:16 | DEBUG | Saved cleaned page: scraper/raw_html\sql__sql_create_table.json
2026-04-01 12:07:17 | DEBUG | Starting new HTTPS connection (1): www.w3schools.com:443
2026-04-01 12:07:18 | DEBUG | https://www.w3schools.com:443 "GET /sql/sql_drop_table.asp HTTP/1.1" 200 43639
2026-04-01 12:07:18 | DEBUG | Saved cleaned page: scraper/raw_html\sql__sql_drop_table.json
2026-04-01 12:07:19 | DEBUG | Starting new HTTPS connection (1): www.w3schools.com:443
2026-04-01 12:07:19 | DEBUG | https://www.w3schools.com:443 "GET /sql/sql_alter.asp HTTP/1.1" 200 44580
2026-04-01 12:07:20 | DEBUG | Saved cleaned page: scraper/raw_html\sql__sql_alter.json
2026-04-01 12:07:21 | DEBUG | Starting new HTTPS connection (1): www.w3schools.com:443
2026-04-01 12:07:21 | DEBUG | https://www.w3schools.com:443 "GET /sql/sql_constraints.asp HTTP/1.1" 200 43679
2026-04-01 12:07:21 | DEBUG | Saved cleaned page: scraper/raw_html\sql__sql_constraints.json
2026-04-01 12:07:22 | DEBUG | Starting new HTTPS connection (1): www.w3schools.com:443
2026-04-01 12:07:23 | DEBUG | https://www.w3schools.com:443 "GET /sql/sql_notnull.asp HTTP/1.1" 200 43728
2026-04-01 12:07:23 | DEBUG | Saved cleaned page: scraper/raw_html\sql__sql_notnull.json
2026-04-01 12:07:24 | DEBUG | Starting new HTTPS connection (1): www.w3schools.com:443
2026-04-01 12:07:26 | DEBUG | https://www.w3schools.com:443 "GET /sql/sql_unique.asp HTTP/1.1" 200 43714
2026-04-01 12:07:26 | DEBUG | Saved cleaned page: scraper/raw_html\sql__sql_unique.json
2026-04-01 12:07:27 | DEBUG | Starting new HTTPS connection (1): www.w3schools.com:443
2026-04-01 12:07:29 | DEBUG | https://www.w3schools.com:443 "GET /sql/sql_primarykey.asp HTTP/1.1" 200 43963
2026-04-01 12:07:30 | DEBUG | Saved cleaned page: scraper/raw_html\sql__sql_primarykey.json
2026-04-01 12:07:31 | DEBUG | Starting new HTTPS connection (1): www.w3schools.com:443
2026-04-01 12:07:33 | DEBUG | https://www.w3schools.com:443 "GET /sql/sql_foreignkey.asp HTTP/1.1" 200 43975
2026-04-01 12:07:33 | DEBUG | Saved cleaned page: scraper/raw_html\sql__sql_foreignkey.json
2026-04-01 12:07:34 | DEBUG | Starting new HTTPS connection (1): www.w3schools.com:443
2026-04-01 12:07:36 | DEBUG | https://www.w3schools.com:443 "GET /sql/sql_check.asp HTTP/1.1" 200 43746
2026-04-01 12:07:36 | DEBUG | Saved cleaned page: scraper/raw_html\sql__sql_check.json
2026-04-01 12:07:37 | DEBUG | Starting new HTTPS connection (1): www.w3schools.com:443
2026-04-01 12:07:38 | DEBUG | https://www.w3schools.com:443 "GET /sql/sql_create_index.asp HTTP/1.1" 200 43874
2026-04-01 12:07:38 | DEBUG | Saved cleaned page: scraper/raw_html\sql__sql_create_index.json
2026-04-01 12:07:39 | DEBUG | Starting new HTTPS connection (1): www.w3schools.com:443
2026-04-01 12:07:41 | DEBUG | https://www.w3schools.com:443 "GET /sql/sql_autoincrement.asp HTTP/1.1" 200 44271
2026-04-01 12:07:41 | DEBUG | Saved cleaned page: scraper/raw_html\sql__sql_autoincrement.json
2026-04-01 12:07:42 | DEBUG | Starting new HTTPS connection (1): www.w3schools.com:443
2026-04-01 12:07:44 | DEBUG | https://www.w3schools.com:443 "GET /sql/sql_dates.asp HTTP/1.1" 200 44155
2026-04-01 12:07:44 | DEBUG | Saved cleaned page: scraper/raw_html\sql__sql_dates.json
2026-04-01 12:07:45 | DEBUG | Starting new HTTPS connection (1): www.w3schools.com:443
2026-04-01 12:07:46 | DEBUG | https://www.w3schools.com:443 "GET /sql/sql_view.asp HTTP/1.1" 200 43994
2026-04-01 12:07:47 | DEBUG | Saved cleaned page: scraper/raw_html\sql__sql_view.json
2026-04-01 12:07:47 | DEBUG | Starting new HTTPS connection (1): www.w3schools.com:443
2026-04-01 12:07:49 | DEBUG | https://www.w3schools.com:443 "GET /sql/sql_injection.asp HTTP/1.1" 200 44477
2026-04-01 12:07:49 | DEBUG | Saved cleaned page: scraper/raw_html\sql__sql_injection.json
2026-04-01 12:07:50 | DEBUG | Starting new HTTPS connection (1): www.w3schools.com:443
2026-04-01 12:07:51 | DEBUG | https://www.w3schools.com:443 "GET /sql/sql_parameterized_queries.asp HTTP/1.1" 200 43964
2026-04-01 12:07:51 | DEBUG | Saved cleaned page: scraper/raw_html\sql__sql_parameterized_queries.json
2026-04-01 12:07:53 | DEBUG | Starting new HTTPS connection (1): www.w3schools.com:443
2026-04-01 12:07:54 | DEBUG | https://www.w3schools.com:443 "GET /sql/sql_prepared_statements.asp HTTP/1.1" 200 44827
2026-04-01 12:07:54 | DEBUG | Saved cleaned page: scraper/raw_html\sql__sql_prepared_statements.json
2026-04-01 12:07:55 | DEBUG | Starting new HTTPS connection (1): www.w3schools.com:443
2026-04-01 12:07:56 | DEBUG | https://www.w3schools.com:443 "GET /sql/sql_hosting.asp HTTP/1.1" 200 43629
2026-04-01 12:07:56 | DEBUG | Saved cleaned page: scraper/raw_html\sql__sql_hosting.json
2026-04-01 12:07:57 | DEBUG | Starting new HTTPS connection (1): www.w3schools.com:443
2026-04-01 12:07:58 | DEBUG | https://www.w3schools.com:443 "GET /sql/sql_datatypes.asp HTTP/1.1" 200 47192
2026-04-01 12:07:58 | DEBUG | Saved cleaned page: scraper/raw_html\sql__sql_datatypes.json
2026-04-01 12:07:59 | DEBUG | Starting new HTTPS connection (1): www.w3schools.com:443
2026-04-01 12:08:00 | DEBUG | https://www.w3schools.com:443 "GET /sql/sql_quickref.asp HTTP/1.1" 200 44071
2026-04-01 12:08:00 | DEBUG | Saved cleaned page: scraper/raw_html\sql__sql_quickref.json
2026-04-01 12:08:01 | DEBUG | Starting new HTTPS connection (1): www.w3schools.com:443
2026-04-01 12:08:01 | DEBUG | https://www.w3schools.com:443 "GET /sql/sql_editor.asp HTTP/1.1" 200 44279
2026-04-01 12:08:02 | DEBUG | Saved cleaned page: scraper/raw_html\sql__sql_editor.json
2026-04-01 12:08:03 | DEBUG | Starting new HTTPS connection (1): www.w3schools.com:443
2026-04-01 12:08:03 | DEBUG | https://www.w3schools.com:443 "GET /sql/sql_server.asp HTTP/1.1" 200 53644
2026-04-01 12:08:03 | DEBUG | Saved cleaned page: scraper/raw_html\sql__sql_server.json
2026-04-01 12:08:04 | DEBUG | Starting new HTTPS connection (1): www.w3schools.com:443
2026-04-01 12:08:06 | DEBUG | https://www.w3schools.com:443 "GET /sql/sql_syllabus.asp HTTP/1.1" 200 45665
2026-04-01 12:08:06 | DEBUG | Saved cleaned page: scraper/raw_html\sql__sql_syllabus.json
2026-04-01 12:08:07 | DEBUG | Starting new HTTPS connection (1): www.w3schools.com:443
2026-04-01 12:08:09 | DEBUG | https://www.w3schools.com:443 "GET /sql/sql_study_plan.asp HTTP/1.1" 200 45243
2026-04-01 12:08:09 | DEBUG | Saved cleaned page: scraper/raw_html\sql__sql_study_plan.json
2026-04-01 12:08:10 | DEBUG | Starting new HTTPS connection (1): www.w3schools.com:443
2026-04-01 12:08:12 | DEBUG | https://www.w3schools.com:443 "GET /sql/sql_exam.asp HTTP/1.1" 200 46216
2026-04-01 12:08:13 | DEBUG | Saved cleaned page: scraper/raw_html\sql__sql_exam.json
2026-04-01 12:08:14 | DEBUG | Starting new HTTPS connection (1): www.w3schools.com:443
2026-04-01 12:08:15 | DEBUG | https://www.w3schools.com:443 "GET /sql/sql_training.asp HTTP/1.1" 200 45765
2026-04-01 12:08:15 | DEBUG | Saved cleaned page: scraper/raw_html\sql__sql_training.json
2026-04-01 12:08:16 | DEBUG | Starting new HTTPS connection (1): www.w3schools.com:443
2026-04-01 12:08:18 | DEBUG | https://www.w3schools.com:443 "GET /react/react_intro.asp HTTP/1.1" 200 40489
2026-04-01 12:08:19 | DEBUG | Saved cleaned page: scraper/raw_html\react__react_intro.json
2026-04-01 12:08:20 | DEBUG | Starting new HTTPS connection (1): www.w3schools.com:443
2026-04-01 12:08:21 | DEBUG | https://www.w3schools.com:443 "GET /react/react_getstarted.asp HTTP/1.1" 200 41052
2026-04-01 12:08:21 | DEBUG | Saved cleaned page: scraper/raw_html\react__react_getstarted.json
2026-04-01 12:08:22 | DEBUG | Starting new HTTPS connection (1): www.w3schools.com:443
2026-04-01 12:08:25 | DEBUG | https://www.w3schools.com:443 "GET /react/react_first_app.asp HTTP/1.1" 200 40790
2026-04-01 12:08:25 | DEBUG | Saved cleaned page: scraper/raw_html\react__react_first_app.json
2026-04-01 12:08:26 | DEBUG | Starting new HTTPS connection (1): www.w3schools.com:443
2026-04-01 12:08:28 | DEBUG | https://www.w3schools.com:443 "GET /react/react_render.asp HTTP/1.1" 200 41747
2026-04-01 12:08:28 | DEBUG | Saved cleaned page: scraper/raw_html\react__react_render.json
2026-04-01 12:08:29 | DEBUG | Starting new HTTPS connection (1): www.w3schools.com:443
2026-04-01 12:08:30 | DEBUG | https://www.w3schools.com:443 "GET /react/react_upgrade.asp HTTP/1.1" 200 40294
2026-04-01 12:08:30 | DEBUG | Saved cleaned page: scraper/raw_html\react__react_upgrade.json
2026-04-01 12:08:31 | DEBUG | Starting new HTTPS connection (1): www.w3schools.com:443
2026-04-01 12:08:31 | DEBUG | https://www.w3schools.com:443 "GET /react/react_es6.asp HTTP/1.1" 200 40092
2026-04-01 12:08:31 | DEBUG | Saved cleaned page: scraper/raw_html\react__react_es6.json
2026-04-01 12:08:32 | DEBUG | Starting new HTTPS connection (1): www.w3schools.com:443
2026-04-01 12:08:33 | DEBUG | https://www.w3schools.com:443 "GET /react/react_es6_classes.asp HTTP/1.1" 200 40816
2026-04-01 12:08:33 | DEBUG | Saved cleaned page: scraper/raw_html\react__react_es6_classes.json
2026-04-01 12:08:34 | DEBUG | Starting new HTTPS connection (1): www.w3schools.com:443
2026-04-01 12:08:36 | DEBUG | https://www.w3schools.com:443 "GET /react/react_es6_arrow.asp HTTP/1.1" 200 41027
2026-04-01 12:08:37 | DEBUG | Saved cleaned page: scraper/raw_html\react__react_es6_arrow.json
2026-04-01 12:08:38 | DEBUG | Starting new HTTPS connection (1): www.w3schools.com:443
2026-04-01 12:08:40 | DEBUG | https://www.w3schools.com:443 "GET /react/react_es6_variables.asp HTTP/1.1" 200 40556
2026-04-01 12:08:40 | DEBUG | Saved cleaned page: scraper/raw_html\react__react_es6_variables.json
2026-04-01 12:08:41 | DEBUG | Starting new HTTPS connection (1): www.w3schools.com:443
2026-04-01 12:08:43 | DEBUG | https://www.w3schools.com:443 "GET /react/react_es6_array_map.asp HTTP/1.1" 200 40729
2026-04-01 12:08:43 | DEBUG | Saved cleaned page: scraper/raw_html\react__react_es6_array_map.json
2026-04-01 12:08:45 | DEBUG | Starting new HTTPS connection (1): www.w3schools.com:443
2026-04-01 12:08:47 | DEBUG | https://www.w3schools.com:443 "GET /react/react_es6_destructuring.asp HTTP/1.1" 200 41682
2026-04-01 12:08:47 | DEBUG | Saved cleaned page: scraper/raw_html\react__react_es6_destructuring.json
2026-04-01 12:08:48 | DEBUG | Starting new HTTPS connection (1): www.w3schools.com:443
2026-04-01 12:08:50 | DEBUG | https://www.w3schools.com:443 "GET /react/react_es6_spread.asp HTTP/1.1" 200 40415
2026-04-01 12:08:50 | DEBUG | Saved cleaned page: scraper/raw_html\react__react_es6_spread.json
2026-04-01 12:08:51 | DEBUG | Starting new HTTPS connection (1): www.w3schools.com:443
2026-04-01 12:08:52 | DEBUG | https://www.w3schools.com:443 "GET /react/react_es6_modules.asp HTTP/1.1" 200 40600
2026-04-01 12:08:52 | DEBUG | Saved cleaned page: scraper/raw_html\react__react_es6_modules.json
2026-04-01 12:08:53 | DEBUG | Starting new HTTPS connection (1): www.w3schools.com:443
2026-04-01 12:08:54 | DEBUG | https://www.w3schools.com:443 "GET /react/react_es6_ternary.asp HTTP/1.1" 200 40127
2026-04-01 12:08:54 | DEBUG | Saved cleaned page: scraper/raw_html\react__react_es6_ternary.json
2026-04-01 12:08:55 | DEBUG | Starting new HTTPS connection (1): www.w3schools.com:443
2026-04-01 12:08:55 | DEBUG | https://www.w3schools.com:443 "GET /react/react_es6_template_strings.asp HTTP/1.1" 200 41419
2026-04-01 12:08:56 | DEBUG | Saved cleaned page: scraper/raw_html\react__react_es6_template_strings.json
2026-04-01 12:08:57 | DEBUG | Starting new HTTPS connection (1): www.w3schools.com:443
2026-04-01 12:08:57 | DEBUG | https://www.w3schools.com:443 "GET /react/react_jsx.asp HTTP/1.1" 200 41745
2026-04-01 12:08:57 | DEBUG | Saved cleaned page: scraper/raw_html\react__react_jsx.json
2026-04-01 12:08:58 | DEBUG | Starting new HTTPS connection (1): www.w3schools.com:443
2026-04-01 12:08:59 | DEBUG | https://www.w3schools.com:443 "GET /react/react_jsx_expressions.asp HTTP/1.1" 200 40457
2026-04-01 12:08:59 | DEBUG | Saved cleaned page: scraper/raw_html\react__react_jsx_expressions.json
2026-04-01 12:09:00 | DEBUG | Starting new HTTPS connection (1): www.w3schools.com:443
2026-04-01 12:09:01 | DEBUG | https://www.w3schools.com:443 "GET /react/react_jsx_attributes.asp HTTP/1.1" 200 41013
2026-04-01 12:09:02 | DEBUG | Saved cleaned page: scraper/raw_html\react__react_jsx_attributes.json
2026-04-01 12:09:03 | DEBUG | Starting new HTTPS connection (1): www.w3schools.com:443
2026-04-01 12:09:04 | DEBUG | https://www.w3schools.com:443 "GET /react/react_jsx_if_statements.asp HTTP/1.1" 200 40351
2026-04-01 12:09:04 | DEBUG | Saved cleaned page: scraper/raw_html\react__react_jsx_if_statements.json
2026-04-01 12:09:05 | DEBUG | Starting new HTTPS connection (1): www.w3schools.com:443
2026-04-01 12:09:07 | DEBUG | https://www.w3schools.com:443 "GET /react/react_components.asp HTTP/1.1" 200 41415
2026-04-01 12:09:07 | DEBUG | Saved cleaned page: scraper/raw_html\react__react_components.json
2026-04-01 12:09:08 | DEBUG | Starting new HTTPS connection (1): www.w3schools.com:443
2026-04-01 12:09:10 | DEBUG | https://www.w3schools.com:443 "GET /react/react_class.asp HTTP/1.1" 200 44763
2026-04-01 12:09:11 | DEBUG | Saved cleaned page: scraper/raw_html\react__react_class.json
2026-04-01 12:09:12 | DEBUG | Starting new HTTPS connection (1): www.w3schools.com:443
2026-04-01 12:09:13 | DEBUG | https://www.w3schools.com:443 "GET /react/react_props.asp HTTP/1.1" 200 41257
2026-04-01 12:09:13 | DEBUG | Saved cleaned page: scraper/raw_html\react__react_props.json
2026-04-01 12:09:14 | DEBUG | Starting new HTTPS connection (1): www.w3schools.com:443
2026-04-01 12:09:15 | DEBUG | https://www.w3schools.com:443 "GET /react/react_props_destructuring.asp HTTP/1.1" 200 40663
2026-04-01 12:09:15 | DEBUG | Saved cleaned page: scraper/raw_html\react__react_props_destructuring.json
2026-04-01 12:09:16 | DEBUG | Starting new HTTPS connection (1): www.w3schools.com:443
2026-04-01 12:09:17 | DEBUG | https://www.w3schools.com:443 "GET /react/react_props_children.asp HTTP/1.1" 200 40326
2026-04-01 12:09:17 | DEBUG | Saved cleaned page: scraper/raw_html\react__react_props_children.json
2026-04-01 12:09:18 | DEBUG | Starting new HTTPS connection (1): www.w3schools.com:443
2026-04-01 12:09:19 | DEBUG | https://www.w3schools.com:443 "GET /react/react_events.asp HTTP/1.1" 200 40689
2026-04-01 12:09:19 | DEBUG | Saved cleaned page: scraper/raw_html\react__react_events.json
2026-04-01 12:09:20 | DEBUG | Starting new HTTPS connection (1): www.w3schools.com:443
2026-04-01 12:09:20 | DEBUG | https://www.w3schools.com:443 "GET /react/react_conditional_rendering.asp HTTP/1.1" 200 40769
2026-04-01 12:09:20 | DEBUG | Saved cleaned page: scraper/raw_html\react__react_conditional_rendering.json
2026-04-01 12:09:21 | DEBUG | Starting new HTTPS connection (1): www.w3schools.com:443
2026-04-01 12:09:22 | DEBUG | https://www.w3schools.com:443 "GET /react/react_lists.asp HTTP/1.1" 200 40821
2026-04-01 12:09:22 | DEBUG | Saved cleaned page: scraper/raw_html\react__react_lists.json
2026-04-01 12:09:23 | DEBUG | Starting new HTTPS connection (1): www.w3schools.com:443
2026-04-01 12:09:24 | DEBUG | https://www.w3schools.com:443 "GET /react/react_forms.asp HTTP/1.1" 200 41252
2026-04-01 12:09:24 | DEBUG | Saved cleaned page: scraper/raw_html\react__react_forms.json
2026-04-01 12:09:25 | DEBUG | Starting new HTTPS connection (1): www.w3schools.com:443
2026-04-01 12:09:25 | DEBUG | https://www.w3schools.com:443 "GET /react/react_forms_submit.asp HTTP/1.1" 200 40260
2026-04-01 12:09:25 | DEBUG | Saved cleaned page: scraper/raw_html\react__react_forms_submit.json
2026-04-01 12:09:26 | DEBUG | Starting new HTTPS connection (1): www.w3schools.com:443
2026-04-01 12:09:27 | DEBUG | https://www.w3schools.com:443 "GET /react/react_forms_textarea.asp HTTP/1.1" 200 40425
2026-04-01 12:09:27 | DEBUG | Saved cleaned page: scraper/raw_html\react__react_forms_textarea.json
2026-04-01 12:09:28 | DEBUG | Starting new HTTPS connection (1): www.w3schools.com:443
2026-04-01 12:09:29 | DEBUG | https://www.w3schools.com:443 "GET /react/react_forms_select.asp HTTP/1.1" 200 40378
2026-04-01 12:09:29 | DEBUG | Saved cleaned page: scraper/raw_html\react__react_forms_select.json
2026-04-01 12:09:30 | DEBUG | Starting new HTTPS connection (1): www.w3schools.com:443
2026-04-01 12:09:30 | DEBUG | https://www.w3schools.com:443 "GET /react/react_forms_multiple_inputs.asp HTTP/1.1" 200 40983
2026-04-01 12:09:31 | DEBUG | Saved cleaned page: scraper/raw_html\react__react_forms_multiple_inputs.json
2026-04-01 12:09:32 | DEBUG | Starting new HTTPS connection (1): www.w3schools.com:443
2026-04-01 12:09:32 | DEBUG | https://www.w3schools.com:443 "GET /react/react_forms_checkbox.asp HTTP/1.1" 200 40756
2026-04-01 12:09:32 | DEBUG | Saved cleaned page: scraper/raw_html\react__react_forms_checkbox.json
2026-04-01 12:09:33 | DEBUG | Starting new HTTPS connection (1): www.w3schools.com:443
2026-04-01 12:09:34 | DEBUG | https://www.w3schools.com:443 "GET /react/react_forms_radio.asp HTTP/1.1" 200 40476
2026-04-01 12:09:34 | DEBUG | Saved cleaned page: scraper/raw_html\react__react_forms_radio.json
2026-04-01 12:09:35 | DEBUG | Starting new HTTPS connection (1): www.w3schools.com:443
2026-04-01 12:09:36 | DEBUG | https://www.w3schools.com:443 "GET /react/react_portals.asp HTTP/1.1" 200 41905
2026-04-01 12:09:36 | DEBUG | Saved cleaned page: scraper/raw_html\react__react_portals.json
2026-04-01 12:09:37 | DEBUG | Starting new HTTPS connection (1): www.w3schools.com:443
2026-04-01 12:09:38 | DEBUG | https://www.w3schools.com:443 "GET /react/react_suspense.asp HTTP/1.1" 200 40929
2026-04-01 12:09:38 | DEBUG | Saved cleaned page: scraper/raw_html\react__react_suspense.json
2026-04-01 12:09:39 | DEBUG | Starting new HTTPS connection (1): www.w3schools.com:443
2026-04-01 12:09:40 | DEBUG | https://www.w3schools.com:443 "GET /react/react_css_styling.asp HTTP/1.1" 200 41356
2026-04-01 12:09:40 | DEBUG | Saved cleaned page: scraper/raw_html\react__react_css_styling.json
2026-04-01 12:09:41 | DEBUG | Starting new HTTPS connection (1): www.w3schools.com:443
2026-04-01 12:09:41 | DEBUG | https://www.w3schools.com:443 "GET /react/react_css_modules.asp HTTP/1.1" 200 41648
2026-04-01 12:09:41 | DEBUG | Saved cleaned page: scraper/raw_html\react__react_css_modules.json
2026-04-01 12:09:43 | DEBUG | Starting new HTTPS connection (1): www.w3schools.com:443
2026-04-01 12:09:43 | DEBUG | https://www.w3schools.com:443 "GET /react/react_css_js.asp HTTP/1.1" 200 41494
2026-04-01 12:09:43 | DEBUG | Saved cleaned page: scraper/raw_html\react__react_css_js.json
2026-04-01 12:09:44 | DEBUG | Starting new HTTPS connection (1): www.w3schools.com:443
2026-04-01 12:09:45 | DEBUG | https://www.w3schools.com:443 "GET /react/react_router.asp HTTP/1.1" 200 42734
2026-04-01 12:09:45 | DEBUG | Saved cleaned page: scraper/raw_html\react__react_router.json
2026-04-01 12:09:46 | DEBUG | Starting new HTTPS connection (1): www.w3schools.com:443
2026-04-01 12:09:47 | DEBUG | https://www.w3schools.com:443 "GET /react/react_transitions.asp HTTP/1.1" 200 41085
2026-04-01 12:09:47 | DEBUG | Saved cleaned page: scraper/raw_html\react__react_transitions.json
2026-04-01 12:09:48 | DEBUG | Starting new HTTPS connection (1): www.w3schools.com:443
2026-04-01 12:09:49 | DEBUG | https://www.w3schools.com:443 "GET /react/react_hoc.asp HTTP/1.1" 200 40725
2026-04-01 12:09:50 | DEBUG | Saved cleaned page: scraper/raw_html\react__react_hoc.json
2026-04-01 12:09:51 | DEBUG | Starting new HTTPS connection (1): www.w3schools.com:443
2026-04-01 12:09:52 | DEBUG | https://www.w3schools.com:443 "GET /react/react_sass_styling.asp HTTP/1.1" 200 40778
2026-04-01 12:09:52 | DEBUG | Saved cleaned page: scraper/raw_html\react__react_sass_styling.json
2026-04-01 12:09:53 | DEBUG | Starting new HTTPS connection (1): www.w3schools.com:443
2026-04-01 12:09:54 | DEBUG | https://www.w3schools.com:443 "GET /react/react_hooks.asp HTTP/1.1" 200 40720
2026-04-01 12:09:54 | DEBUG | Saved cleaned page: scraper/raw_html\react__react_hooks.json
2026-04-01 12:09:55 | DEBUG | Starting new HTTPS connection (1): www.w3schools.com:443
2026-04-01 12:09:58 | DEBUG | https://www.w3schools.com:443 "GET /react/react_usestate.asp HTTP/1.1" 200 41670
2026-04-01 12:09:58 | DEBUG | Saved cleaned page: scraper/raw_html\react__react_usestate.json
2026-04-01 12:09:59 | DEBUG | Starting new HTTPS connection (1): www.w3schools.com:443
2026-04-01 12:10:02 | DEBUG | https://www.w3schools.com:443 "GET /react/react_useeffect.asp HTTP/1.1" 200 41195
2026-04-01 12:10:02 | DEBUG | Saved cleaned page: scraper/raw_html\react__react_useeffect.json
2026-04-01 12:10:03 | DEBUG | Starting new HTTPS connection (1): www.w3schools.com:443
2026-04-01 12:10:06 | DEBUG | https://www.w3schools.com:443 "GET /react/react_usecontext.asp HTTP/1.1" 200 40946
2026-04-01 12:10:06 | DEBUG | Saved cleaned page: scraper/raw_html\react__react_usecontext.json
2026-04-01 12:10:07 | DEBUG | Starting new HTTPS connection (1): www.w3schools.com:443
2026-04-01 12:10:10 | DEBUG | https://www.w3schools.com:443 "GET /react/react_useref.asp HTTP/1.1" 200 41148
2026-04-01 12:10:10 | DEBUG | Saved cleaned page: scraper/raw_html\react__react_useref.json
2026-04-01 12:10:11 | DEBUG | Starting new HTTPS connection (1): www.w3schools.com:443
2026-04-01 12:10:13 | DEBUG | https://www.w3schools.com:443 "GET /react/react_usereducer.asp HTTP/1.1" 200 40715
2026-04-01 12:10:13 | DEBUG | Saved cleaned page: scraper/raw_html\react__react_usereducer.json
2026-04-01 12:10:14 | DEBUG | Starting new HTTPS connection (1): www.w3schools.com:443
2026-04-01 12:10:16 | DEBUG | https://www.w3schools.com:443 "GET /react/react_usecallback.asp HTTP/1.1" 200 41039
2026-04-01 12:10:16 | DEBUG | Saved cleaned page: scraper/raw_html\react__react_usecallback.json
2026-04-01 12:10:18 | DEBUG | Starting new HTTPS connection (1): www.w3schools.com:443
2026-04-01 12:10:20 | DEBUG | https://www.w3schools.com:443 "GET /react/react_usememo.asp HTTP/1.1" 200 41033
2026-04-01 12:10:21 | DEBUG | Saved cleaned page: scraper/raw_html\react__react_usememo.json
2026-04-01 12:10:22 | DEBUG | Starting new HTTPS connection (1): www.w3schools.com:443
2026-04-01 12:10:24 | DEBUG | https://www.w3schools.com:443 "GET /react/react_customhooks.asp HTTP/1.1" 200 41024
2026-04-01 12:10:25 | DEBUG | Saved cleaned page: scraper/raw_html\react__react_customhooks.json
2026-04-01 12:10:26 | DEBUG | Starting new HTTPS connection (1): www.w3schools.com:443
2026-04-01 12:10:28 | DEBUG | https://www.w3schools.com:443 "GET /react/react_compiler.asp HTTP/1.1" 200 41366
2026-04-01 12:10:28 | DEBUG | Saved cleaned page: scraper/raw_html\react__react_compiler.json
2026-04-01 12:10:30 | DEBUG | Starting new HTTPS connection (1): www.w3schools.com:443
2026-04-01 12:10:32 | DEBUG | https://www.w3schools.com:443 "GET /react/react_syllabus.asp HTTP/1.1" 200 42698
2026-04-01 12:10:32 | DEBUG | Saved cleaned page: scraper/raw_html\react__react_syllabus.json
2026-04-01 12:10:33 | DEBUG | Starting new HTTPS connection (1): www.w3schools.com:443
2026-04-01 12:10:36 | DEBUG | https://www.w3schools.com:443 "GET /react/react_study_plan.asp HTTP/1.1" 200 42006
2026-04-01 12:10:36 | DEBUG | Saved cleaned page: scraper/raw_html\react__react_study_plan.json
2026-04-01 12:10:37 | DEBUG | Starting new HTTPS connection (1): www.w3schools.com:443
2026-04-01 12:10:38 | DEBUG | https://www.w3schools.com:443 "GET /react/react_server.asp HTTP/1.1" 200 50390
2026-04-01 12:10:38 | DEBUG | Saved cleaned page: scraper/raw_html\react__react_server.json
2026-04-01 12:10:40 | DEBUG | Starting new HTTPS connection (1): www.w3schools.com:443
2026-04-01 12:10:41 | DEBUG | https://www.w3schools.com:443 "GET /react/react_interview_prep.asp HTTP/1.1" 200 41979
2026-04-01 12:10:41 | DEBUG | Saved cleaned page: scraper/raw_html\react__react_interview_prep.json
2026-04-01 12:10:42 | DEBUG | Starting new HTTPS connection (1): www.w3schools.com:443
2026-04-01 12:10:43 | DEBUG | https://www.w3schools.com:443 "GET /react/react_exam.asp HTTP/1.1" 200 43026
2026-04-01 12:10:43 | DEBUG | Saved cleaned page: scraper/raw_html\react__react_exam.json
2026-04-01 12:10:44 | INFO | Already scraped, loading from disk: https://www.w3schools.com/html/HTML_exam.asp
2026-04-01 12:10:45 | INFO | Already scraped, loading from disk: https://www.w3schools.com/html/HTML_syllabus.asp
2026-04-01 12:10:46 | DEBUG | Starting new HTTPS connection (1): www.w3schools.com:443
2026-04-01 12:10:47 | DEBUG | https://www.w3schools.com:443 "GET /html/html_study_plan.png HTTP/1.1" 200 330038
2026-04-01 12:10:47 | DEBUG | Encoding detection: Unable to determine any suitable charset.
2026-04-01 12:10:47 | WARNING | No div#main found for https://www.w3schools.com/html/html_study_plan.png, skipping
2026-04-01 12:10:47 | DEBUG | Saved cleaned page: scraper/raw_html\html__html_study_plan.png.json
2026-04-01 12:10:48 | DEBUG | Starting new HTTPS connection (1): www.w3schools.com:443
2026-04-01 12:10:50 | DEBUG | https://www.w3schools.com:443 "GET /css/css_icons_fontawesome.asp HTTP/1.1" 404 9496
2026-04-01 12:10:50 | WARNING | Attempt 1 failed for https://www.w3schools.com/css/css_icons_fontawesome.asp: 404 Client Error: Not Found for url: https://www.w3schools.com/css/css_icons_fontawesome.asp
2026-04-01 12:10:52 | DEBUG | Starting new HTTPS connection (1): www.w3schools.com:443
2026-04-01 12:10:53 | DEBUG | https://www.w3schools.com:443 "GET /css/css_icons_fontawesome.asp HTTP/1.1" 404 9496
2026-04-01 12:10:53 | WARNING | Attempt 2 failed for https://www.w3schools.com/css/css_icons_fontawesome.asp: 404 Client Error: Not Found for url: https://www.w3schools.com/css/css_icons_fontawesome.asp
2026-04-01 12:10:55 | DEBUG | Starting new HTTPS connection (1): www.w3schools.com:443
2026-04-01 12:10:56 | DEBUG | https://www.w3schools.com:443 "GET /css/css_icons_fontawesome.asp HTTP/1.1" 404 9496
2026-04-01 12:10:56 | WARNING | Attempt 3 failed for https://www.w3schools.com/css/css_icons_fontawesome.asp: 404 Client Error: Not Found for url: https://www.w3schools.com/css/css_icons_fontawesome.asp
2026-04-01 12:10:56 | ERROR | All retries exhausted for https://www.w3schools.com/css/css_icons_fontawesome.asp
2026-04-01 12:10:56 | DEBUG | Recorded failed URL https://www.w3schools.com/css/css_icons_fontawesome.asp
2026-04-01 12:10:57 | DEBUG | Starting new HTTPS connection (1): www.w3schools.com:443
2026-04-01 12:10:58 | DEBUG | https://www.w3schools.com:443 "GET /css/css_link_states.asp HTTP/1.1" 404 9496
2026-04-01 12:10:58 | WARNING | Attempt 1 failed for https://www.w3schools.com/css/css_link_states.asp: 404 Client Error: Not Found for url: https://www.w3schools.com/css/css_link_states.asp
2026-04-01 12:11:00 | DEBUG | Starting new HTTPS connection (1): www.w3schools.com:443
2026-04-01 12:11:02 | DEBUG | https://www.w3schools.com:443 "GET /css/css_link_states.asp HTTP/1.1" 404 9496
2026-04-01 12:11:02 | WARNING | Attempt 2 failed for https://www.w3schools.com/css/css_link_states.asp: 404 Client Error: Not Found for url: https://www.w3schools.com/css/css_link_states.asp
2026-04-01 12:11:04 | DEBUG | Starting new HTTPS connection (1): www.w3schools.com:443
2026-04-01 12:11:05 | DEBUG | https://www.w3schools.com:443 "GET /css/css_link_states.asp HTTP/1.1" 404 9496
2026-04-01 12:11:05 | WARNING | Attempt 3 failed for https://www.w3schools.com/css/css_link_states.asp: 404 Client Error: Not Found for url: https://www.w3schools.com/css/css_link_states.asp
2026-04-01 12:11:05 | ERROR | All retries exhausted for https://www.w3schools.com/css/css_link_states.asp
2026-04-01 12:11:05 | DEBUG | Recorded failed URL https://www.w3schools.com/css/css_link_states.asp
2026-04-01 12:11:06 | DEBUG | Starting new HTTPS connection (1): www.w3schools.com:443
2026-04-01 12:11:08 | DEBUG | https://www.w3schools.com:443 "GET /css/css_list_markers.asp HTTP/1.1" 200 43845
2026-04-01 12:11:08 | DEBUG | Saved cleaned page: scraper/raw_html\css__css_list_markers.json
2026-04-01 12:11:10 | DEBUG | Starting new HTTPS connection (1): www.w3schools.com:443
2026-04-01 12:11:11 | DEBUG | https://www.w3schools.com:443 "GET /sql/sql_and_or.asp HTTP/1.1" 301 84
2026-04-01 12:11:11 | DEBUG | https://www.w3schools.com:443 "GET /sql/sql_and.asp HTTP/1.1" 200 44741
2026-04-01 12:11:11 | DEBUG | Saved cleaned page: scraper/raw_html\sql__sql_and_or.json
2026-04-01 12:11:12 | DEBUG | Starting new HTTPS connection (1): www.w3schools.com:443
2026-04-01 12:11:13 | DEBUG | https://www.w3schools.com:443 "GET /sql/sql_count_avg_sum.asp HTTP/1.1" 200 44239
2026-04-01 12:11:13 | DEBUG | Saved cleaned page: scraper/raw_html\sql__sql_count_avg_sum.json
2026-04-01 12:11:14 | DEBUG | Starting new HTTPS connection (1): www.w3schools.com:443
2026-04-01 12:11:15 | DEBUG | https://www.w3schools.com:443 "GET /css/css_positioning.asp HTTP/1.1" 301 84
2026-04-01 12:11:15 | DEBUG | https://www.w3schools.com:443 "GET /css/css_position.asp HTTP/1.1" 200 43429
2026-04-01 12:11:15 | DEBUG | Saved cleaned page: scraper/raw_html\css__css_positioning.json
2026-04-01 12:11:17 | DEBUG | Starting new HTTPS connection (1): www.w3schools.com:443
2026-04-01 12:11:18 | DEBUG | https://www.w3schools.com:443 "GET /css/css_navbar_horizontal_fixed.asp HTTP/1.1" 200 44051
2026-04-01 12:11:18 | DEBUG | Saved cleaned page: scraper/raw_html\css__css_navbar_horizontal_fixed.json
2026-04-01 12:11:19 | DEBUG | Starting new HTTPS connection (1): www.w3schools.com:443
2026-04-01 12:11:20 | DEBUG | https://www.w3schools.com:443 "GET /css/css_form.asp HTTP/1.1" 200 43623
2026-04-01 12:11:20 | DEBUG | Saved cleaned page: scraper/raw_html\css__css_form.json
2026-04-01 12:11:21 | INFO | Already scraped, loading from disk: https://www.w3schools.com/css/CSS_exam.asp
2026-04-01 12:11:23 | INFO | Already scraped, loading from disk: https://www.w3schools.com/css/CSS_syllabus.asp
2026-04-01 12:11:23 | DEBUG | Starting new HTTPS connection (1): www.w3schools.com:443
2026-04-01 12:11:25 | DEBUG | https://www.w3schools.com:443 "GET /css/css_study_plan.png HTTP/1.1" 200 847694
2026-04-01 12:11:26 | DEBUG | Encoding detection: Unable to determine any suitable charset.
2026-04-01 12:11:26 | WARNING | No div#main found for https://www.w3schools.com/css/css_study_plan.png, skipping
2026-04-01 12:11:26 | DEBUG | Saved cleaned page: scraper/raw_html\css__css_study_plan.png.json
2026-04-01 12:11:27 | DEBUG | Starting new HTTPS connection (1): www.w3schools.com:443
2026-04-01 12:11:28 | DEBUG | https://www.w3schools.com:443 "GET /js/js_object_constructor.asp HTTP/1.1" 301 85
2026-04-01 12:11:28 | DEBUG | https://www.w3schools.com:443 "GET /js/js_object_constructors.asp HTTP/1.1" 200 43959
2026-04-01 12:11:28 | DEBUG | Saved cleaned page: scraper/raw_html\js__js_object_constructor.json
2026-04-01 12:11:29 | DEBUG | Starting new HTTPS connection (1): www.w3schools.com:443
2026-04-01 12:11:30 | DEBUG | https://www.w3schools.com:443 "GET /js/js_temporal_plainyearmont.asp HTTP/1.1" 404 9496
2026-04-01 12:11:30 | WARNING | Attempt 1 failed for https://www.w3schools.com/js/js_temporal_plainyearmont.asp: 404 Client Error: Not Found for url: https://www.w3schools.com/js/js_temporal_plainyearmont.asp
2026-04-01 12:11:32 | DEBUG | Starting new HTTPS connection (1): www.w3schools.com:443
2026-04-01 12:11:33 | DEBUG | https://www.w3schools.com:443 "GET /js/js_temporal_plainyearmont.asp HTTP/1.1" 404 9496
2026-04-01 12:11:33 | WARNING | Attempt 2 failed for https://www.w3schools.com/js/js_temporal_plainyearmont.asp: 404 Client Error: Not Found for url: https://www.w3schools.com/js/js_temporal_plainyearmont.asp
2026-04-01 12:11:35 | DEBUG | Starting new HTTPS connection (1): www.w3schools.com:443
2026-04-01 12:11:35 | DEBUG | https://www.w3schools.com:443 "GET /js/js_temporal_plainyearmont.asp HTTP/1.1" 404 9496
2026-04-01 12:11:36 | WARNING | Attempt 3 failed for https://www.w3schools.com/js/js_temporal_plainyearmont.asp: 404 Client Error: Not Found for url: https://www.w3schools.com/js/js_temporal_plainyearmont.asp
2026-04-01 12:11:36 | ERROR | All retries exhausted for https://www.w3schools.com/js/js_temporal_plainyearmont.asp
2026-04-01 12:11:36 | DEBUG | Recorded failed URL https://www.w3schools.com/js/js_temporal_plainyearmont.asp
2026-04-01 12:11:37 | DEBUG | Starting new HTTPS connection (1): www.w3schools.com:443
2026-04-01 12:11:38 | DEBUG | https://www.w3schools.com:443 "GET /js/js_news.asp HTTP/1.1" 301 85
2026-04-01 12:11:38 | DEBUG | https://www.w3schools.com:443 "GET /js/js_versions.asp HTTP/1.1" 200 43645
2026-04-01 12:11:38 | DEBUG | Saved cleaned page: scraper/raw_html\js__js_news.json
2026-04-01 12:11:39 | DEBUG | Starting new HTTPS connection (1): www.w3schools.com:443
2026-04-01 12:11:40 | DEBUG | https://www.w3schools.com:443 "GET /js/js_loop_forin.asp HTTP/1.1" 200 43579
2026-04-01 12:11:40 | DEBUG | Saved cleaned page: scraper/raw_html\js__js_loop_forin.json
2026-04-01 12:11:41 | DEBUG | Starting new HTTPS connection (1): www.w3schools.com:443
2026-04-01 12:11:42 | DEBUG | https://www.w3schools.com:443 "GET /js/js_object_maps.asp HTTP/1.1" 301 85
2026-04-01 12:11:42 | DEBUG | https://www.w3schools.com:443 "GET /js/js_maps.asp HTTP/1.1" 200 43827
2026-04-01 12:11:42 | DEBUG | Saved cleaned page: scraper/raw_html\js__js_object_maps.json
2026-04-01 12:11:43 | DEBUG | Starting new HTTPS connection (1): www.w3schools.com:443
2026-04-01 12:11:44 | DEBUG | https://www.w3schools.com:443 "GET /js/js_object_sets.asp HTTP/1.1" 301 85
2026-04-01 12:11:44 | DEBUG | https://www.w3schools.com:443 "GET /js/js_sets.asp HTTP/1.1" 200 43322
2026-04-01 12:11:44 | DEBUG | Saved cleaned page: scraper/raw_html\js__js_object_sets.json
2026-04-01 12:11:45 | DEBUG | Starting new HTTPS connection (1): www.w3schools.com:443
2026-04-01 12:11:46 | DEBUG | https://www.w3schools.com:443 "GET /js/js_data_types.asp HTTP/1.1" 404 9496
2026-04-01 12:11:46 | WARNING | Attempt 1 failed for https://www.w3schools.com/js/js_data_types.asp: 404 Client Error: Not Found for url: https://www.w3schools.com/js/js_data_types.asp
2026-04-01 12:11:48 | DEBUG | Starting new HTTPS connection (1): www.w3schools.com:443
2026-04-01 12:11:49 | DEBUG | https://www.w3schools.com:443 "GET /js/js_data_types.asp HTTP/1.1" 404 9496
2026-04-01 12:11:49 | WARNING | Attempt 2 failed for https://www.w3schools.com/js/js_data_types.asp: 404 Client Error: Not Found for url: https://www.w3schools.com/js/js_data_types.asp
2026-04-01 12:11:51 | DEBUG | Starting new HTTPS connection (1): www.w3schools.com:443
2026-04-01 12:11:52 | DEBUG | https://www.w3schools.com:443 "GET /js/js_data_types.asp HTTP/1.1" 404 9496
2026-04-01 12:11:52 | WARNING | Attempt 3 failed for https://www.w3schools.com/js/js_data_types.asp: 404 Client Error: Not Found for url: https://www.w3schools.com/js/js_data_types.asp
2026-04-01 12:11:52 | ERROR | All retries exhausted for https://www.w3schools.com/js/js_data_types.asp
2026-04-01 12:11:52 | DEBUG | Recorded failed URL https://www.w3schools.com/js/js_data_types.asp
2026-04-01 12:11:53 | DEBUG | Starting new HTTPS connection (1): www.w3schools.com:443
2026-04-01 12:11:54 | DEBUG | https://www.w3schools.com:443 "GET /js/js_style_guide.asp HTTP/1.1" 404 9496
2026-04-01 12:11:54 | WARNING | Attempt 1 failed for https://www.w3schools.com/js/js_style_guide.asp: 404 Client Error: Not Found for url: https://www.w3schools.com/js/js_style_guide.asp
2026-04-01 12:11:56 | DEBUG | Starting new HTTPS connection (1): www.w3schools.com:443
2026-04-01 12:11:57 | DEBUG | https://www.w3schools.com:443 "GET /js/js_style_guide.asp HTTP/1.1" 404 9496
2026-04-01 12:11:57 | WARNING | Attempt 2 failed for https://www.w3schools.com/js/js_style_guide.asp: 404 Client Error: Not Found for url: https://www.w3schools.com/js/js_style_guide.asp
2026-04-01 12:11:59 | DEBUG | Starting new HTTPS connection (1): www.w3schools.com:443
2026-04-01 12:12:00 | DEBUG | https://www.w3schools.com:443 "GET /js/js_style_guide.asp HTTP/1.1" 404 9496
2026-04-01 12:12:00 | WARNING | Attempt 3 failed for https://www.w3schools.com/js/js_style_guide.asp: 404 Client Error: Not Found for url: https://www.w3schools.com/js/js_style_guide.asp
2026-04-01 12:12:00 | ERROR | All retries exhausted for https://www.w3schools.com/js/js_style_guide.asp
2026-04-01 12:12:00 | DEBUG | Recorded failed URL https://www.w3schools.com/js/js_style_guide.asp
2026-04-01 12:12:01 | DEBUG | Starting new HTTPS connection (1): www.w3schools.com:443
2026-04-01 12:12:02 | DEBUG | https://www.w3schools.com:443 "GET /js/js_class_intro.asp HTTP/1.1" 301 85
2026-04-01 12:12:03 | DEBUG | https://www.w3schools.com:443 "GET /js/js_classes.asp HTTP/1.1" 200 43605
2026-04-01 12:12:03 | DEBUG | Saved cleaned page: scraper/raw_html\js__js_class_intro.json
2026-04-01 12:12:04 | DEBUG | Starting new HTTPS connection (1): www.w3schools.com:443
2026-04-01 12:12:05 | DEBUG | https://www.w3schools.com:443 "GET /js/js_study_plan.png HTTP/1.1" 200 867220
2026-04-01 12:12:07 | DEBUG | Encoding detection: Unable to determine any suitable charset.
2026-04-01 12:12:07 | WARNING | No div#main found for https://www.w3schools.com/js/js_study_plan.png, skipping
2026-04-01 12:12:07 | DEBUG | Saved cleaned page: scraper/raw_html\js__js_study_plan.png.json
2026-04-01 12:12:08 | DEBUG | Starting new HTTPS connection (1): www.w3schools.com:443
2026-04-01 12:12:10 | DEBUG | https://www.w3schools.com:443 "GET /python/python_study_plan.png HTTP/1.1" 200 293902
2026-04-01 12:12:11 | DEBUG | Encoding detection: Unable to determine any suitable charset.
2026-04-01 12:12:11 | WARNING | No div#main found for https://www.w3schools.com/python/python_study_plan.png, skipping
2026-04-01 12:12:11 | DEBUG | Saved cleaned page: scraper/raw_html\python__python_study_plan.png.json
2026-04-01 12:12:12 | INFO | Already scraped, loading from disk: https://www.w3schools.com/sql/SQL_syllabus.asp
2026-04-01 12:12:13 | DEBUG | Starting new HTTPS connection (1): www.w3schools.com:443
2026-04-01 12:12:15 | DEBUG | https://www.w3schools.com:443 "GET /sql/sql_study_plan.png HTTP/1.1" 200 809761
2026-04-01 12:12:16 | DEBUG | Encoding detection: Unable to determine any suitable charset.
2026-04-01 12:12:16 | WARNING | No div#main found for https://www.w3schools.com/sql/sql_study_plan.png, skipping
2026-04-01 12:12:16 | DEBUG | Saved cleaned page: scraper/raw_html\sql__sql_study_plan.png.json
2026-04-01 12:12:17 | DEBUG | Starting new HTTPS connection (1): www.w3schools.com:443
2026-04-01 12:12:19 | DEBUG | https://www.w3schools.com:443 "GET /react/react_es6_array_methods.asp HTTP/1.1" 200 40181
2026-04-01 12:12:20 | DEBUG | Saved cleaned page: scraper/raw_html\react__react_es6_array_methods.json
2026-04-01 12:12:21 | DEBUG | Starting new HTTPS connection (1): www.w3schools.com:443
2026-04-01 12:12:22 | DEBUG | https://www.w3schools.com:443 "GET /react/react_memo.asp HTTP/1.1" 200 40725
2026-04-01 12:12:23 | DEBUG | Saved cleaned page: scraper/raw_html\react__react_memo.json
2026-04-01 12:12:24 | DEBUG | Starting new HTTPS connection (1): www.w3schools.com:443
2026-04-01 12:12:24 | DEBUG | https://www.w3schools.com:443 "GET /react/react_study_plan.png HTTP/1.1" 200 313477
2026-04-01 12:12:24 | DEBUG | Encoding detection: Unable to determine any suitable charset.
2026-04-01 12:12:24 | WARNING | No div#main found for https://www.w3schools.com/react/react_study_plan.png, skipping
2026-04-01 12:12:24 | DEBUG | Saved cleaned page: scraper/raw_html\react__react_study_plan.png.json
2026-04-01 12:12:25 | DEBUG | Starting new HTTPS connection (1): www.w3schools.com:443
2026-04-01 12:12:26 | DEBUG | https://www.w3schools.com:443 "GET /css/css_list_styling.asp HTTP/1.1" 200 43342
2026-04-01 12:12:27 | DEBUG | Saved cleaned page: scraper/raw_html\css__css_list_styling.json
2026-04-01 12:12:28 | DEBUG | Starting new HTTPS connection (1): www.w3schools.com:443
2026-04-01 12:12:29 | DEBUG | https://www.w3schools.com:443 "GET /css/css_form_styling.asp HTTP/1.1" 200 45479
2026-04-01 12:12:30 | DEBUG | Saved cleaned page: scraper/raw_html\css__css_form_styling.json
2026-04-01 12:12:31 | DEBUG | Starting new HTTPS connection (1): www.w3schools.com:443
2026-04-01 12:12:33 | DEBUG | https://www.w3schools.com:443 "GET /js/js_loop_forof.asp HTTP/1.1" 200 42732
2026-04-01 12:12:33 | DEBUG | Saved cleaned page: scraper/raw_html\js__js_loop_forof.json
2026-04-01 12:12:34 | INFO | Loaded 830 saved pages from raw_html/
2026-04-01 12:12:34 | INFO | Total pages loaded: 830
2026-04-01 12:12:36 | INFO | Saved 1345 records to scraper/chunks.json
